tarih,icerik,orijinal_url
2023-01-20,"[Tarih: 2023-01-20] Erasmus+ Genlik Deiimi Program pek Yolu'nun lk Uluslararas Projesi ""Better Together"" 8 gn 6 lke 60 Gen pek Yolu Uluslararas ocuk ve Genlik almalar Merkezi Erasmus+ Youth Exchange Program The First International Project of the pek Yolu ""Better Together"" 8 days 6 Countries 60 Young pek Yolu International Child and Youth Works Center",https://www.instagram.com/p/CnpHv_QB0Il/
2023-12-04,[Tarih: 2023-12-04] Kuluka merkezimizle hayallerinize bir adm daha yaknsnz,https://www.instagram.com/p/C0cHyeSIpbF/
2023-06-09,[Tarih: 2023-06-09] Bir uluslararas proje daha baaryla tamamland Erasmus + projesiyle 5 lkeden 40 gen pek Yolu Uluslararas ocuk ve Genlik almalar Merkezi'nde bulutu . Yine yeniden pek Yolunda bulualm,https://www.instagram.com/p/CtQ6iaPor_a/
2025-11-08,"[Tarih: 2025-11-08] Elazda teknoloji dolu bir renme serisi balyor! i birliiyle 5 zel eitimi genlerle buluturuyoruz. Teknolojiye ilgi duyuyor, yeteneklerini gelitirmek istiyor veya kariyerine gl bir adm atmak istiyorsan bu eitimler tam sana gre. retken Yapay Zek Aralar Eitimi nsansz Hava Aralar Kullanm Atlyesi ROS2 ile AMR (Otonom Mobil Robot) Gelitirme Atlyesi Python ile Uygulama Gelitirme Atlyesi Elektronik Gelitirme Kart ile IoT Eitimi balyor! Eitimlerimiz CRETSZ Son Bavuru: 23 Kasm 2025 Bavuru ve detay: btkakademi.gov.trde",https://www.instagram.com/p/DQzlg1tjU92/
2025-10-25,"[Tarih: 2025-10-25] niversite rencilerine zel 3D Tasarm ve Yazc Eitimi Balad! Bu eitimde 3 boyutlu tasarmn temellerini reniyor, kendi modellerimizi oluturuyor ve 3D yazclarla retim srecini uygulamal olarak deneyimliyoruz. Teori ve pratii birletiren bu eitim, fikirlerini geree dntrmek isteyenler iin nemli bir balang sunuyor.",https://www.instagram.com/p/DQPF8nyDAS6/
2025-10-21,"[Tarih: 2025-10-21] niversite rencileri iin 3 Boyutlu Tasarm ve Yazc Kullanm Eitimi! 3D yazc prensipleri, modelleme, bask malzemeleri ve daha fazlasn uzman eitmenlerden renme frsat! Eitim Yeri: pek Yolu Uluslararas ocuk ve Genlik almalar Merkezi / Elaz Eitim Tarihi: 25 26 Ekim 2025 Saatler: 10:00 17:00 Son Bavuru Tarihi: 24 Ekim 2025 Saat 12:00 Detaylar ve Kayt: Profildeki linkten ulaabilirsiniz.",https://www.instagram.com/p/DQECrVUjKpM/
2025-10-19,"[Tarih: 2025-10-19] pek Yolu Uluslararas ocuk ve Genlik almalar Merkezi lim Yayma Vakf Mtevelli Heyeti Bakan Sayn Necmettin Bilal ERDOAN nclnde, Elaz Valimiz Sayn Numan HATPOLU ve AK Parti Trk Devletleri ile likilerden Sorumlu Genel Bakan Yardmcs Sayn Krat ZORLU, merkezimizde genlerle bir araya geldi. Ziyarette, Kltr ve Turizm Bakan Yardmcs Sayn Batuhan MUMCU, Milletvekillerimiz Prof. Dr. Sayn Erol KELE, Sayn Ejder AIKKAPI, Sayn Mahmut Rdvan NAZIRLI ve Elaz l zel daresi Genel Sekreteri Sayn Cemil Yatkn da yer ald. Heyet, merkezimizde yrtlen projeler hakknda Genel Koordinatrmz Sayn Hakan Karabuluttan bilgi ald.",https://www.instagram.com/p/DP-_wakjDc9/
2025-10-18,"[Tarih: 2025-10-18] pek Yolu Uluslararas ocuk ve Genlik almalar Merkezi lim Yayma Vakf Mtevelli Heyeti Bakan Sayn Necmettin Bilal ERDOAN nclnde, Elaz Valimiz Sayn Numan HATPOLU ve AK Parti Trk Devletleri ile likilerden Sorumlu Genel Bakan Yardmcs Sayn Krat ZORLU, merkezimizde genlerle bir araya geldi. Ziyarette, Kltr ve Turizm Bakan Yardmcs Sayn Batuhan MUMCU, Milletvekillerimiz Prof. Dr. Sayn Erol KELE, Sayn Ejder AIKKAPI, Sayn Mahmut Rdvan NAZIRLI ve Elaz l zel daresi Genel Sekreteri Sayn Cemil Yatkn da yer ald. Heyet, merkezimizde yrtlen projeler hakknda Genel Koordinatrmz Sayn Hakan Karabuluttan bilgi ald. Genlerin geliimi ve geleceine katk salayan bu anlaml ziyaretleri iin tm misafirlerimize teekkr ederiz.",https://www.instagram.com/p/DP9taDfDWd8/
2025-10-08,"[Tarih: 2025-10-08] Game Day Balyor! Elence, rekabet ve heyecan dolu bir gn seni bekliyor! Neden Katlmalsn? Kyasya rekabetin heyecann yaa. Yeni insanlarla tan, elenceli bir toplulukla vakit geir. Gnlk stresini at, elencenin ve dostluun tadn kar. Hazrsan, Game Day seni aryor! Tarih: 12 Ekim 2025 Yer: pek Yolu Uluslararas ocuk ve Genlik almalar Merkezi / Elaz Son Bavuru: 10 Ekim 2025 - 12.00 Elence balasn, oyun seninleolsun! Bavuru ve tm detaylar bio'daki linkte!",https://www.instagram.com/p/DPirYc0DFCs/
2025-10-06,[Tarih: 2025-10-06] 100 mhendis ite byle elenir,https://www.instagram.com/p/DPdqZiojOa4/
2025-10-05,[Tarih: 2025-10-05] 100 mhendis nasl elenir ? diye sorduk Harika cevaplar aldk Birbirinden keyifli aktiviteler ile mhendis genlerimizle muhteem bir gn geirdik . Hepiniz ho geldiniz. 100 mhendis nasl elenir? te byle,https://www.instagram.com/p/DPb4C9nDJbX/
2025-10-05,"[Tarih: 2025-10-05] ""100 Mhendis Nasl Elenir"" etkinlii, pek Yolu Uluslararas ocuk ve Genlik almalar Merkezi'nde balad Etkinlik kapsamnda; * Srpriz aktiviteler, * Ekip almalar, * Balant kurma faaliyetleri, * Takm oyunlar, * Teknoloji ve elenceyi bir araya getiren renme deneyimleri sunulmaktadr.",https://www.instagram.com/p/DPbYK-GjPCD/
2025-10-04,"[Tarih: 2025-10-04] Hazrz, Gvendeyiz Elaz pek Yolu Uluslararas ocuk ve Genlik almalar Merkezi Gnlllk ruhuyla atlan her adm; Birlikte renmek, Birlikte glenmek demektir.",https://www.instagram.com/p/DPZYyR1jZ8s/
2025-10-04,"[Tarih: 2025-10-04] Afetten Etkilenen Genlerin Glendirilmesi Destek Program kapsamnda yrtlen pek Yolu Afet Gnllleri Projesi erevesinde, gereini aratmayan bir tatbikat gerekletirildi. Genlik ve Spor Bakanl Bakan Yardmcs Do. Dr. Safa Koolu hem tesisi ziyaret ederek incelemelerde bulundu hem de tatbikata katlarak gnlllerimizin heyecanna ortak oldu. Tatbikata; Elaz Vali Yardmcs mer zbay, Elaz l zel dare Genel Sekreteri Cemil Yatkn, ve eitli kurumlarmzn kymetli temsilcileri katlm salad. Afetlere hazrlkl, bilinli ve gl bir genlik iin almaya devam ediyoruz!",https://www.instagram.com/p/DPZYXXCjQmR/
2025-10-03,"[Tarih: 2025-10-03] Yeilay ve pek Yolu Uluslararas ocuk ve Genlik almalar Merkezi ortaklyla ""Afetten Etkilenen Genlerin Glendirilmesi Destek Program"" kapsamnda ""pek Yolu Afet Gnllleri Projesi devam ediyor pekyolu Uluslararas ocuk ve Genlik almalar Merkezi afet eitim sahasnda uygulamal olarak afad yetkilileri tarafndan eitim verildi",https://www.instagram.com/p/DPWUbD5jGrD/
2025-10-02,"[Tarih: 2025-10-02] Yeilay ve pek Yolu Uluslararas ocuk ve Genlik almalar Merkezi ortaklyla ""Afetten Etkilenen Genlerin Glendirilmesi Destek Program"" kapsamnda ""pek Yolu Afet Gnllleri Projesi devam ediyor",https://www.instagram.com/p/DPTVfFSjHV8/
2025-10-01,"[Tarih: 2025-10-01] Yeilay ve pek Yolu Uluslararas ocuk ve Genlik almalar Merkezi ortaklyla ""Afetten Etkilenen Genlerin Glendirilmesi Destek Program"" kapsamnda ""pek Yolu Afet Gnllleri Projesi balad",https://www.instagram.com/p/DPRxvcnjeNe/
2025-09-29,"[Tarih: 2025-09-29] 100 Mhendis Nasl Elenir? Teknoloji, elence ve inovasyon dolu bir gne hazr msn? Mhendislik ile elenceyi birletireceimiz, zgn mhendisliinizi konuturacamz bu etkinlikte seni de aramzda grmek iin sabrszlanyoruz! Peki, Neden Katlmalsn? Srpriz aktivitelerle hem elen hem ren. Senin gibi dnen mhendislerle tan, gelecee yn verecek balantlar kur. Teknoloji ve elenceyi bir araya getirerek harika bir deneyim yaa. Ekip almasnn gcn kefet! Bu macerann bir paras olmak iin hemen bavuru yap! Tarih: 5 Ekim 2025 Yer: pek Yolu Uluslararas ocuk ve Genlik almalar Merkezi Son Bavuru: 3 Ekim 2025, saat 12:00 Bavuru ve tm detaylar bio'daki linkte!",https://www.instagram.com/p/DPL2w7cjOyC/
2025-09-23,"[Tarih: 2025-09-23] Afetten Etkilenen Genlerin Glendirilmesi Projesi kapsamnda genlerimizle buluuyoruz! Yeilay i birliiyle dzenleyeceimiz eitimlerde; salkl yaam, bilinli alkanlklar ve afetlere kar dayankllk zerine birlikte reniyor, birlikte gleniyoruz. Bavurular biodaki linkte! Sen de gelecee umut olmak iin bize katl!",https://www.instagram.com/p/DO8e7xZDFCt/
2025-09-22,"[Tarih: 2025-09-22] YELAY YAZ KAMPLARI DEVAM EDYOR Elaz pek Yolu Uluslararas ocuk ve Genlik almalar Merkezi Ya snr: 18-50 ya Not: Kamplarmz cretsizdir. Konaklama ve yemek cretleri Yeilay tarafndan karlanacak, katlmclar yalnzca ulam masraflarn stlenecektir. Kamplarda Neler Var? Eitim Faaliyetleri Kltr ve Sanat Etkinlikleri Sportif Aktiviteler Doa Keifleri Atlye ve Beceri Geliimi Motivasyon ve Elence Hem elenmek, hem renmek, hem de doayla i ie bir yaz geirmek istiyorsan Yeilay Kamplar tam sana gre Kamp dnemleri: 26-30 Eyll Bavuru bioda",https://www.instagram.com/p/DO5UggUjEkL/
2025-09-17,[Tarih: 2025-09-17] Yeilay Genlik ve Gnlllk Kamp pekyolu Uluslararas ocuk ve Genlik almalar Merkezinde balad,https://www.instagram.com/p/DOsbmiZDNhy/
2025-09-06,[Tarih: 2025-09-06] Yeilay Kulp Bakanlar Deneyim ve Motivasyon Kamp Atlye almalar ile pek Yolu Uluslararas ocuk ve Genlik almalar Merkezinde devam ediyor,https://www.instagram.com/p/DOQXssrjd7A/
2025-09-05,"[Tarih: 2025-09-05] Yeilay Kulp Bakanlar Deneyim ve Motivasyon Kamp Bamllk Endstrisi konusu ile pek Yolu Uluslararas ocuk ve Genlik almalar Merkezinde dopdolu bir ekilde devam ediyor! Genlerimizin farkndaln artrmak, bamllklara kar bilinli bir duru gelitirmek ve salkl yaam tevik etmek iin bir aradayz.",https://www.instagram.com/p/DOOpFrYjNwZ/
2025-09-05,"[Tarih: 2025-09-05] Yeilay Kulp Bakanlar Deneyim ve Motivasyon Kamp pek Yolu'nda ""Ba"" konu bal ile devam ediyor",https://www.instagram.com/p/DONq99pCDve/
2025-09-04,[Tarih: 2025-09-04] Yeilay Klp Bakanlar Deneyim ve Motivasyon Kamp pek Yolu Uluslararas ocuk ve Genlik almalar Merkezinde balad . Ho geldiniz,https://www.instagram.com/p/DOLBjWFjJuv/
2025-08-30,"[Tarih: 2025-08-30] Bir hilalin glgesinde biriz, birlikteyiz. 30 Austos Zafer Bayram kutlu olsun!",https://www.instagram.com/p/DN99O0QjNPj/
2025-08-29,"[Tarih: 2025-08-29] Yeilay Genlik Komisyonu Bakanlar Deneyim ve Motivasyon Kamp, pekyolu Uluslararas ocuk ve Genlik almalar Merkezinde balad! Genlik liderlerimiz, salkl yaam kltrn yaygnlatrmak ve gelecee daha gl admlar atmak iin bir araya geldi. Birlikte reniyor, paylayor ve motivasyonumuzu artryoruz.",https://www.instagram.com/p/DN7gs-PDMNj/
2025-08-26,"[Tarih: 2025-08-26] Milli Eitim Bakan Yardmcs Nazif Ylmaz, pekyolu Uluslararas ocuk ve Genlik almalar Merkezini ziyaret etti. Ziyarette, l zel daresi Genel Sekreteri Cemil Yatkn, tesiste yrtlen almalar hakknda bilgi verdi. Genler iin yaplan bu deerli almalar, eitim ve geliim yolunda nemli katklar sunmaya devam ediyor.",https://www.instagram.com/p/DN0YVSrWLJ8/
2025-08-25,[Tarih: 2025-08-25] Yeilay Kadn Komisyonu Kamp pek Yolu Uluslararas ocuk ve Genlik almalar Merkezinde tamamlad,https://www.instagram.com/p/DNyuFiCWl17/
2025-08-25,[Tarih: 2025-08-25] Yeilay Kadn komisyonu Kamp pekyolu'nda devam ediyor Mutfak atlyesi Katlmclarmz mutfak atlyesinde,https://www.instagram.com/p/DNx6xWo2Mgy/
2025-08-25,[Tarih: 2025-08-25] Yeilay kadn komisyonu Kamp pekyolu'nda devam ediyor Gne Atlye almalar ve Drama Eitimi ile baladk,https://www.instagram.com/p/DNxSMqn2rjo/
2025-08-21,[Tarih: 2025-08-21] Yeilay Proje Yazma Kamp pekyolu Uluslararas ocuk ve Genlik almalar Merkezinde Avrupa Frsatlar Eitimi ile devam ediyor,https://www.instagram.com/p/DNm6_qotHEl/
2025-08-20,[Tarih: 2025-08-20] Yeilay Proje Yazma Kamp atlye almalar ile devam ediyor,https://www.instagram.com/p/DNknDkvNZ-F/
2025-08-20,"[Tarih: 2025-08-20] Yeilay ""Proje Yazma Kamp"" pek Yolu Uluslararas ocuk ve Genlik almalar Merkezinde Bamllk Endstrisi konu bal ile devam ediyor",https://www.instagram.com/p/DNkY3F6thZZ/
2025-08-14,"[Tarih: 2025-08-14] Yeilay Salkl Yaam ve Mutfak Becerileri Kamp tm enerjisiyle devam ediyor! Genlerimiz, salkl yaam destekleyen bilgileri renirken mutfakta da yeni lezzetler kefetmeye devam ediyor.",https://www.instagram.com/p/DNWDrGGtZ2Z/
2025-08-12,"[Tarih: 2025-08-12] Yeilay Salkl Yaam ve Mutfak Becerileri Kamp, pekyolu Uluslararas ocuk ve Genlik almalar Merkezinde balad! Genlerimiz hem salkl yaam alkanlklarn reniyor hem de mutfakta keyifli tarifler deneyerek becerilerini gelitiriyor.",https://www.instagram.com/p/DNQ7hx8tLNT/
2025-08-08,"[Tarih: 2025-08-08] Dayanma Kprleri: Konteyner Kentlerde Umut ve yileme Gaziantep / 2024-1-TR01-ESC30-SOL-000228807 Avrupa Dayanma Program kapsamnda yrttmz Dayanma Kprleri projesiyle, Nurda ve slahiyedeki konteyner yaam alanlarnda ocuklarla yeniden umut ina ediyoruz. Birlikte oyunlar oynuyor, renkli hayaller iziyor, masallarn iyiletirici gcne sarlyoruz. Psikososyal destek almalaryla ocuklarn yaad travmalar birlikte onaryor, dayanmann scaklyla yaralar iyiletiriyoruz. Depremin ardndan yalnzca binalar deil, hayaller de sarsld. Ama biz biliyoruz ki, her ocuun tebessm yeniden filizlenen bir umuttur. Bu corafyada umudu yeniden yeertmek iin buradayz. nk birlikte iyilemek mmkndr. Ve biz, bu iyilemenin tam kalbindeyiz.",https://www.instagram.com/p/DNGIktdtGsc/
2025-08-07,"[Tarih: 2025-08-07] Dayanma Kprleri: Konteyner Kentlerde Umut ve yileme Hatay 2024-1-TR01-ESC30-SOL-000228807 Avrupa Dayanma Program kapsamnda yrttmz projemizle Hataydaki konteyner kentlerde ocuklarla bir araya gelmeye devam ediyoruz. Oyunlar oynuyor, resimler yapyor, masallar anlatyoruz Psikososyal destek almalaryla, ocuklarmzn yaralarn birlikte saryor, umut dolu anlar ina ediyoruz. Depremin ilk gnnden bu yana kesintisiz sren dayanmamzla, her glmsemede yeniden g buluyoruz. nk biliyoruz ki birlikte iyileiriz.",https://www.instagram.com/p/DNDfBNutQ3g/
2025-08-05,"[Tarih: 2025-08-05] Yeilay Ekrandan Uzak Beceri Gelitirme Kamp, unutulmaz anlarla dolu bir kamp atei etkinliiyle sona erdi. Son geceye pek Yolu Genel Koordinatrmz Hakan Karabulut da elik ederek genlerle bir araya geldi, keyifli sohbetler ve paylamlar yapld. Ekranlardan uzak, dostluk ve dayanma dolu bu gzel kamp birlikte tamamladk.",https://www.instagram.com/p/DM_ODOotlgu/
2025-08-05,"[Tarih: 2025-08-05] Yeilay Ekrandan Uzak Beceri Gelitirme Kamp El Becerileri Atlyesi ile genlerimiz hem odaklanma yetilerini gelitirdi hem de retmenin keyfini yaad. Ekranlardan uzak, emee ve yaratcla yakn bir gn geirdik!",https://www.instagram.com/p/DM9u_lYN4S4/
2025-08-04,"[Tarih: 2025-08-04] Yeilay Ekrandan Uzak Beceri Gelitirme Kampnda bugn uygulamal Yangn Sndrme Eitimi gerekletirildi! AFAD uzmanlar eliinde genlerimiz, yangn annda nasl mdahale edileceini pratikte deneyimleyerek rendi. Bilinli nesiller, gvenli yarnlar iin eitimlerle gleniyoruz!",https://www.instagram.com/p/DM8GzgJNoBL/
2025-08-04,"[Tarih: 2025-08-04] Yeilay Ekrandan Uzak Beceri Gelitirme Kamp kapsamnda, AFAD i birliiyle Afet Farkndalk Eitimi gerekletirildi! Genlerimiz, olas afetlere kar nasl hazrlkl olunmas gerektiini rendi; doru bilgi ve reflekslerle kendilerini ve evrelerini koruma konusunda bilin kazand. Afetlere kar gl bireyler, salkl bir toplum iin bir adm daha attk!",https://www.instagram.com/p/DM7vGd1NtsM/
2025-08-04,"[Tarih: 2025-08-04] Yeilay Ekrandan Uzak Beceri Gelitirme Kamp, pekyolunda tm enerjisiyle devam ediyor! Genlerimiz ekranlardan uzaklaarak el becerilerini gelitiriyor, doayla i ie keyifli ve retici vakit geiriyor. Yeil bir gelecek iin bamllklardan uzak, becerilerle dolu bir yaam birlikte ina ediyoruz",https://www.instagram.com/p/DM7cjO9t31b/
2025-08-02,"[Tarih: 2025-08-02] Kamera Arkasndan Hayata! Genlik ve Spor Bakanl ile ANKADER i birliinde, pekyolu Uluslararas ocuk ve Genlik almalar Merkezi ev sahipliinde gerekleen Kamera Arkasndan Hayata ksa film projesi; depremden etkilenen 11 ilden 50 gencin katlmyla Elazda hayat buldu. Eitim kamp srecinde genler, yaama tutunma hikyelerini kendi gzlerinden ksa filmlerle anlatt. Kamp sonunda dzenlenen Ksa Film Yarmas dl Treni ile retimler dllendirildi. Trende, projeye katklarndan dolay pekyolu Tantm Medya Koordinatrlne plaket takdim edildi.",https://www.instagram.com/p/DM3I3mmNvye/
2025-07-31,[Tarih: 2025-07-31] pek yolu Uluslararas ocuk ve Genlik almalar Merkezi Tantm ve Medya Koordinatrlmz tarafndan hazrlanan Aknc HA filmi yerel ve ulusal basnda byk ilgi grd. her zaman ve her alanda devletimize hizmet etmeye devam edeceiz. Gelitirdiimiz yerli ve milli teknolojilerin yannda medya alannda da milletimize hizmet etmekten gurur duyuyoruz,https://www.instagram.com/p/DMyI3CEtZxW/
2025-07-29,"[Tarih: 2025-07-29] Doayla Uyum inde! Yeilay Genlik ve Gnlllk Kampnda, pekyolu Uluslararas ocuk ve Genlik almalar Merkezinde bugn Doada Yaam konusu ilendi. Genlerimiz; doada hayatta kalma becerileri, doal kaynaklarn doru kullanm ve evreyle dost yaam zerine hem teorik hem uygulamal bilgiler edindi. Doaya sayg duymann ve onunla uyum iinde yaamann nemini bir kez daha fark ettiler.",https://www.instagram.com/p/DMsh6GDthEm/
2025-07-29,"[Tarih: 2025-07-29] Yeilay Genlik ve Gnlllk Kamp'nda, pekyolu Uluslararas ocuk ve Genlik almalar Merkezinde halk oyunlar ve sokak oyunlar istasyonlaryla geleneksel kltrmz canland! Genlerimiz hem ritim duygularn halk ezgileriyle glendirdi hem de unutulmaya yz tutmu sokak oyunlaryla gemiin elencesini yeniden yaad. Dayanma, nee ve kltrel balarn ne kt bu istasyonlar kampn en renkli anlarna sahne oldu.",https://www.instagram.com/p/DMscU-4N-r1/
2025-07-29,"[Tarih: 2025-07-29] Farkndalkla Gleniyoruz! Yeilay Genlik ve Gnlllk Kampnda, pekyolu Uluslararas ocuk ve Genlik almalar Merkezi ev sahipliinde genlerimize Bamllk Endstrisi hakknda eitim verildi. Genlerimiz, bamllklarn sadece bireysel deil; ayn zamanda kresel bir endstrinin paras olduunu rendi. Eletirel bak as kazanarak bilinli tketim ve salkl yaam konusunda nemli bir adm attlar.",https://www.instagram.com/p/DMsJu2JNig6/
2025-07-28,"[Tarih: 2025-07-28] Elaz Milletvekilimiz Prof. Dr. Erol Kele, pekyolu Uluslararas ocuk ve Genlik almalar Merkezimizi ziyaret ederek Yeilay Gnllleri ile bir araya geldi.",https://www.instagram.com/p/DMqiQSEt64h/
2025-07-28,"[Tarih: 2025-07-28] Elaz Milletvekilimiz Prof. Dr. Erol Kele, pekyolu Uluslararas ocuk ve Genlik almalar Merkezimizi ziyaret ederek Yeilay Gnllleri ile bir araya geldi. Genlerle bir arada bulunmann nemine dikkat eken Sayn Kele, salkl yaam, bamllkla mcadele ve gnlllk almalar hakknda gnlllerle samimi bir sohbet gerekletirdi. Ziyaretlerinden dolay teekkr eder, genlerin yannda olan tm kymetli destekilere minnettarz.",https://www.instagram.com/p/DMqgAgENY0-/
2025-07-28,[Tarih: 2025-07-28] Yeilay gnlllk Kamp pekyolu'nda balad,https://www.instagram.com/p/DMqeM4xtTor/
2025-07-25,"[Tarih: 2025-07-25] Unutulmaz Anlarla Veda! Yeilay Genlik ve Gnlllk Kamp, pekyolu Uluslararas ocuk ve Genlik almalar Merkezinde kamp atei eliinde sona erdi. Gnlllk, dayanma ve farkndalkla dolu bu zel kamp; genlerin dostluklarn pekitirdii, rendiklerini paylat, yldzlarn altnda anlar biriktirdii anlaml bir finalle tamamland. Teekkrler gen gnlller!",https://www.instagram.com/p/DMiy5H0tmp9/
2025-07-25,"[Tarih: 2025-07-25] Yeilay Genlik ve Gnlllk Kampnda, pekyolu Uluslararas ocuk ve Genlik almalar Merkezinde bamllk konusu ele alnd. Genlerimiz, bamllk trlerini, etkilerini ve bu sorunla nasl mcadele edilebileceini uzmanlar eliinde rendi. Bilinli bireyler olma yolunda farkndalk kazanan katlmclar, salkl yaamn nemine bir kez daha dikkat ekti.",https://www.instagram.com/p/DMhddkGNpo6/
2025-07-24,"[Tarih: 2025-07-24] Yeilay Genlik ve Gnlllk Kampnda letiim Becerileri Eitimi! Genlerimizle birlikte etkili iletiimin yollarn kefettik, empati, aktif dinleme ve doru ifade teknikleri zerine interaktif bir eitim gerekletirdik. Gnllln temel talarndan biri olan salkl iletiimi glendirmek iin hep birlikte rendik, gelitik!",https://www.instagram.com/p/DMe0xvrNNS0/
2025-07-23,"[Tarih: 2025-07-23] Yeilay Genlik ve Gnlllk Kampnda, pekyolu Uluslararas ocuk ve Genlik almalar Merkezi ev sahipliinde oryantiring etkinlii dzenlendi! Hem fiziksel hem zihinsel becerilerin ne kt bu etkinlik, takm ruhunu ve stratejik dnmeyi pekitirdi.",https://www.instagram.com/p/DMdLydQNvWA/
2025-07-23,"[Tarih: 2025-07-23] Yeilay Genlik ve Gnlllk Kampnda, pekyolu Uluslararas ocuk ve Genlik almalar Merkezi ev sahipliinde teorik ve uygulamal okuluk eitimi gerekletirildi! Genlerimiz hem okuluun tarihsel ve kltrel ynlerini rendi hem de sahada birebir deneyim kazanarak odaklanma, denge ve sabr becerilerini gelitirdi. Geleneksel sporlara olan ilgiyi artran bu eitim, kampn unutulmaz anlarndan biri oldu.",https://www.instagram.com/p/DMc9H95NX0n/
2025-07-23,"[Tarih: 2025-07-23] retiyoruz, reniyoruz! Yeilay Genlik ve Gnlllk Kamp kapsamnda, pekyolu Uluslararas ocuk ve Genlik almalar Merkezinde Sabun Yapm Atlyesi dzenlendi! Genlerimiz hem doal ve salkl sabunlar retmeyi rendi hem de el emeinin deerini kefetti. Atlye boyunca ortaya kan renkli ve mis kokulu sabunlar kampn en keyifli anlarndan biri oldu.",https://www.instagram.com/p/DMc3mnCN_wK/
2025-07-23,"[Tarih: 2025-07-23] Yeilay Genlik ve Gnlllk Kamp'nda bugn Bamllk Endstrisi konusu ele alnd. pekyolu Uluslararas ocuk ve Genlik almalar Merkezinin ev sahipliinde gerekleen kampta genlerimiz bamllklarn sadece bireysel deil; ayn zamanda toplumsal bir mesele olduunu ve bu alandaki endstrinin nasl ilediini derinlemesine renme frsat buldu. Eletirel dnme, bilinli tketim ve direnli bireyler olma yolunda nemli bir adm atld.",https://www.instagram.com/p/DMcb8LzNM5l/
2025-07-22,"[Tarih: 2025-07-22] pekyolunda Yeni Bir Balang! Yeilay Genlik ve Gnlllk Kamp pekyolu Uluslararas ocuk ve Genlik almalar Merkezinde balad! Farkl ehirlerden gelen genlerimiz, doayla i ie, dayanma ve gnlllk temelli bir kamp srecine adm att. Eitimler, atlyeler ve takm almalaryla dolu dolu geecek bu kamp, genlerin kiisel geliimlerine katk salayacak, unutulmaz anlara ev sahiplii yapacak.",https://www.instagram.com/p/DMa0OHKN0Ft/
2025-07-22,"[Tarih: 2025-07-22] Elaz Belediyesi Yaz Okullar kapsamnda eitim alan renciler, pekyolu Uluslararas ocuk ve Genlik almalar Merkezimizi ziyaret etti. Merkezimizde gerekletirilen gezide renciler hem elenceli vakit geirdi hem de eitli atlye ve etkinliklerle kendilerini gelitirme frsat buldu.",https://www.instagram.com/p/DMaEmrYNNLB/
2025-07-19,[Tarih: 2025-07-19] pekyolu Yeilay Kapm Lideri Yetitirme Kamp ipekyolu Uluslararas ocuk ve Genlik almalar Merkezinde ate banda unutulmaz bir veda gecesi ile tamamlad,https://www.instagram.com/p/DMTdBYgtJg5/
2025-07-18,"[Tarih: 2025-07-18] Yeilay Kamp Lideri Yetitirme Kamp'nda ynmz doada bulduk! Bugnk programda katlmclarmzla birlikte Oryantiring Eitimi gerekletirdik. Doayla uyum iinde, liderlik yolculuumuza devam ediyoruz!",https://www.instagram.com/p/DMQ2VVdNyQC/
2025-07-18,"[Tarih: 2025-07-18] Yeilay Kamp Lideri Yetitirme Kamp'nda ynmz doada bulduk! Bugnk programda katlmclarmzla birlikte Oryantiring Eitimi gerekletirdik. Doayla uyum iinde, liderlik yolculuumuza devam ediyoruz!",https://www.instagram.com/p/DMQdyVhNF_M/
2025-07-18,[Tarih: 2025-07-18] yle bir sevda tarif edilemez,https://www.instagram.com/p/DMQFlC7Nhxc/
2025-07-18,[Tarih: 2025-07-18] Yeilay pekyolu Kamp Lideri Yetitirme Kamp,https://www.instagram.com/p/DMP5hqMNF4b/
2025-07-18,"[Tarih: 2025-07-18] Yeilay Kamp Lideri Yetitirme Kamp'nda bugnn oda: Liderlik ve Ekip Ynetimi! Katlmclar, rol paylam, gven inas, karar alma ve etkili iletiim zerine uygulamal almalar yaparak ekip olmann gcn deneyimledi. Her bireyin katksyla gl ekipler, gl bir gelecek!",https://www.instagram.com/p/DMPnafHNA4F/
2025-07-17,"[Tarih: 2025-07-17] Yeilay Kamp Lideri Yetitirme Kamp' Doa bilgisi ve evre koruma eitimi ile katlmclarmz, ekosistemi tanmann ve korumann nemini yerinde rendi. Daha yeil bir gelecek iin bilinleniyor, doaya sahip kyoruz!",https://www.instagram.com/p/DMM1FCdNJ9n/
2025-07-16,[Tarih: 2025-07-16] Yeilay Kamp Lideri Yetitirme Kamp pekyolu Uluslararas ocuk ve Genlik almalar Merkezinde koordinatrl Gkyz Gzlem Etkinlii ile devam ediyor,https://www.instagram.com/p/DMLrkoJtFVi/
2025-07-16,[Tarih: 2025-07-16] Yeilay Kamp Lideri Yetitirme Kamp Tbbi aromatik bitki Eitimi kapsamnda sabun yapm atlyesi gerekletirildi,https://www.instagram.com/p/DMLZwqQNLpr/
2025-07-16,[Tarih: 2025-07-16] Yeilay Kamp Lideri Yetitirme Kamp pekyolu'nda devam ediyor. koordinatrlmz bnyesinde yetitirilen tbbi aromatik bitkileri tandk,https://www.instagram.com/p/DMLBHlqt-_g/
2025-07-16,"[Tarih: 2025-07-16] Yeilay Kamp Lideri Yetitirme Kamp'nda bugn el becerilerimizi gelitirdik! Katlmclarmz, sabrn ve retkenliin birleimi olan Amigurumi eitimi ile kendi el emei rnlerini ortaya koydu. Hem odaklandk hem de keyifli anlar yaadk!",https://www.instagram.com/p/DMKsp57t7Up/
2025-07-16,"[Tarih: 2025-07-16] Yeilay Kamp Lideri Yetitirme Kamp'nda gne atma Ynetimi Eitimi ile baladk! Katlmclarmz, ekip ii iletiimde karlalabilecek atmalar saduyulu ve yapc yollarla zmenin yntemlerini rendi.",https://www.instagram.com/p/DMKKleJNkuU/
2025-07-15,"[Tarih: 2025-07-15] Yeilay Kamp Lideri Yetitirme Kamp, pekyolunda doayla i ie eitimlerle devam ediyor. Katlmclar kampln en temel becerilerinden biri olan Kamp Atei Nasl Yaklr? eitimine katld. Tututurucu seimi, odun dzeni kurma, gvenli ate yakma teknikleri ve doaya zarar vermeden ate sndrme gibi konular uygulamal olarak deneyimlendi.",https://www.instagram.com/p/DMI9zlrtZNf/
2025-07-15,"[Tarih: 2025-07-15] Yeilay Kamp Lideri Yetitirme Kamp, pekyolu'nda dopdolu bir programla devam ediyor. Katlmclar, kampln vazgeilmezi olan kamp atei yakma tekniklerini ve kamp malzemeleri kullanm bilgilerini uygulamal olarak rendi. pekyolu Uluslararas ocuk ve Genlik almalar Merkezinde buluan farkl ehirlerden genler, hem reniyor hem birlikte byyor!",https://www.instagram.com/p/DMIwwnktKvi/
2025-07-15,"[Tarih: 2025-07-15] Yeilay Kamp Modeli Eitimi ile Gleniyoruz! pekyolu Uluslararas ocuk ve Genlik almalar Merkezi'nde devam eden Kamp Lideri Yetitirme Kamp, Yeilay Kamp Modeli eitimiyle zenginleiyor! Katlmclar, kamp liderliine dair teorik bilgileri ve Yeilayn etik, deer temelli kamp yaklamn yakndan reniyor. Bu zel eitimle, gelecein kamp liderleri sadece teknik deil; ayn zamanda deer odakl liderlik anlayyla da donatlyor.",https://www.instagram.com/p/DMHzX4BtxTd/
2025-07-15,"[Tarih: 2025-07-15] Yeilay tarafndan dzenlenen Kamp Lideri Yetitirme Kamp, pekyolu Uluslararas ocuk ve Genlik almalar Merkezi'nde tm hzyla devam ediyor! Program, imdi de genlerin hem fiziksel hem zihinsel geliimini destekleyen kinetik etkinliklerle renkleniyor!",https://www.instagram.com/p/DMHoxD4NYvN/
2025-07-15,"[Tarih: 2025-07-15] pekyolu Uluslararas ocuk ve Genlik almalar Merkezi ev sahipliinde, Yeilay tarafndan dzenlenen Kamp Lideri Yetitirme Kamp balad! Trkiyenin drt bir yanndan gelen genlerin katlmyla gerekleen bu zel kampta; Liderlik becerileri letiim teknikleri Takm almas Bamllkla mcadelede farkndalk gibi birok alanda eitimler ve uygulamal etkinlikler yer alyor. Ho geldiniz genler Ho geldiniz",https://www.instagram.com/p/DMHioAYtzug/
2025-07-11,"[Tarih: 2025-07-11] lhamdan Eyleme Sosyal Giriimcilik altay Tamamland! AB Bakanl Trkiye Ulusal Ajans destekli proje, pekyolu Uluslararas ocuk ve Genlik Merkezi ev sahipliinde 40 ilden 45 gencin katlmyla gerekleti. Genler 5 gn boyunca sosyal giriimcilik zerine fikirler ve politikalar gelitirdi. Sertifika trenine Elaz l zel daresi Genel Sekreteri Sn. Cemil Yatkn ve eitli kamu kurumlarnn temsilcileri katld.",https://www.instagram.com/p/DL-ZqF3Nxre/
2025-07-07,"[Tarih: 2025-07-07] Trkiye Ulusal Ajans tarafndan desteklenen, Ahali Dernei koordinatrlnde yrtlen Genlik novasyonu: Sosyal Giriimcilik Modeli Erasmus+ projesi kapsamnda Elazda bir araya geldik! lhamdan Eyleme: Sosyal Giriimcilik Modeli altay, proje ortamz pek Yolu Genlik ve ocuk Vakf ev sahipliinde, pekyolu Uluslararas ocuk ve Genlik almalar Merkezi'nde gerekleiyor. Bu anlaml altayda; Genlerle birlikte sosyal giriimcilii kefediyor, lham veren rneklerle farkndalk kazanyor, Toplumsal dnmde genlerin gcn aa karyoruz! Proje ortaklarmz: Engelleri An Dernei Yedi klim Dernei SORGED lksenol Genlerin potansiyelini sosyal etkiyle buluturduumuz bu yolculukta, gelecee umutla bakyoruz!",https://www.instagram.com/p/DLzuHDStrz0/
2025-07-01,"[Tarih: 2025-07-01] SS VE BAHE BTKLER YETTRC ETM Yer: pek Yolu Uluslararas ocuk ve Genlik almalar Merkezi Tarih: 9 Temmuz 2025 | Sre: 1 Gn Uygulamal eitim + fide dikimi + sertifika Bavuru 30 ya ve alt genler iindir. Kontenjan snrl, hemen bavur! Son bavuru: 5 Temmuz Bavuru linki profilde",https://www.instagram.com/p/DLjo4iMNgxi/
2025-06-23,"[Tarih: 2025-06-23] Benim Aklm Matematii Keser 2 TBTAK 4004 Doa Eitimi ve Bilim Okullar Program kapsamnda, Elazda pekyolu Uluslararas ocuk ve Genlik almalar Merkezimizde gerekleen projemizde rencilerimizle ilk gn heyecan yaand! Programn balangcnda rencilerimizin birbirini tanmas ve ekip ruhunu glendirmesi amacyla buz krc etkinlikler dzenlendi. Elenceli ve etkileimli oyunlarla renciler hem kaynat hem de projeye enerjik bir balang yapt! Matematik dolu bu yolculukta birlikte renmeye ve kefetmeye devam ediyor",https://www.instagram.com/p/DLPIrujttIS/
2025-06-23,"[Tarih: 2025-06-23] TBTAK 4004 kapsamnda desteklenen Benim Aklm Matematii Keser 2 projemizin al program, pekyolu Uluslararas ocuk ve Genlik almalar Merkezimizde gerekletirildi. Al programna Elaz l Milli Eitim Mdr Mehmet Yiit, Frat niversitesi Rektr Yardmcs Prof. Dr. Mehmet Ylmaz ve eitli kurum temsilcilerimiz katld",https://www.instagram.com/p/DLPFo_fN2a0/
2025-06-23,"[Tarih: 2025-06-23] TBTAK 4004 Doa Eitimi ve Bilim Okullar Program kapsamnda desteklenen Benim Aklm Matematii Keser 2 projesi, 23-28 Haziran 2025 tarihleri arasnda pek Yolu Uluslararas ocuk ve Genlik almalar Merkezi'nde gerekletiriliyor! Elaz'dan seilen, 7. snfa devam eden 30 renci, 19 farkl okuldan, 2 ile ve il merkezinden katlm salyor. 6 gn boyunca tam 29 farkl etkinlikle renciler matematii kefedecek, elenerek renecek! Gelecein problem zcleri burada yetiiyor!",https://www.instagram.com/p/DLO7KS1NZwb/
2025-06-22,"[Tarih: 2025-06-22] pekyoluna Bir Yolculuk, Bin Keif programmzda bilgi dolu keiflerin yan sra sporla dolu anlar da yaadk! rencilerimizle birlikte pek ok spor etkinlii ile hem elendik hem de enerjimizi doayla btnletirdik. Sporun birletirici gcyle unutulmaz bir gn geirdik!",https://www.instagram.com/p/DLMiQQktP_9/
2025-06-22,"[Tarih: 2025-06-22] pek Yolu'na Bir Yolculuk Bin Keif"" programmz, Elaz Valilii koordinasyonunda, l Milli Eitim Mdrl ve Elaz l zel daresi i birliiyle tm hzyla devam ediyor. Bugn rencilerimiz, Elaz Valimiz Numan HATPOLU, l Milli Eitim Mdr Mehmet YT l zel daresi Genel Sekreteri Cemil YATKIN ve birok kymetli kurum temsilcisiyle bir araya geldi. Bu gl destek, yolculuumuzu daha da anlaml klyor. Yeni keiflerle dolu bu gzel yolda, hep birlikteyiz!",https://www.instagram.com/p/DLMcZ6SNGHD/
2025-06-22,"[Tarih: 2025-06-22] Siz artk sadece izleyen deil, anlatan ve reten genlersiniz. Depremzede Genler in Medya Eitimi Projesi tamamland",https://www.instagram.com/p/DLMTHkLNy_6/
2025-06-21,"[Tarih: 2025-06-21] pekyoluna Bir Yolculuk, Bin Keif programmzda, rencilerimizle birlikte lavanta hasad yaptk! Hasadn gerekletirdiimiz lavantalardan elde edilen uucu yalarla doal sabun retimi yaparak hem rendik hem rettik. Doayla i ie, retimle dolu bu deneyim unutulmazd!",https://www.instagram.com/p/DLKGCSwtI7y/
2025-06-21,"[Tarih: 2025-06-21] Doayla e Bir Keif! pekyoluna Bir Yolculuk, Bin Keif programmzda, tbbi aromatik bitkileri tanyarak doann ifal ynlerini kefettik! rencilerimizle birlikte lavantadan biberiyeye, hlamurdan kekik ve adaayna kadar birok bitkinin faydalarn rendik, kokladk ve deneyimledik. Doayla bulutuumuz bu keyifli etkinlikte, hem bilgi kazandk hem de doaya olan farkndalmz artrdk.",https://www.instagram.com/p/DLJ_DenN7a9/
2025-06-21,"[Tarih: 2025-06-21] pekyoluna Bir Yolculuk, Bin Keif balad! Alacakkaya ve Arcak ilelerinden gelen rencilerimizi pekyolu Uluslararas ocuk ve Genlik almalar Merkezimizde arlamaktan mutluluk duyuyoruz! Elaz Valilii nclnde, l Milli Eitim Mdrl ve l zel daresi i birliiyle hayata geirilen bu anlaml program; genlerimizin akademik, sosyal, kltrel, sanatsal ve ahlaki geliimlerine katk sunmay hedefliyor.",https://www.instagram.com/p/DLJ3zyMtfpg/
2025-06-20,"[Tarih: 2025-06-20] Depremzede genler iin dzenlediimiz Medya Eitimi Projesi baaryla tamamland! pekyolu Uluslararas ocuk ve Genlik almalar Merkezi ev sahipliinde, Genlik ve Spor Bakanl ile ANKADER i birliinde hayata geirilen bu zel programda; genler kamera kullanm, kurgu, senaryo yazm ve medya okuryazarl gibi alanlarda bilgi ve beceriler kazand. Genlerin kendi hikyelerini anlatabilecekleri yaratc bir alan sunan eitim sreci; retimle, renmeyle ve dayanmayla dolu geti. Katk sunan tm eitmenlerimize, genlerimize ve destek olan tm kurumlara teekkr ederiz.",https://www.instagram.com/p/DLHdpv9NE22/
2025-06-19,"[Tarih: 2025-06-19] Depremzede Genler in Medya Eitimi Projesi - Final Akam pekyolu Uluslararas ocuk ve Genlik almalar Merkezi Genlik ve Spor Bakanl & ANKADER Birliiyle Depremin yaralarn birlikte sarmak, genlerimize umut ve beceri kazandrmak amacyla dzenlenen Medya Eitimi Projesi, anlaml ve duygusal bir finalle sona erdi. Projenin son akamnda, genlerle ate banda buluarak; Eitim srecini deerlendirdik, Soru-cevap etkinliiyle bilgi ve deneyimlerimizi paylatk, Kamera kullanm, ierik retimi, ksa film almalar zerine sohbet ettik. Genlerimiz bu srete rendikleri teknik bilgilerin yan sra; dayanma, zgven ve ekip ruhu gibi hayat boyu tayacaklar deerleri de kazandlar. Bu zel gece; sadece bir projenin kapan deil, yeni balanglarn ve birlikte retmenin kvlcm oldu. Hepiniz ho geldiniz iyiki geldiniz.",https://www.instagram.com/p/DLF7xUottAL/
2025-06-17,"[Tarih: 2025-06-17] PEK YOLU OLARAK ORTAI OLDUUMUZ PROJEMZ 7-11 TEMMUZ TARHLERNDE GEREKLEECEK. T.C. Ulusal Ajans tarafndan kabul edilen 2024-3-TR01-KA154-YOU-000287249 referans numaral Genlik novasyonu: Sosyal Giriimcilik Modeli Projemizin lhamdan Eyleme Sosyal Giriimcilik altay Balyor! Bu altay, sosyal giriimcilik alannda bilgi ve deneyimlerini gelitirmek isteyen genlere yneliktir. Farkl lkelerin sosyal giriimcilik politikalarn inceleyip, grup almalaryla yeniliki projeler tasarlayacak, mentrlerden geri bildirim alacaksnz. Katlmclar, sosyal etki yaratmaya ynelik somut politika nerileri gelitirme frsat bulacaklar ve program boyunca hem teorik hem uygulamal ieriklerle desteklenecektir! 7-11 Temmuz 2025 | Elaz Grup almalar, yaratc atlyeler, mentr geri bildirimleri ve daha fazlas! Sfrdan sosyal giriim fikirleri gelitirecek ve karar alclar ile buluacaksnz! Proje yeil seyahati desteklemektedir! (Otobs veya tren kullanm zorunludur) Bavuru artlar: 18-30 ya aralnda olmak Sosyal giriimcilik alanna ilgi duymak Motivasyonu yksek olmak Elaz, Batman, Erzincan, Mu, Gaziantep, Van, rnak, anlurfa, Siirt, Bitlis, Malatya, Tunceli, Diyarbakr, Adyaman, Bingl, Ar, Idr, Kars, Ardahan ehirlerinden birinde ikamet etmek",https://www.instagram.com/p/DK_vN_MNpsr/
2025-06-16,"[Tarih: 2025-06-16] Kamera Arkasndan Hayata pekyolu Uluslararas ocuk ve Genlik almalar Merkezinde medya eitimi devam ediyor 11 deprem ilinden gelen katlmclarla gerekletirilen eitimde, genler: Kamera kullanm Senaryo yazm Kurgu ve montaj ekim teknikleri gibi medya alannn temel balklarnda uygulamal eitim alyor. Alannda uzman eitmenlerle yrtlen bu program, Genlik ve Spor Bakanl, ANKADER ve pekyolu Uluslararas ocuk ve Genlik almalar Merkezi i birliiyle dzenleniyor. Afetten etkilenen genlerin yaratcln ortaya karan ve onlarn seslerini duyurmalarn salayan bu anlaml eitimle, kamera arkasndan hayata yeni bir pencere alyor.",https://www.instagram.com/p/DK9sK9Otc26/
2025-06-15,"[Tarih: 2025-06-15] Kamera Arkasndan Hayata pekyolu Uluslararas ocuk ve Genlik almalar Merkezinde medya eitimi balad! 11 deprem ilinden gelen katlmclarla gerekletirilen eitimde, genler: Kamera kullanm Senaryo yazm Kurgu ve montaj ekim teknikleri gibi medya alannn temel balklarnda uygulamal eitim alyor. Alannda uzman eitmenlerle yrtlen bu program, Genlik ve Spor Bakanl, ANKADER ve pekyolu Uluslararas ocuk ve Genlik almalar Merkezi i birliiyle dzenleniyor. Afetten etkilenen genlerin yaratcln ortaya karan ve onlarn seslerini duyurmalarn salayan bu anlaml eitimle, kamera arkasndan hayata yeni bir pencere alyor.",https://www.instagram.com/p/DK7EURptJwf/
2025-06-14,"[Tarih: 2025-06-14] ""pek Yolu'na Bir Yolculuk Bin Keif"" program erevesinde rencilerimize Sfr Atk Eitimi verildi. Atklar nasl ayrtracamz, Doay nasl koruyacamz, Geri dnmn nemini rendik. Kk admlarn byk etkiler yarattn bir kez daha fark ettik. Daha temiz bir evre, daha yaanabilir bir dnya iin bilinli nesiller yetiiyor!",https://www.instagram.com/p/DK4FIVnNQFK/
2025-06-14,"[Tarih: 2025-06-14] ""pek Yolu'na Bir Yolculuk Bin Keif"" programmzda rencilerimizle birlikte uygulamal model roketilik eitimi gerekletirdik! Teorik bilgileri rendik, paralar birletirdik ve kendi roketlerimizi gkyzyle buluturduk. Bilim, teknoloji ve merak bir araya geldi; Hedef: Hayallerin tesi!",https://www.instagram.com/p/DK4CjLEtHoj/
2025-06-14,"[Tarih: 2025-06-14] Deerlerle Glenen Bir Gelecek! ""pek Yolu'na Bir Yolculuk Bin Keif"" programmz kapsamnda rencilerimize deerler eitimi verdik. Sayg, sorumluluk, drstlk, yardmlama ve vefa gibi temel deerler zerine dndk, konutuk ve farkndalk kazandk. Genlerimizin sadece bilgiyle deil; erdemle, ahlakla ve karakterle bymesini nemsiyoruz. nk gelecei ina edecek olan; deerlerine sahip kan bir nesil!",https://www.instagram.com/p/DK4BEYBtaz3/
2025-06-14,"[Tarih: 2025-06-14] Elaz Valimiz Numan Hatipolu, pek Yolu Uluslararas ocuk ve Genlik almalar Merkezimizi ziyaret ederek atlyelerimizi gezdi. Yaplan teknolojik almalar ve gelitirilen yeniliki projeler hakknda Genel Koordinatrmz Hakan Karabulut'tan bilgi ald. Genlerimizin retkenliine ve teknolojiye olan ilgilerine gsterdii yakn ilgi ve destek iin Sayn Valimize teekkr ederiz. Gelecei ina eden fikirlerin her zaman yanndayz!",https://www.instagram.com/p/DK39OFyN2xU/
2025-06-14,"[Tarih: 2025-06-14] pek Yolu'na Bir Yolculuk Bin Keif"" programmz, Elaz Valilii koordinasyonunda, l Milli Eitim Mdrl ve Elaz l zel daresi i birliiyle tm hzyla devam ediyor. Bugn rencilerimiz, Elaz Valimiz Numan HATPOLU, l Jandarma Komutan Alpaslan DOAN l Milli Eitim Mdr Mehmet YT l zel daresi Genel Sekreteri Cemil YATKIN ve birok kymetli kurum temsilcisiyle bir araya geldi. Bu gl destek, yolculuumuzu daha da anlaml klyor. Yeni keiflerle dolu bu gzel yolda, hep birlikteyiz!",https://www.instagram.com/p/DK38ioPtpMy/
2025-06-13,"[Tarih: 2025-06-13] Afet Bilinci, Gvenli Gelecek! ""pekyolunda Bir Yolculuk, Bin Keif"" program kapsamnda Palu, Keban ve An ilelerinden gelen rencilerimize Afet ve Acil Durum Ynetimi Eitimi, AFAD yetkilileri tarafndan verildi. rencilerimiz; afetlere hazrlkl olmann nemi, doru davran biimleri ve acil durumlarda yaplmas gerekenlerle ilgili kapsaml bir eitim alarak bilinlendiler. Teorik bilgiler kadar uygulamal anlatmlarla da desteklenen bu eitimle genlerimiz, hem kendilerini hem evrelerini koruyacak bilgiyle donatldlar.",https://www.instagram.com/p/DK2W1TbNw67/
2025-06-13,"[Tarih: 2025-06-13] pekyoluna Bir Yolculuk, Bin Keif Palu, Keban ve An ilelerinden gelen rencilerimizi pekyolu Uluslararas ocuk ve Genlik almalar Merkezimizde arlamaktan byk mutluluk duyuyoruz! Elaz Valilii bnyesinde, l Milli Eitim Mdrl ve Elaz l zel daresi ortaklyla, pek Yolu Uluslararas ocuk ve Genlik almalar Merkezinde gerekletiriliyor. lelerimizde eitimine devam eden rencilerimize ynelik gerekletirilecek eitli aktivitelerle, onlarn akademik, sosyal, kltrel, sanatsal, kariyer ve ahlaki geliimlerini destekleyerek, milli ve manevi deerleri iselletirmi erdemli nesiller olmalarna katk sunmak amalanyor. tanma toplants ile baladk .Ho geldiniz genler",https://www.instagram.com/p/DK2PIWvtNx1/
2025-06-12,"[Tarih: 2025-06-12] Minik eller doayla bulutu! Tohum Orman Anaokulu minik rencileri, pekyolu Uluslararas ocuk ve Genlik almalar Merkezini ziyaret ederek kompost uygulamalar hakknda keyifli ve retici bilgiler edindi. Tarmn srdrlebilirliini renirken topraa ve doaya olan sevgilerini bir kez daha pekitirdiler. Doayla i ie byyen nesiller iin umut doluyuz!",https://www.instagram.com/p/DKy2uQrNsPb/
2025-05-20,"[Tarih: 2025-05-20] Afet Gnllleri projesi kapsamnda, AFAD grevlileri tarafndan ""Hafif Arama Kurtarma"" eitimi verildi! Katlmclar, afet anlarnda nasl doru ve etkili mdahale edileceini uygulamal olarak rendi. Afetlere hazrlkl bir toplum iin eitimlerimiz devam ediyor!",https://www.instagram.com/p/DJ37zqpt6gl/
2025-05-20,"[Tarih: 2025-05-20] pekyolu Uluslararas ocuk ve Genlik almalar Merkezi'nde ""Afet Gnllleri"" projemiz tm hzyla devam ediyor! Genlerimiz afet bilinci kazanyor, topluma fayda salayacak beceriler ediniyor.",https://www.instagram.com/p/DJ3pTk5tc5c/
2025-05-20,"[Tarih: 2025-05-20] pekyolu Genlik Festivali pekyolu Genlik Festivali, pekyolu Uluslararas ocuk ve Genlik almalar Merkezinde cokuyla tamamland! Gn boyu sren etkinlikler, genliin enerjisiyle unutulmaz bir gn yaadk. Gn byle geti Birlikte daha nice gzel anlara!",https://www.instagram.com/p/DJ3cQJktKfT/
2025-05-19,"[Tarih: 2025-05-19] pekyolu Genlik Festivali, gn sonu deerlendirme toplantsyla tamamland. Festival kapsamnda gerekletirilen sportif ve kltrel etkinliklerin ardndan genlerle birlikte gnn genel bir deerlendirmesi yapld. Genlerin gr ve nerileri dinlenerek, gelecekteki etkinliklere ynelik fikir alveriinde bulunuldu. Katlm salayan tm genlere teekkr ederiz.",https://www.instagram.com/p/DJ1t363MWVN/
2025-05-19,"[Tarih: 2025-05-19] pekyolu Genlik Festivali sportif etkinliklerle devam ediyor. Festival kapsamnda genlerin katlmyla futbol, basketbol ve voleybol turnuvalar dzenlendi. Genler hem yeteneklerini sergiledi hem de centilmence mcadele ederek takm ruhunu pekitirdi. Spor dolu bir gn, birlik ve dayanma iinde devam ediyor",https://www.instagram.com/p/DJ1mxhcsSJ5/
2025-05-19,"[Tarih: 2025-05-19] pekyolu Genlik Festivali kapsamnda Uurtma enlii dzenlendi. Genlerin youn katlmyla gerekleen etkinlikte, gkyz ay yldzl uurtmalarla dolarken, katlmclar keyifli anlar yaad.",https://www.instagram.com/p/DJ1az_9N2gg/
2025-05-19,"[Tarih: 2025-05-19] Genlik Festivali Kortejle Balad! Pedallar dnd, motorlar alt, genliin enerjisi pekyolunda yankland! pekyolu Uluslararas ocuk ve Genlik almalar Merkezi tarafndan dzenlenen Genlik Festivali, bisiklet ve motosiklet kortejiyle cokuyla balad. Renkli grntler, heyecan dolu anlar ve birlikte atlan gl admlarla festivalin startn verdik! Festival boyunca dopdolu etkinlikler, atlyeler ve srprizler seni bekliyor! Genliin sesi pekyolunda ykseliyor! .elazig .pedal",https://www.instagram.com/p/DJ1MZoNNJ5L/
2025-05-19,"[Tarih: 2025-05-19] pekyolu Afet Gnllleri Projesi Balad! Dayanmann gcyle afetlere birlikte hazrlanalm! Toplumumuzu afetlere kar daha direnli hale getirmek iin yola ktk. pekyolu Afet Gnllleri projesiyle; eitimlerle donanacak, tatbikatlarla glenecek ve kriz anlarnda birlikte hareket edeceiz.",https://www.instagram.com/p/DJ0-oc1tLvR/
2025-05-18,"[Tarih: 2025-05-18] Elaz Valimiz Sayn Numan Hatipolu, pekyolu Uluslararas ocuk ve Genlik almalar Merkezimizde dzenlenen MTTB Kariyer Bulumalar kapsamnda genlerimizle bir araya geldi. Genlerimizin sorularn samimiyetle yantlayan Sayn Valimize teekkr ediyor, bu anlaml bulumann genlerimize ilham olmasn temenni ediyoruz. Gelecein Trkiyesini ina edecek genlerimizle omuz omuza",https://www.instagram.com/p/DJzSn9NMSFP/
2025-05-15,"[Tarih: 2025-05-15] Bugn Cumhuriyet lkokulu rencilerini merkezimizde arlamaktan byk mutluluk duyduk! pekyolu Uluslararas ocuk ve Genlik almalar Merkezi olarak minik misafirlerimizle keyifli ve retici bir gn geirdik. ocuklarmzn yzndeki tebessm, bizim en byk motivasyon kaynamz.",https://www.instagram.com/p/DJqlnSetn6e/
2025-05-11,[Tarih: 2025-05-11] Anneler gnnz kutlu olsun ocuklarnzdan sizler iin kk bir hatra. yiki geldiniz .,https://www.instagram.com/p/DJgyejqNjH2/
2025-05-11,"[Tarih: 2025-05-11] ANNELER GN'NDE SEVGYLE DOLU BR GN GERDE BIRAKTIK! pek Yolu Uluslararas ocuk ve Genlik almalar Merkezi olarak, annelerimiz ve ocuklarmzla birlikte unutulmaz bir Anneler Gn geirdik. El ele sanat yaptk, Anlar biriktirdik, Glmsemeleri karelere sdrdk, Duygularmz szlere dktk... Ve en nemlisi kalpten kalbe balandk. Katlm gsteren tm annelerimize, ocuklarmza ve emei geen herkese yrekten teekkr ederiz. Bugn burada yaanan sevgi, hafzalarmzda hep taptaze kalacak. yi ki varsnz, iyi ki annelerimizsiniz!",https://www.instagram.com/p/DJgyUVOtEKP/
2025-05-11,"[Tarih: 2025-05-11] ANNELER GNNE ZEL UNUTULMAZ ANLAR BALADI! pek Yolu Uluslararas ocuk ve Genlik almalar Merkezinde, anneler ve ocuklar iin dopdolu bir gn balad! Sanatla duygular ifade ediliyor, Hatralar kutulara syor, zel anlar karelere dnyor, ocuklardan annelere scack mesajlar geliyor... Birlikte iziyoruz, oynuyoruz, glyoruz ve en nemlisi paylayoruz! Bugn burada, sevgiyle rl bir gn yaanyor. yi ki varsnz, tm annelerimizin Anneler Gn kutlu olsun!",https://www.instagram.com/p/DJgk_U-tEDN/
2025-05-11,"[Tarih: 2025-05-11] FKRLERN GCYLE GELECE NA EDYORUZ! ""pek Yolu'na Bir Yolculuk Bin Keif"" programmzda bugn, gen zihinlerle giriimcilik eitimi gerekletirdik! Hayal kurmann, risk almann, zm retmenin ve kendi yolunu izmenin nemini konutuk. rencilerimiz i fikirlerini paylat, ilham verici fikirlerle dolu bir gn geirdik! Gelecein liderleri, giriimcileri burada yetiiyor! lk adm atld, imdi sra hayalleri geree dntrmekte!",https://www.instagram.com/p/DJgZ_GDNjQN/
2025-05-11,"[Tarih: 2025-05-11] ""pek Yolu'na Bir Yolculuk Bin Keif"" programmzda rencilerimizle birlikte grsel sanatlar eitimi gerekletirdik! Fralar ellerde, hayaller tuvallerde hayat buldu. Resim, izim, renk uyumu ile dolu dolu bir gn geirdik! Sanatla dnen, hisseden ve reten genler yetitiriyoruz! Her izgi, her renk bir hikyeye dnt...",https://www.instagram.com/p/DJgUyDVNyRA/
2025-05-11,"[Tarih: 2025-05-11] ""pek Yolu'na Bir Yolculuk Bin Keif"" programmzda rencilerimizle birlikte gne sporlabaladk ! Takm ruhu, fair play, salkl yaam ve elence bir aradayd! Futbol, basketbol, voleybol, geleneksel oyunlar ve daha fazlasyla hem beden hem zihin geliimine katk sunduk. Unutmayalm; spor sadece bir aktivite deil, bir yaam biimidir!",https://www.instagram.com/p/DJgQ2kOM29U/
2025-05-10,"[Tarih: 2025-05-10] 19 MAYIS GENLK BULUMASINA DAVETLSNZ! Genliin enerjisi, yaratcl ve dayanmasyla dolu bir gn iin hazr msnz? pek Yolu Genlik olarak bu 19 Maysta sizler iin spor, sanat, doa ve mzik dolu 7 esiz etkinlik hazrladk: PedalFest Bisikletle Keif Turu ehirde pedal evir, doay kefet, enerjini serin limonatayla tazele! Katlmclara zel yelek ve numaralarla birlikte. Gkyz enlii Uurtma Uurtmalar gkyzne, siz huzura... Minderler, mzik ve ak hava keyfi bir arada! Serbest Alan Yaratc Atlyeler Kendini ifade et! Sprey boyalarla izim, tirt tasarm, doadan ilhaml tak yapm seni bekliyor. Meydan Challenge Takm Oyunlar Minyatr Futbol, voleybol, sek sek ve halat ekme, basketbol ile dosta rekabet, bol kahkaha! Kazananlara sembolik dller var! 1 Mikrofon 1 Hikye Ak Sahne Sahne senin! ark syle, iir oku ya da hayalini anlat En ok alk alanlara srprizlerimiz olacak. Bir Karede 19 Mays Fotoraf Yarmas O an yakala Etkinlik boyunca en anlaml kareyi payla, dl kap! Ve daha fazlas Bu zel gnn bir paras olmak iin seni de bekliyoruz! pek Yolu Uluslararas ocuk ve Genlik almalar Merkezi 19 Mays 2025 18-30 Ya Kontenjan: 100 kii Gelecei birlikte kuruyoruz. Bio'daki linkten WhatsApp grubuna dahil olabilirsiniz",https://www.instagram.com/p/DJeK3QHtWGb/
2025-05-10,"[Tarih: 2025-05-10] GL KARAKTER, SALAM GELECEK ""pek Yolu'na Bir Yolculuk Bin Keif"" programmzda, genlerimizle birlikte deerler eitimi gerekletirdik. Sayg, sevgi, sorumluluk, drstlk, vefa ve yardmlama gibi temel insani deerler zerine konutuk, birlikte dndk. Amacmz; sadece baarl deil, erdemli bireyler yetitirmek! Milli ve manevi deerlerle donanm bir nesil, yarnlarmzn en gl teminatdr.",https://www.instagram.com/p/DJd2MbNNHMf/
2025-05-10,"[Tarih: 2025-05-10] GKYZNE LK ADIM! ""pek Yolu'na Bir Yolculuk Bin Keif"" programmzda bugn model roketilik eitimi ile heyecan doruktayd! rencilerimiz hem teorik hem de uygulamal eitimle roketlerin dnyasn kefetti! Bilimle i ie, hayallerine yn veren genlerimizin azmi ve merak gurur verici! Gelecein mhendisleri, astronotlar burada yetiiyor! Hazrsanz, sradaki kefe uua geiyoruz!",https://www.instagram.com/p/DJdyLUgtmVy/
2025-05-10,"[Tarih: 2025-05-10] Elaz Valimiz Numan Hatipolu, Frat niversitesi Rektr Prof. Dr. Fahrettin Gkta, l Jandarma, l Milli Eitim ve eitli kurum temsilcilerimiz rencilerimizle bir araya geldi. Bu gl destekle yolculuumuz daha da anlaml hale geliyor. Elaz Valilii koordinasyonunda, l Milli Eitim Mdrl ve Elaz l zel daresi i birliiyle dzenlenen ""pek Yolu'na Bir Yolculuk Bin Keif"" programmzn ikinci etab balad! Programn ikinci etabnda misafirlerimiz: Kovanclar ilemizden gelen kymetli rencilerimiz Yeni keiflerle dolu bu yolda hep birlikteyiz!",https://www.instagram.com/p/DJdviJvtBjN/
2025-05-09,"[Tarih: 2025-05-09] pekyolu'nda Bir Yolculuk, Bin Keif! pekyolu Uluslararas ocuk ve Genlik almalar Merkezi AFAD temsilcileri tarafndan verilen Temel Afet Bilinci Eitimi ile ocuklarmz ve genlerimiz, afetlere kar nasl hazrlkl olunacan rendi. Eitimde; Afet ncesi alnmas gereken nlemler Afet annda doru davran biimleri Tahliye ve acil durum bilgileri katlmclarla interaktif ekilde paylald. Gvenli bir gelecek, bilinli bireylerle mmkn!",https://www.instagram.com/p/DJcQXaEtYSV/
2025-05-09,"[Tarih: 2025-05-09] pek Yolu'na Bir Yolculuk Bin Keif programnn ikincisi balad. Program, Elaz Valilii bnyesinde, l Milli Eitim Mdrl ve Elaz l zel daresi ortaklyla, pek Yolu Uluslararas ocuk ve Genlik almalar Merkezinde gerekletiriliyor. lelerimizde eitimine devam eden rencilerimize ynelik gerekletirilecek eitli aktivitelerle, onlarn akademik, sosyal, kltrel, sanatsal, kariyer ve ahlaki geliimlerini destekleyerek, milli ve manevi deerleri iselletirmi erdemli nesiller olmalarna katk sunmak amalanyor. Programn ikinci misafirleri, Kovanclar ilesinde eitimlerine devam eden renciler. tanma toplants ile baladk .Ho geldiniz genler",https://www.instagram.com/p/DJb_xWIMP-q/
2025-05-09,"[Tarih: 2025-05-09] Anneler Gnne zel unutulmaz bir gn sizi bekliyor! Birbirinden duygusal ve elenceli Anne-ocuk Etkinlikleri ile bu zel gn renklendiriyoruz! Etkinliklerimiz: Benim Annem Atlyesi Resim & el izi tablolar Hatra Kutusu Notlar, fotoraflar, anlar Fotoraf Kesi Doal dekorlu an ekimleri Video Srprizleri ocuklardan annelere mesajlar Klasik Oyunlar Sek sek, ip atlama, kutu oyunlar Byynce Oku mektuplar Anne-ocuk Rportajlar Ortak Kuma Tablo El ele, kalp kalbe Tarih: 11 Mays Yer: pekyolu Uluslararas ocuk ve Genlik almalar Merkezi",https://www.instagram.com/p/DJbo8IZt2t7/
2025-05-09,"[Tarih: 2025-05-09] Frat niversitesi'nin 50. yl etkinlikleri kapsamnda Solo Trkn Elaz semalarnda gerekletirdii nefes kesen gsteri uuunu , pekyolu Uluslararas ocuk ve Genlik almalar Merkezi terasmzdan byk bir cokuyla izledik! Gurur duyduk, heyecanlandk, alkladk! Bu muhteem ana tanklk eden tm misafirlerimize teekkr ederiz.",https://www.instagram.com/p/DJbfvfdtjYy/
2025-04-27,"[Tarih: 2025-04-27] niversite rencilerine ynelik dzenlediimiz Temel Arduino Eitimimizi baaryla tamamladk! Elektronik ve yazlm dnyasna ilk admlarn atan katlmclarmzla birlikte, kendi projelerimizi hayata geirdik. Katlm salayan herkese teekkr ederiz!",https://www.instagram.com/p/DI84F7UImLI/
2025-04-26,[Tarih: 2025-04-26] niversite rencilerine Ynelik Temel Arduino Eitimimiz Balad! Elektronik ve yazlm disiplinlerini bir araya getirerek kendi projelerimizi hayata geiriyoruz.,https://www.instagram.com/p/DI54FO0og2f/
2025-04-22,"[Tarih: 2025-04-22] Bugn merkezimiz cvl cvld nk 23 Nisan cokusunu minik misafirlerimizle birlikte yaadk ! pek Yolu Uluslararas ocuk ve Genlik almalar Merkezi olarak ocuklarmzla geirdiimiz bu rengrenk gn bize enerji verdi! Kk kalplerin byk glmsemeleriyle dolu bir 23 Nisan yaadk! yi ki varsnz ocuklar, dnya sizinle gzel!",https://www.instagram.com/p/DIvdDFhNXW6/
2025-04-18,"[Tarih: 2025-04-18] niversite rencilerine zel ""Temel Arduino Eitimi"" Balyor! Eitim Yeri: pek Yolu Uluslararas ocuk ve Genlik almalar Merkezi / Elaz Tarih: 26-27 Nisan 2025 Sre: 15 Saat (09:00 - 16:30) Katlmc Says: 20 kii ile snrldr! Hayal Et, Kodla, Harekete Geir! Son Bavuru Tarihi: 24 Nisan 2025 - Saat 12:00 Detaylar ve Kayt: Profildeki linkten ulaabilirsiniz!",https://www.instagram.com/p/DIlhsRJNtwq/
2025-04-18,"[Tarih: 2025-04-18] Getiimiz aylarda ""Avrupa'da Perma Kltrle Srdrlebilirlik"" projesi kapsamnda merkezimizde arladmz Romanyal katlmcmz Mihaela Elena Ioan, burada tant sevimli tekir kedimizi unutamad. lkesine dndkten sonra onun iin yeniden Elaza, tam 2.500 kilometre yol kat etti! Bugn Mihaela, can dostunu sahiplenerek Romanyaya gtryor ve bizler de bu esiz baa tanklk etmenin mutluluunu yayoruz . pekyolu sadece bir merkez deil, kalpleri buluturan bir yol",https://www.instagram.com/p/DIlGcF_NTP5/
2025-04-17,"[Tarih: 2025-04-17] KAMERA ARKASINDAN HAYATA: Depremzede Genler in Medya Eitimi Projesi balyor... Depremden etkilenen 11 ilimizden hayat yeniden kadraja almak isteyen 80 gen, Kamera Arkasndan Hayata projesinde buluuyor. 7 gnlk youn bir eitim programnda, u balklar yer alyor: Kamera Kullanm Senaryo & Anlatm Dili Ik - Ses - Renk ekim Planlar Grnt Ynetimi Kurgu ve Post-Prodksiyon Her katlmc, rendiklerini pratie dkecek, kendi ksa filmini ekecek ve yarma heyecann yaayacak. Sanat yoluyla iyileen ruhlar, ekranlara umut tayor Ksa filmlerle anlatlan hayatlar, toplumda farkndalk yaratyor ve genlerin sesi geni kitlelere ulayor. Kamera Arkasndan Hayata Birlikte retmenin, birlikte iyilemenin ve gelecei yeniden kurmann hikyesi Kontenjan 80 kii Son bavuru 14 Mays Tarih 15 - 21 Haziran Yer pek Yolu Uluslararas ocuk ve Genlik almalar Merkezi Bavuru linki bio'da",https://www.instagram.com/p/DIjvKj-NfuK/
2025-04-16,"[Tarih: 2025-04-16] GNLLLER ARANIYOR! Topraa dokunmak, retmek, renmek ve gelecei birlikte ekillendirmek ister misin? pekyolu Tarmsal Kuluka Gnlllk Program balyor! Tbbi aromatik bitkiler Kompost retimi Topraksz tarm Sebze bahesi almalar Sfr atk uygulamalar ve daha fazlas seni bekliyor! Her faaliyet ncesinde mini eitimler, sonrasnda sahada uygulama! Yani bu programda hem reneceksin, hem uygulayacaksn, hem de reteceksin! Sadece Elazdan katlmlar deerlendirilecektir. 30 ya alt gen gnlller bavurabilir. Kontenjan snrl, hemen bavur!",https://www.instagram.com/p/DIgL-QutUMI/
2025-04-15,"[Tarih: 2025-04-15] BAVURULAR BALADI! Afetlere kar gl, hazr ve bilinli bir genlik iin yola kyoruz! Sen de pek Yolu Afet Gnllleri arasnda yer almak ister misin? Eitimler Elazda, Tarihler: 1. Grup: 19-23 Mays 2. Grup: 26-30 Mays Her grup iin sadece 50 kiilik kontenjan! Eitim Yeri: pekyolu Uluslararas ocuk ve Genlik almalar Merkezi Not: Eitimde konaklama yoktur, bu yzden Elazdan katlmlar nceliklidir. Eitim erii: Arama-Kurtarma Temel Eitimi Afetlerde lk Mdahale Psiko-sosyal Destek Becerileri Uygulamal Tatbikatlar ve Srpriz Etkinlikler Katlm cretsizdir ve eitim sonunda katlm belgesi verilecektir. Hemen bavuru yapmak iin: [Bavuru Linki bio'da] Haydi Elaz genlii! Afetlere kar ilk adm birlikte atalm",https://www.instagram.com/p/DId3fXJN4ur/
2025-04-13,"[Tarih: 2025-04-13] pek Yoluna Bir Yolculuk, Bin Keif! pek Yoluna Bir Yolculuk, Bin Keif! program baaryla tamamland! Karakoan ilesinden gelen rencilerimizi 3 gn boyunca pek Yolu Uluslararas ocuk ve Genlik almalar Merkezinde arladk. Merkeze uzak blgelerden gelen bu zel misafirlerimiz, bilgiyle dolu, elenceli ve ilham verici bir yolculua ktlar. Program kapsamnda: Yapay zeka ile gelecei kefettiler, Akl ve zek oyunlar ile stratejik dnmeyi deneyimlediler, Sfr atk bilinciyle doaya dost yaam rendiler, Spor etkinlikleriyle hareketli ve salkl anlar yaadlar, Model roket bilim atlyesi ile gkyzne ilk admlarn attlar. Her biri hem rendi, hem kefetti, hem de unutulmaz anlarla evlerine dnd. Gelecein bilim insanlar, evre dostlar ve teknoloji liderleriyle tanmak bizim iin byk bir gururdu!",https://www.instagram.com/p/DIY68BaN4ej/
2025-04-13,"[Tarih: 2025-04-13] pek Yoluna Bir Yolculuk, Bin Keif! pek Yoluna Bir Yolculuk, Bin Keif! program baaryla tamamland! Karakoan ilesinden gelen rencilerimizi 3 gn boyunca pek Yolu Uluslararas ocuk ve Genlik almalar Merkezinde arladk. Merkeze uzak blgelerden gelen bu zel misafirlerimiz, bilgiyle dolu, elenceli ve ilham verici bir yolculua ktlar. Program kapsamnda: Yapay zeka ile gelecei kefettiler, Akl ve zek oyunlar ile stratejik dnmeyi deneyimlediler, Sfr atk bilinciyle doaya dost yaam rendiler, Spor etkinlikleriyle hareketli ve salkl anlar yaadlar, Model roket bilim atlyesi ile gkyzne ilk admlarn attlar. Her biri hem rendi, hem kefetti, hem de unutulmaz anlarla evlerine dnd. Gelecein bilim insanlar, evre dostlar ve teknoloji liderleriyle tanmak bizim iin byk bir gururdu!",https://www.instagram.com/p/DIY5vRrNCSM/
2025-04-13,"[Tarih: 2025-04-13] pek Yolu'na Bir yolculuk Bin keif Akl ve Zeka oyunlar rencilerimizle birlikte hem dndk hem elendik! Dzenlediimiz Akl ve Zek Oyunlar Eitimi ile stratejik dnme, problem zme ve hzl karar alma becerilerini gelitirdik. Her hamlede renen, her oyunda gelien bir nesil yetiiyor!",https://www.instagram.com/p/DIYk9GYNyVb/
2025-04-13,"[Tarih: 2025-04-13] pek Yolu'na Bir yolculuk Bin keif Yapay zeka Gelecein teknolojisine bugnden adm attk! rencilerimize ynelik dzenlediimiz Yapay Zeka Eitimi ile algoritma mantn, makine renmesini ve etik kullanm ilkelerini birlikte kefettik. Onlarn yaratc projeleri, analitik dnme becerileri ve teknolojik meraklar bizi gururlandrd.",https://www.instagram.com/p/DIYjGlwtP9b/
2025-04-13,"[Tarih: 2025-04-13] pek Yolu'na Bir yolculuk Bin keif Siber farkndalk Siber Tehditlere Kar Bilinli Nesiller! Eitimi ile rencilerimiz; Gvenli internet kullanm, Dijital zorbalk, Sosyal medya gvenlii konularnda bilinlendirildi. Siber dnyada gvende kalmann yolu bilgiden geer! Katklarndan dolay emniyet birimlerimize teekkr ederiz.",https://www.instagram.com/p/DIYX5ReNc5m/
2025-04-13,"[Tarih: 2025-04-13] pek Yolu'na Bir yolculuk Bin keif Giriimcilik Harika! te bir kurum tarafndan rencilere ynelik verilen giriimcilik eitimi iin sosyal medyada paylaabileceiniz kurumsal ve ilham verici bir Giriimcilik Eitimi ile rencilerimiz; Yaratc dnme, fikri gelitirme, Problem zme ve daha birok alanda becerilerini gelitirerek kendi baar hikayelerini yazmaya hazrlanyor.",https://www.instagram.com/p/DIYRZ19NyhS/
2025-04-13,"[Tarih: 2025-04-13] pek Yolu'na Bir Yolculuk: Bin Keif Bilim Uygulamalar Deneyerek, kefederek ve elenerek rendik.",https://www.instagram.com/p/DIYNxEStyge/
2025-04-13,[Tarih: 2025-04-13] pek Yolu'na Bir yolculuk Bin keif Gne spor aktiviteleri ile baladk Daha aktif bir yaam iin hep birlikte spor yapmaya devam edelim,https://www.instagram.com/p/DIYLKxPN578/
2025-04-12,[Tarih: 2025-04-12] pek Yolu'na Bir yolculuk Bin keif Karakoan ilesinden gelen rencilerimizle Tarihi Harput turu gerekletirdik,https://www.instagram.com/p/DIWh5L6NAM8/
2025-04-12,"[Tarih: 2025-04-12] pek Yolu'na Bir yolculuk Bin keif Deerler Eitimi Toplumsal birlikteliin temelini oluturan ahlaki ve kltrel deerleri gen nesillere aktarmak amacyla dzenlenen Deerler Eitimi, rencilerimizin aktif katlmyla gerekletirildi. Sayg, sorumluluk, drstlk, yardmlama ve hogr gibi temel insani deerlerin ele alnd eitimde; bireysel farkndalk ve toplumsal duyarllk zerine nemli kazanmlar elde edildi. Gl birey, gl toplum Deerlerimizle gelecee yryoruz.",https://www.instagram.com/p/DIV0L56NMBN/
2025-04-12,"[Tarih: 2025-04-12] pek Yolu'na Bir yolculuk Bin keif Sfr Atk Eitimi evre bilincinin artrlmas ve srdrlebilir yaam alkanlklarnn kazandrlmas amacyla dzenlenen Sfr Atk Eitiminde; atklarn kaynanda ayrtrlmas, geri dnmn nemi, evresel etkiler ve sfr atk yaklamnn bireysel ve toplumsal faydalar ele alnd. Daha temiz bir gelecek iin atmz azaltyor, doaya sahip kyoruz.",https://www.instagram.com/p/DIVzUrNtsB1/
2025-04-12,"[Tarih: 2025-04-12] pek Yolu'na Bir yolculuk Bin keif Model Roketilik Eitimi Genlerimizi bilim ve teknolojiyle buluturmak amacyla dzenlenen Model Roketilik Eitimi, teorik ve uygulamal oturumlarla devam ediyor Eitim sresince katlmclar; temel roketilik bilgileri, gvenli frlatma teknikleri ve mhendislik sreleri hakknda bilgi sahibi olurken, Teknofest sreci hakknda bilgiler edindiler. Gelecein bilim insanlarn ve mhendislerini arlyoruz ---",https://www.instagram.com/p/DIVyfvvtEHl/
2025-04-12,"[Tarih: 2025-04-12] pek Yolu'na Bir Yolculuk Bin Keif Program kapsamnda Karakoan ilesinden gelen renciler, protokol yeleriyle bir araya geldi. Etkinlie; Elaz Valisi Numan Hatipolu, Cumhuriyet Basavcs Akn Yein Frat niversitesi Rektr Yardmcs Prof. Dr. Mahmut Doru, l Jandarma Komutan Vekili Mehmet Serhan Aksoy, l Emniyet Mdr Adnan Karayel, Belediye Bakan Yardmcs Nazif Bilginolu, l zel daresi Genel Sekreteri Cemil Yatkn, l Milli Eitim Mdr Mehmet Yiit, Genlik ve Spor l Mdr Abdulsamet Eren, AFAD, Mftlk ve dier kamu kurumlarnn temsilcileri katlm salad.",https://www.instagram.com/p/DIVqiLetNU3/
2025-04-11,"[Tarih: 2025-04-11] Akran zorbal pek Yolu'na Bir yolculuk Bin keif program Akran zorbal konu bal ile devam ediyor. Okul andaki ocuklar arasnda, g dengesizliinin olduu durumlarda tekrarlayan saldrgan davranlar akran zorbal olarak tanmlanabilir. Bu davranlar fiziksel, szel veya sosyal izolasyon eklinde olabilir ve madur zerinde derin etkiler brakabilir. Zorbalk, hem zorbalk yapan hem de maruz kalan ocuklar iin ciddi sonular dourur. Bu sorunun zm iin okulda, evde ve toplumda farkndalk yaratmak ve nleyici tedbirler almak nemlidir. ocuklara empati, sayg ve salkl iletiim becerileri kazandrmak, zorbalkla mcadelede etkili bir yntemdir.",https://www.instagram.com/p/DIUKWBhtq46/
2025-04-11,"[Tarih: 2025-04-11] pek Yolu'na Bir Yolculuk Bin Keif program balad. Program, Elaz Valilii bnyesinde, l Milli Eitim Mdrl ve Elaz l zel daresi ortaklyla, pek Yolu Uluslararas ocuk ve Genlik almalar Merkezinde gerekletiriliyor. lelerimizde eitimine devam eden rencilerimize ynelik gerekletirilecek eitli aktivitelerle, onlarn akademik, sosyal, kltrel, sanatsal, kariyer ve ahlaki geliimlerini destekleyerek, milli ve manevi deerleri iselletirmi erdemli nesiller olmalarna katk sunmak amalanyor. Programn ilk misafirleri, Karakoan ilesinde eitimlerine devam eden renciler. Tesiss tantm ve tanma toplants ile baladk .Ho geldiniz genler",https://www.instagram.com/p/DIT6NZiNFNJ/
2025-04-11,"[Tarih: 2025-04-11] Model Roket Yarmas Su Alt Roket Yarmas Hava Savunma Sistemleri Yarmas Model Uydu Yarmas pek Yolu Giriimci Kuluka Birimi olarak, 2025 yl TEKNOFEST kapsamnda dzenlenen yarmalarda yer alan takmlarmz; Model Roket, Su Alt Roket, Hava Savunma Sistemleri ve Model Uydu kategorilerinde nemli bir baarya imza atarak ilk aamalar baaryla tamamlad. Her biri farkl disiplinlerde alan ekiplerimiz, hakem deerlendirmelerinden baaryla geerek bir st aamaya gemeye hak kazand. Tm ekiplerimizi gnlden tebrik ediyor, milli teknoloji hamlesi yolunda onlarla birlikte yrmekten byk gurur duyuyoruz.",https://www.instagram.com/p/DITPxm7NBY9/
2025-02-23,"[Tarih: 2025-02-23] pek Yolu Giriimci Kuluka Birimi olarak Drone ile Arazi Kefi ve Haritalama Eitimimizi tamamladk! Katlmclarmz, otonom uu ve 3 boyutlu haritalama tekniklerini uygulamal olarak rendiler.",https://www.instagram.com/p/DGbImgbteWg/
2025-02-22,"[Tarih: 2025-02-22] pek Yolu Giriimci Kuluka Birimi olarak Drone ile Arazi Kefi ve Haritalama Eitimimize baladk! Katlmclarmz, drone teknolojisini reniyor ve arazi kefi ile haritalama hakknda bilgiler ediniyor.",https://www.instagram.com/p/DGX2dj9Nt0W/
2025-02-22,"[Tarih: 2025-02-22] Yeil kprler Permakltrle Avrupada srdrlebilirlik projesi kapsamnda, pek Yolu Uluslararas ocuk ve Genlik almalar Merkezinde yetitirilen bitkilerden elde edilen yalarla, eitim kapsamnda bitkisel krem retimi gerekletirdik.",https://www.instagram.com/p/DGXv-uatjK7/
2025-02-20,"[Tarih: 2025-02-20] Erasmus+ KA153 Genlik alanlarnn Hareketlilii Projesi pek Yolu'nda devam ediyor! 4 lkeden 35 genlik alan ile permakltr, alternatif bitki kullanm ve atk ynetimi zerine harika bir eitim gerekletirdik.",https://www.instagram.com/p/DGTay-SNgRZ/
2025-02-19,[Tarih: 2025-02-19] Yeil kprler : Permakltr ile Avrupa'da srdrlebilirlik projesi kapsamnda 4 lkeden 35 katlmc ile uygulamal tbbi aromatik bitki yetitiricilii eitimleri gerekletirdik!,https://www.instagram.com/p/DGQcahLNIxC/
2025-02-19,"[Tarih: 2025-02-19] Erasmus+ KA153 Genlik alanlarnn Hareketlilii Projesi, pek Yolu'nda devam ediyor",https://www.instagram.com/p/DGQFe9AN6UP/
2025-02-19,"[Tarih: 2025-02-19] Trkiye, Almanya, Romanya, Slovenya Erasmus+ KA153 Genlik alanlarnn Hareketlilii Projesi, pek Yolu'nda 2. Gnde devam ediyor! 4 lkeden 35 genlik alan ile genlik, yeterlilik, permakltr, srdrlebilirlik zerine alyoruz.",https://www.instagram.com/p/DGQEiVYtskp/
2025-02-18,"[Tarih: 2025-02-18] 4 lkeden 35 gen, pek Yolu'nda Trkiye, Almanya, Romanya, Slovenya 17-25 ubat 2025 tarihlerinde gerekleecek Erasmus+ KA153 Genlik alanlarnn Hareketlilii Projesi, pek Yolu'nda balad. 4 lkeden 35 genlik alannn yer ald programda, genlik alanlarnn yeterliliinin artrlmas, permakltr alannda spesifik almalar yaplmas ve srdrlebilir tarm uygulamalar uluslararas boyutta ele alnacak.",https://www.instagram.com/p/DGNofQVN-Wx/
2025-02-11,"[Tarih: 2025-02-11] cretsiz niversite rencilerine zel Drone ile Arazi Kefi ve Haritalama Eitimi balyor! Eitim Yeri: pek Yolu Uluslararas ocuk ve Genlik almalar Merkezi / Elaz Tarih: 22-23 ubat 2025 Sre: 16 Saat (09:00 - 17:00) Katlmc Says: 30 kii ile snrldr. Veriyi Yerden Deil, Gkyznden Topla! Son Bavuru: 19 ubat 2025 12:00 Detaylar ve Kayt: Profildeki linkten ulaabilirsiniz.",https://www.instagram.com/p/DF7mnUdIE7T/
2025-02-05,[Tarih: 2025-02-05] Minik Kalpler Krei'nin minik rencileri tesisimizi ziyaret ettiler Geleceimizin teminat ocuklarmzn doru bilgilendirilmesi ve geliimlerine katk sunulmas en byk mutluluumuz . Bir ocuk gelsin bir Rokete bir fidana bir gnle dokunsun.,https://www.instagram.com/p/DFr2Hi9tRyS/
2025-02-02,"[Tarih: 2025-02-02] pek Yolu Giriimci Kuluka Birimi olarak TEKNOFEST 101 etkinliimizi gerekletirdik! Bu etkinlikte TEKNOFEST yarmalarn inceledik, deneyimlerimizi paylatk ve yarmalara katlmay dnenler iin faydal bilgiler sunduk. Teknofeste ilgi duyan arkadalarmzla bir araya gelerek, yarma srelerini deerlendirdik.",https://www.instagram.com/p/DFkpQKZIPxb/
2025-01-30,"[Tarih: 2025-01-30] BTK Akademi ve pek Yolu i birliiyle dzenlenen 4 gnlk ROS ile Robotik Sistem Gelitirme Eitimini baaryla tamamladk! Katlmclar, ROS ekosistemine gl bir giri yaparak datk sistemler, yazlm haberlemesi ve robotik kurgu konularnda uygulamal deneyim kazand. Eitime katlan tm rencilerimize teekkr ederiz!",https://www.instagram.com/p/DFdMUDjt-uy/
2025-01-30,"[Tarih: 2025-01-30] BTK Akademi ve pek Yolu i birliiyle dzenlenen 4 gnlk Python Programlama Eitimini baaryla tamamladk! Katlmclar, Pythonun temellerinden balayarak fonksiyonlar, hata ayklama ve projeler zerinde alarak uygulamal olarak kodlama becerilerini gelitirdi. Eitime katlan tm rencilerimize teekkr ederiz!",https://www.instagram.com/p/DFc6xoitoYv/
2025-01-28,"[Tarih: 2025-01-28] BTK Akademi ve pek Yolu i birliiyle dzenlenen ROS ile Robotik Sistem Gelitirme Eitimi 2. gnnde devam ediyor. Bugn uygulamal olarak Temel Linux komutlar, ROS CLI kullanm, paket ve dm oluturma konularn iliyoruz.",https://www.instagram.com/p/DFXwcbStNW3/
2025-01-28,"[Tarih: 2025-01-28] BTK Akademi ve pek Yolu i birliiyle dzenlenen Python Programlama Eitimi 2. gnnde devam ediyor. Bugn uygulamal olarak liste, tuple, koul ifadelerin kullanm ve say tahmin oyunu, hesap makinesi gibi mini projeler zerinde alyoruz.",https://www.instagram.com/p/DFXaJfYt1DE/
2025-01-27,[Tarih: 2025-01-27] BTK Akademi ve pek Yolu i birliiyle Lise rencilerine zel Python Programlama Eitimi Balad! Uygulamal projelerle becerilerinizi gelitirme frsat yakalayacaksnz. Eitim erii: Python Temelleri Algoritma Mant Uygulamal Projeler Ve Daha Fazlas! .,https://www.instagram.com/p/DFUqp3LNSKn/
2025-01-27,"[Tarih: 2025-01-27] BTK Akademi ve pek Yolu i birliiyle ROS ile Robotik Sistem Gelitirme Eitimi balad! Bu eitimde, Robot Operating System (ROS) kullanarak robotik sistemlerin temellerini renecek, uygulamal projelerle pratie dkeceksiniz. Eitim erii: ROS Temelleri Robot Kontrol ve Simlasyon Sensr ve Aktatr Entegrasyonu Uygulamal Proje almalar.",https://www.instagram.com/p/DFUjWqDteav/
2025-01-26,"[Tarih: 2025-01-26] Model Uak ve Simlasyon Eitimi Tamamland! Lise rencilerine ynelik dzenlediimiz Model Uak ve Simlasyon Eitimini baaryla tamamladk! Katlmclar, hem teorik bilgilerini gelitirdi hem de uygulamal almalarla kendi yeteneklerini kefetme frsat buldu.",https://www.instagram.com/p/DFScfjsIg46/
2025-01-25,[Tarih: 2025-01-25] Lise rencilerine ynelik Sabit Kanat Model Uak Eitimimiz balad,https://www.instagram.com/p/DFP0F4qoakz/
2025-01-24,"[Tarih: 2025-01-24] TEKNOFEST 101 Balyor! Gemi TEKNOFEST katlmclar ve dl sahibi ekipler olarak, yarma srecine dair tm detaylar aama aama ele alyoruz! Stratejik planlamadan artnamelere kadar her konuda edindiimiz tecrbeleri sizlerle paylayoruz. Etkinlik kapsamnda; Yarma artnamelerinin ayrntl incelenmesi Bavuru detaylar ve nemli hususlar Soru-cevap oturumlar Takm oluturma ve strateji gelitirme nerileri sunulacaktr. Tarih : 2 ubat 2025, Pazar Saat : 13.00-17.00 Konum : pek Yolu Uluslararas ocuk ve Genlik almalar Merkezi Bavuru formu profildeki linkte bulunmaktadr.",https://www.instagram.com/p/DFNXeeXotCx/
2025-01-13,"[Tarih: 2025-01-13] BTK Akademi baarya doymuyor! Teknofestte Sanayide Dijital Teknolojiler Kategorisinde BTK Akademi eitimleriyle zirveye kan rencilerimizi tebrik ediyoruz! rencilerimizin bu muhteem baarlaryla, Trkiyenin en iyi, yerli ve milli eitim platformu olma gururunu katlayarak srdryoruz!",https://www.instagram.com/p/DExiohPoSPb/
2025-01-11,"[Tarih: 2025-01-11] pekyolu ngilizce konuma kulb devam ediyor! Gen arkadalarmz ile birlikte dile maruz kalarak gnlk hayatta karlaacamz kaliplari ve yaplar pratikte yaayarak reniyoruz . Sizde dil engelinizi en aza indirmek ve yeni insanlarla elenerek renmek istiyorsanz bizi takip edin! pekyolu English Speaking Club continues! Together with our young friends, we learn the patterns and structures that we will encounter in daily life by being exposed to language by living in practice. If you want to minimize your language barrier and learn by having fun with new people, follow us!",https://www.instagram.com/p/DEsAmK7tM8L/
2025-01-06,"[Tarih: 2025-01-06] ngilizce Konuma Kulbmzn ikincisi ile devam ettiini duyurmaktan heyecan duyuyoruz! ster ngilizcenizi gelitirmek, ister yeni arkadalar edinmek veya renirken elenmek isteyin, bu kulp tam size gre. Tarih: 11 Ocak 2025 Saat: 12:00 PM Samimi ve destekleyici bir ortamda ngilizce becerilerinizi gelitirmek iin bize katln. renciler, profesyoneller ve konuma ngilizcesini gelitirmek isteyen herkes iin mkemmel. Bavuru balants biyografide. pek Yolu'nda sohbet edelim, renelim ve birlikte byyelim! Orada grmek zere! Ya aral: 18-30 We are excited to announce that our English Speaking Club is continuing with its second one! Whether you want to improve your English, make new friends or have fun while learning, this club is for you. Date: January 11, 2025 Time: 12:00 PM Join us to improve your English skills in a friendly and supportive environment. Perfect for students, professionals and anyone looking to improve their spoken English. Application link in bio. Let's chat, learn and grow together at Silk Road! See you there! Age range: 18-30",https://www.instagram.com/p/DEfHi_wNdlw/
2025-01-06,"[Tarih: 2025-01-06] BTK Akademi & i birlii ile dzenlenen 2 farkl eitimle Elazda buluuyoruz! 1 Python Programlama, 2 Ros le Robotik Sistem Gelitirme Atlyesi Teknolojinin kaplarn birlikte aralayalm Detayl bilgi ve kayt: btkakademi.gov.tr",https://www.instagram.com/p/DEeiBLjILF3/
2025-01-05,"[Tarih: 2025-01-05] *3D Tasarm ve Yazc Eitimi Tamamland! * Eitimde, 3D tasarmn temellerini renip, 3D yazclar hem teorik hem de pratik olarak kefettik. Fikirlerimizi teknolojiyle geree dntrdk! Katlan tm niversite rencilerine teekkr ederiz. Yeni projeler iin heyecanlyz! . . .",https://www.instagram.com/p/DEcss6wtjo8/
2025-01-05,"[Tarih: 2025-01-05] K Teknoloji Kamp Balyor! Kn en teknolojik macerasna katlmaya hazr msnz? Liseli renciler iin hazrladmz K Teknoloji Kamp, 20-25 Ocak 2025 tarihleri arasnda pek Yolu Uluslararas ocuk ve Genlik almalar Merkezinde cretsiz olarak dzenleniyor! Eitim Alanlar: 3D Yazc Eitimi, Robotik Kodlama Eitimi, Uu Simlasyonu Eitimi Bavuru in Son Tarih: 17 Ocak 2025 Eitim Yeri: pek Yolu Uluslararas ocuk ve Genlik almalar Merkezi Detaylar ve bavuru iin biodaki linke tklayn!",https://www.instagram.com/p/DEcYl9NooTW/
2025-01-04,"[Tarih: 2025-01-04] Uygulamal sinema atlyesi Eitimi, teorik bilgilerin pratie dkld bir renme ortam sunuyor. Kamera kullanm, klandrma ve senaryonun sahneye tanmas gibi teknik beceriler kazandrlyor. Katlmclar, ksa film projeleriyle deneyim kazanyor ve yaratclklarn ifade etme frsat buluyor. Grup almalar, ibirlii ve iletiim becerilerini glendiriyor. Senaryo yazm, kurgu ve post-prodksiyon sreleri de atlye almasnn nemli paralar.",https://www.instagram.com/p/DEaDCClt6vU/
2025-01-04,"[Tarih: 2025-01-04] niversite rencileri iin 3D Tasarm ve Yazc Eitimi Balad! Bu eitimde, 3 boyutlu tasarmn temelini reniyor ve 3D yazclar hem teorik hem de uygulamal olarak kefediyoruz. Fikirlerinizi teknolojiyle geree dntrmeye hazr olun! . . .",https://www.instagram.com/p/DEZnMAVNhZz/
2025-01-03,"[Tarih: 2025-01-03] pek Yolu ngilizce Konuma Kulb Balad! Genel ingilizce konuma kulb aktivitemiz ile, genlerin gnlk hayatta ve i yaamlarnda yabanc dil bariyerlerini aabilmeleri iin dile maruz kalmalarn salayp ngilizce seviyelerini gelitiriyoruz. Elenerek ve yaayarak rendikleri konuma kulbnde, yaygn eitim metotlar kullanlarak kendilerini en iyi ekilde ifade etmelerini takm oyunlar, drama gibi tekniklerle salyoruz. pek Yolu English Speaking Club Started! With our general English speaking club activity, we improve their English level by ensuring that young people are exposed to the language so that they can overcome foreign language barriers in daily life and business lives. In the speech club they learn by having fun and living, we enable them to express themselves in the best way by using non formal training methods with techniques such as team games and drama.",https://www.instagram.com/p/DEXV4V0t77D/
2025-01-02,"[Tarih: 2025-01-02] Gnll Ol, Fark Yarat! 2024-1-TR01-ESC30-SOL-000228807 numaral Avrupa Dayanma Program kapsamnda gerekletireceimiz projemizde yer alacak 5 gnll arkada aryoruz! Bu zel projede, konteynerkentlerde yaayan ocuklara psikososyal destek salamak ve onlar iin ktphaneler kurmak zere harekete geiyoruz. Proje Detaylar: Konum: 11 Deprem ili konteynerkentler Sre: 14 gn Sen de Aramza Katl! Bu projede gnll olarak; ocuklara ynelik psikososyal destek aktiviteleri yrtecek, Ktphane kurulumlarna destek olacak, Yeni insanlarla tanp, deerli deneyimler edineceksin. Gnlllk sresince konaklama, yemek ve yol giderleri projemiz tarafndan karlanacaktr. Bavuru iin son tarih: 10 Ocak 2025 Bavuru ve : Biyografi Haydi, bu deerli deneyimin bir paras olmak iin harekete ge! ocuklarn yznde bir tebessm yaratmak ve onlara umut olmak iin sen de bizimle birlikte gnll ol.",https://www.instagram.com/p/DEUJUEDtxD8/
2024-12-31,"[Tarih: 2024-12-31] lkemizin gl yarnlar iin yorulmadan ve durmadan almaya devam ediyoruz. Hayallerimize ve hedeflerimize giden yolda ilerlemenin mutluluunu yayoruz. Gelecein teknolojilerini ekillendirmek, tarmsal kalknmaya katk sunmak ve genlerimizin geleceine kpr olmak iin almalarmz kararllkla srdryoruz. Amacmz, lkemizin aydnlk yarnlarna yryen genlerimize yol olmaktr. pek Yolu Uluslararas ocuk ve Genlik almalar Merkezi: Bir hayalden daha fazlas!",https://www.instagram.com/p/DEQO1GrNEs9/
2024-12-29,"[Tarih: 2024-12-29] cretsiz niversite rencileri iin 3 Boyutlu Tasarm ve Yazc Kullanm Eitimi! pek Yolu Uluslararas ocuk ve Genlik almalar Merkezi 4-5 Ocak 09:00 - 17:00 3D yazc prensipleri, modelleme, bask malzemeleri ve daha fazlasn uzman eitmenlerden renme frsat! Kendi projelerinizi tasarlayp geree dntrn! Detaylar ve Kayt: Profildeki linkten ulaabilirsiniz.",https://www.instagram.com/p/DEKGLJ4Iu_K/
2024-12-28,"[Tarih: 2024-12-28] pek Yolu ngilizce Konuma Kulb Balad! Genel ingilizce konuma kulb aktivitemiz ile, genlerin gnlk hayatta ve i yaamlarnda yabanc dil bariyerlerini aabilmeleri iin dile maruz kalmalarn salayp ngilizce seviyelerini gelitiriyoruz. Elenerek ve yaayarak rendikleri konuma kulbnde, yaygn eitim metotlar kullanlarak kendilerini en iyi ekilde ifade etmelerini takm oyunlar, drama gibi tekniklerle salyoruz. pek Yolu English Speaking Club Started! With our general English speaking club activity, we improve their English level by ensuring that young people are exposed to the language so that they can overcome foreign language barriers in daily life and business lives. In the speech club they learn by having fun and living, we enable them to express themselves in the best way by using non formal training methods with techniques such as team games and drama.",https://www.instagram.com/p/DEHkS_ft82h/
2024-12-26,"[Tarih: 2024-12-26] pek Yolu olarak, AFAD personellerine ynelik drone kullanm eitiminin 2. gnnde uu eitimlerini gerekletirdik. Pratik uularla, arama kurtarma operasyonlarnda dronelarn etkin kullanmn deneyimledik. Afet ynetiminde teknolojinin gcn paylamaktan mutluluk duyuyoruz!",https://www.instagram.com/p/DECyBoLt6QV/
2024-12-25,"[Tarih: 2024-12-25] AFAD Personeline leri Seviye Drone Eitimi! Afetlere hazrlkl bir Trkiye iin nemli bir adm daha atyoruz! AFAD personelimize ynelik dzenlediimiz drone eitim program ile teknolojiyi etkin bir ekilde kullanmalarn salyoruz. Eitim kapsamnda, afet ynetimi ve arama-kurtarma srelerinde drone teknolojisinin kullanm, temel uu becerileri, grnt analiz yntemleri ve operasyonel uygulamalar ele alnyor. Afetlere hzl ve etkili mdahale iin hep birlikte daha gl bir Trkiye!",https://www.instagram.com/p/DD_l50pNja9/
2024-12-20,"[Tarih: 2024-12-20] pek Yolu'ndan Heyecan Verici Haberler! Yeni ngilizce Konuma Kulbmzn lansmann duyurmaktan heyecan duyuyoruz! ster ngilizcenizi gelitirmek, ister yeni arkadalar edinmek veya renirken elenmek isteyin, bu kulp tam size gre. Tarih: 28 Aralk 2024 Saat: 12:00 PM Samimi ve destekleyici bir ortamda ngilizce becerilerinizi gelitirmek iin bize katln. renciler, profesyoneller ve konuma ngilizcesini gelitirmek isteyen herkes iin mkemmel. Bavuru balants biyografide. pek Yolu'nda sohbet edelim, renelim ve birlikte byyelim! Orada grmek zere! Ya aral: 18-30 Exciting News from pek Yolu! We're thrilled to announce the launch of our new English Speaking Club! Whether you're looking to polish your English, meet new friends, or just have fun while learning, this club is for you. Date: December 28, 2024 Time: 12:00 PM Join us to boost your English skills in a friendly and supportive environment. Perfect for students, professionals, and anyone eager to improve their conversational English. Application link in bio. Let's chat, learn, and grow together at pek Yolu! See you there!",https://www.instagram.com/p/DDzVmKWNup8/
2024-12-14,"[Tarih: 2024-12-14] Take Off stanbulda pek Yolunun Gururu! Trkiyenin en byk teknoloji ve giriimcilik zirvesi olan Take Off stanbulda, pek Yolu Roket Takm olarak gelitirdiimiz roketimizi ve ticari uu kontrol bilgisayarmz Skylogici tanttk. Etkinlik boyunca youn ilgi gren standmzda roket yarmalarna ilgi duyan birok kiiyle bilgi ve deneyim paylaarak projelerimiz hakknda detayl bilgi verdik. pek Yolu Giriimci Kuluka Birimi olarak, genlerin teknoloji projelerini desteklemeye ve milli teknoloji hamlesine katk salamaya devam ediyoruz.",https://www.instagram.com/p/DDjiyV0uT_s/
2024-12-11,"[Tarih: 2024-12-11] Sanayi ve Teknoloji Bakanmz Sn. Mehmet Fatih Kacr Standmzda! Take Off stanbulda, pek Yolu Roket Takm olarak gelitirdiimiz roketimizi ve zgn tasarm uu kontrol bilgisayarmz Skylogici sergilemenin gururunu yaadk. Standmz ziyaret eden Sanayi ve Teknoloji Bakanmz Sayn Mehmet Fatih Kacr, projelerimizi yakndan inceleyerek bizlere destek ve takdirlerini iletti. Sayn Bakanmzla yaptmz bu grme, takm olarak motivasyonumuzu artrrken, ayn zamanda zerimize den sorumluluu bir kez daha hatrlatt. Milli teknoloji hamlesine katk sunmak iin var gcmzle almaya devam edeceiz. Bu yolculukta bize inanan ve destek veren herkese teekkr ederiz. Hep birlikte daha gl yarnlara!",https://www.instagram.com/p/DDcWhBrtbhm/
2024-12-11,"[Tarih: 2024-12-11] pek Yolu Roket Takm Take Off stanbulda! pek Yolu Roket Takm olarak, gelitirdiimiz roketimizi ve zgn tasarm uu kontrol bilgisayarmz Skylogici Take Off stanbulda gururla sergiledik! Take Off stanbul, Trkiyenin en byk teknoloji giriimcilik zirvesi olarak dnyadan ve Trkiyeden giriimcileri, yatrmclar ve teknoloji liderlerini bir araya getiriyor. Global apta yeniliki projelerin tantld bu prestijli etkinlikte, milli ve zgn teknolojilerimizi tantma ans bulduk. Baarlarla dolu bir gelecee katk salamak ve milli teknoloji hamlesine destek olmak iin almaya devam ediyoruz. Bize destek olan herkese teekkr ederiz! pek Yolu Roket Takm Take Off stanbulda!",https://www.instagram.com/p/DDb98MwNml1/
2024-12-08,"[Tarih: 2024-12-08] pek Yolu Sinema Atlyesi, atlye katlmclarndan oluan ekibin ilk belgesel filminin ekimlerini tamamladn byk bir mutlulukla duyurur. Tantm ve medya koordinatrlmz bnyesinde uygulamal eitimlerine devam eden pek Yolu Sinema Atlyesi, ilk film ekimini baaryla gerekletirdi. yi seyirler",https://www.instagram.com/p/DDVHikttN8a/
2024-12-06,"[Tarih: 2024-12-06] Elaz l Milli Eitim Mdrl Proje Yazma altay, pekyolu Uluslararas ocuk ve Genlik almalar Merkezi'nde Tbitak 2204 A-B Kodlu Aratrma Projeleri Yarmas kapsamnda bilgilendirme sunumu ile devam ediyor. Proje bavuru sreci, deerlendirme kriterleri ve ska sorulan sorular gibi nemli konular ele alnacak.",https://www.instagram.com/p/DDOt_Y7tor3/
2024-12-05,"[Tarih: 2024-12-05] Elaz l Milli Eitim Mdrl Proje Yazma altay, pekyolu Uluslararas ocuk ve Genlik almalar Merkezi'nde ""Buz krc etkinlikler"" ile devam ediyor. Ekip ii iletiimi glendirmek iin buz krc etkinlikler olduka faydaldr.",https://www.instagram.com/p/DDMYRM5NVhZ/
2024-12-05,"[Tarih: 2024-12-05] Elaz l Milli Eitim Mdrl Proje Yazma altay, pekyolu Uluslararas ocuk ve Genlik almalar Merkezi'nde Vali Yardmcs Armaan Yazc, Frat niversitesi Rektr Yardmcs Profesr Doktor Mehmet Ylmaz ve l Milli Eitim Mdr Mehmet Yiit'in katlmyla balad. altay 5-7 Aralk tarihlerinde pekyolu'nda gerekletirilecek.",https://www.instagram.com/p/DDMH8eqNnPY/
2024-11-27,"[Tarih: 2024-11-27] Arif Nihat Asya Ortaokulu 8. snf rencileri merkezimizi ziyaret ettiler. ocuklarmza merkezimizde gerekletirdiimiz almalar hakknda bilgiler verdik. Bir ocuk gelsin bir uaa dokunsun diyerek milli teknoloji hamlesinin, lkemizin gelecei olan ocuklarmz ile rettiimiz rn ve teknolojiler zerine konutuk.",https://www.instagram.com/p/DC3fFNhNWFX/
2024-11-25,[Tarih: 2024-11-25] Kar yayla birlikte masals bir manzaraya dntk Kar en ok sana yakyor,https://www.instagram.com/p/DCzHMJptNrk/
2024-11-23,"[Tarih: 2024-11-23] pek Yolu Sinema atlyesi ilk eitimini gerekletirdi! Fotorafn temel unsurlar ISO, Diyafram, Estantane, Doru pozlama, WB (White balance) ve fotoraf alar uygulamal olarak ilendi. Her kare, bak amz yanstan ve dnyay kendi penceremizden gsteren birer sanat eseridir. Fotoraf ekmek, etrafmzdaki dnyay daha dikkatli gzlemlemeyi ve detaylar fark etmeyi salar.",https://www.instagram.com/p/DCuIkyfNANI/
2024-11-23,"[Tarih: 2024-11-23] Almanya, Kln'de 58 Gnlk Gnlllk Frsat Sizi Bekliyor! Hayatnzda unutulmaz bir deneyime adm atmak ister misiniz? Avrupa Dayanma Program kapsamnda Almanya, Kln'de 58 gn srecek benzersiz bir gnlllk projesine katlmak zere 18-30 ya aralndaki genleri aryoruz! Proje Konusu: Proje Yazm, Gelitirme ve erik retimi Balang tarihi 9 Aralk Kimler Bavurabilir? 18-30 ya aralndaki genler, En az B1 seviyesinde ngilizce bilenler, (Tercihen) Yeil Pasaport sahipleri. Neler Kapsanyor? Seyahat masraflar, Yiyecek ve konaklama, Salk sigortas, Harlk (ayda 180 ). Kendinizi gelitirmek, uluslararas deneyim kazanmak ve genlerin hayatlarna dokunmak iin bu harika frsat karmayn! Bavuru linki: Bio",https://www.instagram.com/p/DCtpqD2NnCj/
2024-11-22,"[Tarih: 2024-11-22] UNDP tarafndan yrtlen pekyolu Uluslararas ocuk ve Genlik almalar Merkezinde gerekletirilen Turizm ve Otelcilik Eitimi tamamland! Turizm ve Otelcilik eitimi kapsamnda, rencilere sektrde ihtiya duyulan teorik bilgi ve pratik becerileri kazandrmay amalayan eitim program gerekletirildi. Eitim programnda; n bro ynetimi, kat hizmetleri, yiyecek-iecek hizmetleri, konaklama iletmecilii, turizm pazarlamas, gibi konularda eitim verildi. Bunun yan sra, rencilere iletiim, kriz ynetimi ve mteri ilikileri gibi alanlarda da bilgi verildi. Program, rencilerin sektrde profesyonel bir kariyer yapmalarn salamak iin hem uygulamal ve teorik ders eklinde tamamland. Program sonunda katlmclara program kapsamnda belgeleri taktim edildi.",https://www.instagram.com/p/DCrrHbDtQH-/
2024-11-21,"[Tarih: 2024-11-21] ""Doann Bir Paras Ol! Hayata Deer Katmak in Seni Bekliyoruz!"" pek Yolu Uluslararas ocuk ve Genlik almalar Merkezi olarak, srdrlebilir tarm ve hayvanclk faaliyetlerinde ""Yaayarak renme"" frsatn sunuyoruz! Eer doayla i ie vakit geirip, tarmsal retime katk salamak ve evre bilinci kazanmak istiyorsan bu program tam sana gre! Ne yapacaz? Tohum ekiminden hasada, atk ynetiminden evre dostu uygulamalara ve teknolojiye kadar birok faaliyet. Kimler katlabilir? Doay seven, tarm ve hayvancla ilgi duyan genler! (st snr 28 ya snr vardr) Nasl katlabilirim? Linkteki Bio'dan bavuru formunu doldur ve gnll ekibimize katl! Haydi, toprakla tan! Birlikte retelim, birlikte renelim.",https://www.instagram.com/p/DCoZ7wGIp2D/
2024-11-19,"[Tarih: 2024-11-19] pekyolu Sinema Atlyesi, kaplarn yeni yeteneklere ayor. Bu atlye, katlmclara sinemann temel prensiplerini uygulamal olarak retmeyi amalyor. Deneyimli eitmenler eliinde, senaryo yazmndan film ekimine kadar birok alanda bilgi ve beceri kazanma ans sunuyor. pekyolu Sinema Atlyesi, hayallerini beyaz perdeye tamak isteyen herkesi bekliyor. Uygulamal olarak Kamera kullanm fotoraf, video ekim teknikleri. kurgu ve ksa film alanlarnda eitimler yer alyor. pek yolu Sinema Atlyesi hazr",https://www.instagram.com/p/DCjbPCEofZX/
2024-11-17,"[Tarih: 2024-11-17] Erasmus + Proje Yazma Atlyesi pek yolu'nda tamamland Pek ok uluslararas kuruluun hibe arlarnda bavurunun nemli bir paras olan Mantksal ereve Matrisi hazrlama srecini uygulamal olarak rendik Katlmclarmz artk Erasmus+ Genlik Deiimi alannda proje hazrlayabilecek, genlik gruplar olarak hibe ve frsatlardan faydalanarak farkl kltrlerle proje yrtebilecekler ve yabanc dil, organizasyon, proje yazma yrtme becerilerini gelitirecekler. 2 gn sren eitimimiz herkes iin ok verimli oldu Katlmclarmz farkl gruplar halinde genlik gruplarn oluturdular. Bu srete kendilerine eitim ve mentorlk destei saladk. Genlik gruplar olarak artk katlmclarmz da proje hibe ve frsatlardan faydalanma imkan bulacaklar.",https://www.instagram.com/p/DCefpJqIzUS/
2024-11-17,"[Tarih: 2024-11-17] pekyolu Sinema Akademisi ilk toplantsn gerekletirdi. Akademi, sinema alannda syleiler, ksa film retim sreci, senaryo kurgu, kamera ekim ve aydnlatma konularn uygulamal bir ekilde ele alyor. Katlmclar, uzun eitim srecinden sonra ierik retimi ve ksa film konularnda uzmanlaacaklar.",https://www.instagram.com/p/DCeTCcNo0Ev/
2024-11-17,"[Tarih: 2024-11-17] Teknofest Sanayide Dijital Teknolojiler Yarmasnda Trkiye ikincisi olan otonom robot takmmz, gnll arkadalarmzla bilgi ve tecrbelerini paylat! ROS iletim sistemleri ve otonom robot gelitirme sreleri zerine gerekletirdiimiz etkinlikte, takmmz elde ettii baarlar ve birikimlerini aktard Gelecein teknolojilerini birlikte gelitirmek iin almalarmz hz kesmeden devam ediyor!",https://www.instagram.com/p/DCd2YQ_Im1B/
2024-11-17,[Tarih: 2024-11-17] Erasmus + Proje Yazma Atlyesi pek yolu'nda devam ediyor. Gn ierisinde katlmclarmz ile birlikte Genlik deiimi (KA152) alannda uygulamal proje hazrlayacaz. Uygulama ncesi takm kurma almas ile devam ediyoruz. +,https://www.instagram.com/p/DCdu0OEIIqE/
2024-11-16,[Tarih: 2024-11-16] Erasmus+ Proje Yazma Atlyesi Atlye boyunca katlmclarmz ulusal ve uluslararas hibe programlarn renerek genlik gruplar veya sivil toplum kuruluu olarak hibe programlarna nasl bavuru yapacan ve proje hazrlayacan renecekler.,https://www.instagram.com/p/DCbQonDIMyS/
2024-11-16,"[Tarih: 2024-11-16] Ara Tatil Teknoloji Kampnda lise rencileriyle bir araya geldik! Sabit Kanat Model Uak Eitimi kapsamnda, katlmclara hem teorik bilgiler sunduk hem de simlasyonlarla pratie dktk. Teknolojiye merakl genlerle gelecee kanat ayoruz!",https://www.instagram.com/p/DCbIKGpIFRE/
2024-11-13,"[Tarih: 2024-11-13] lk Gnll Bulumamz Gerekletirdik! pek Yolu Uluslararas ocuk ve Genlik almalar Merkezi Giriimci Kuluka Birimi olarak gnll adaylarmzla ilk bulumamz gerekletirdik! Teknoloji atlyeleri, Teknofest yarma takmlar, kiisel geliim eitimleri ve daha fazlasyla gnlllerimize destek olmak iin sabrszlanyoruz. Birlikte gl bir ekip olarak gelecee hazrlanyoruz!",https://www.instagram.com/p/DCUl5QOoKbi/
2024-11-13,"[Tarih: 2024-11-13] Ara Tatil Teknoloji Kampmzda pek Yolu Elektronik Gelitirme Kart ile Robotik Kodlama Eitimimiz Balad! Lise rencilerimiz, pek Yolu Elektronik Gelitirme Kart ile ilk robotik projelerini yapmaya balyor! Kodlama ve devre kurmay renirken elektronik dnyasna adm atyorlar. Sensrler ve hareket sistemleriyle yaptklar deneyler sayesinde teknolojiye dair bilgi ve becerilerini gelitiriyorlar.",https://www.instagram.com/p/DCUHFEwo_mR/
2024-11-13,"[Tarih: 2024-11-13] Temel Python Eitimi! Ara tatilde dzenlediimiz Teknoloji Kamp'nda liseli rencilerimize ynelik Temel Python Eitimi'ni tamamladk. Pythonun temel kavramlarn renen renciler, yazlma ilk admlarn atarken problem zme ve algoritmik dnme becerilerini gelitirdiler. Gelecein yazlmclarn yetitirmek iin almalarmza devam ediyoruz!",https://www.instagram.com/p/DCTWSQRoM4y/
2024-11-11,"[Tarih: 2024-11-11] Ara Tatil Teknoloji Kampmzda Temel Python Eitimi Balad! Pythonun temellerini renmeye balayan lise rencilerimiz, bilgisayar ekranlarnda ilk kodlarn yazarken biz de bu heyecanlarna ortak oluyoruz! Programlama dnyasna ilk admlarn atan ve algoritma mantn kefeden genlerimizle verimli ve keyifli bir eitim srecine baladk.",https://www.instagram.com/p/DCOUvo2ozDw/
2024-11-07,"[Tarih: 2024-11-07] UNDP tarafndan yrtlen pekyolu Uluslararas ocuk ve Genlik almalar Merkezinde gerekletirilen Turizm ve Otelcilik Eitimi uygulamal olarak devam ediyor Turizm ve Otelcilik Eitiminde, rencilere kresel turizm sektrnn gerektirdii bilgi ve beceriler hakknda eitim salanmaktadr. Bu kapsamda; turizm sektr ve ynetimi, turizm sektrnn zellikleri ve geliimi hakknda bilgiler verildi. Turizm iletmeleri ve ileyii, otel iletmelerinin sunduu hizmetler, otel iletmelerinde departman ynetimi, yiyecek iecek, n bro ve kat hizmetlerinin grev ve sorumluklar konularnda eitimler verilmitir. Ayrca kat hizmetleri konusunda dikkat edilmesi gerekenler, oda dzeni ve misafir iin hazr hale getirilmesi konusunda uygulamalar yapld.",https://www.instagram.com/p/DCE-muAIqqi/
2024-11-05,"[Tarih: 2024-11-05] Gnll adaylarmzla bulumamz gerekletirdik! pek Yolu Uluslararas ocuk ve Genlik almalar Merkezi olarak, gnlllerimize teknoloji atlyelerinden Teknofest yarma takmlarnda yer almaya, kiisel geliimlerine katk sunacak eitimlere katlmaya kadar birok alanda destek olacaz. Eitmen eitimi, kurumsal alma disiplini kazanm gibi imkanlarla genlerimizin yannda olmaktan gurur duyuyoruz. Birlikte gl bir ekip olarak gelecee hazrlanyoruz!",https://www.instagram.com/p/DB-5PO2IdDz/
2024-11-04,"[Tarih: 2024-11-04] 16-17 Kasm tarihlerinde pek Yolu'nda dzenlenecek olan proje yazma atlyemize tm genleri bekliyoruz! Saat 10:00da balayacak ve 16:00e kadar 2 gn srecek olan bu zel etkinlikte, genler gruplar halinde proje yazmay yaayarak renme metodu ile kefedecekler. Erasmus+ projeleri hazrlamaya ynelik bu uygulamal atlyede, teoriyi pratie dkme frsat yakalayacak ve proje yazma becerilerini gelitirecekler. Katlmak iin hazr olun; birlikte renelim, retelim ve gelecein projelerine imza atalm! Bavuru iin biyografide bulunan linke tklamay unutmayn. Tarih: 16-17 Kasm Saat: 10:00 - 16:00 Yer: pek Yolu Uluslararas ocuk ve Genlik almalar Merkezi Ya Snr: 18-30",https://www.instagram.com/p/DB8rIL-oKcb/
2024-11-04,"[Tarih: 2024-11-04] niversite rencilerine ynelik dzenlediimiz Zirai nsansz Hava Arac (HA) eitimimizi baaryla tamamladk! Katlmclar, tarmda HA teknolojilerinin kullanm ve tarmsal veri toplama tekniklerini renirken ayn zamanda uygulamal uu eitimi ile HAlar profesyonel bir ekilde kullanma becerisi kazandlar. Gelecein tarm uzmanlar iin teknolojiyi etkin kullanmann nemine inanyor, genlerimizi bu alanda donanml hale getirmeyi hedefliyoruz!",https://www.instagram.com/p/DB8kZxeIs8k/
2024-11-03,"[Tarih: 2024-11-03] pek Yolu Uluslararas ocuk ve Genlik almalar Merkezi Giriimci Kuluka Birimi olarak, teknoloji ve inovasyon alannda gelecei ekillendirecek gen gnlllerimizi semek iin dzenlediimiz bulumay youn bir katlmla gerekletirdik. Gelecein liderleri ve yenilikileriyle bir araya gelmenin mutluluunu yaadk. pek Yolu ekibi olarak, Teknofest gibi ulusal ve uluslararas yarmalarda elde ettiimiz baarlarla genlerin teknolojiye olan ilgisini artrmak ve lkemizi en iyi ekilde temsil etmek iin almalarmza devam ediyoruz. lginiz ve heyecannz iin teekkr ederiz! pek Yolunda olmak bir ayrcalktr; birlikte daha byk baarlara ve projelere imza atacamza inanyoruz.",https://www.instagram.com/p/DB6i-_dIvlk/
2024-11-03,"[Tarih: 2024-11-03] niversite rencilerine ynelik pek Yolu Uluslararas ocuk ve Genlik almalar Merkezi HA pistinde gerekletirdiimiz ""Zirai nsansz Hava Aralar Kullanm Eitimini"" tamamladk .",https://www.instagram.com/p/DB5zGCRodhb/
2024-11-02,"[Tarih: 2024-11-02] Bilim ve Teknoloji Kamp 11-17 Kasm 2024 tarihleri arasnda, pek Yolu Uluslararas ocuk ve Genlik almalar Merkezi'nde Lise rencilerine ynelik Teknoloji Eitimleri Balyor!!! Bavuru Yapabileceiniz Eitimler: Robotik Kodlama Temel Python Programlama 3D Yazc Kullanm Temel Roketilik Eitimi HA ( Drone ) Kullanm Sabit Kanat Model Uak Simlasyonu Her bir eitim snrl kontenjana sahiptir. Daha fazla bilgi ve bavuru formuna profilimizdeki linkten ulaabilirsiniz.",https://www.instagram.com/p/DB3GNA3tc2D/
2024-11-01,[Tarih: 2024-11-01] sve hkmeti tarafndan finanse edilen ve UNDP tarafndan yrtlen pekyolu Uluslararas ocuk ve Genlik almalar Merkezinde gerekletirilen Turizm ve Otelcilik Eitimi devam ediyor,https://www.instagram.com/p/DB06JSUoX8u/
2024-11-01,[Tarih: 2024-11-01] Biz Gl TRKYE'YZ Daha fazla Durmadan yorulmadan almaya bu cennet vatan iin retmeye devam edeceiz,https://www.instagram.com/p/DB02TZ0Ihyc/
2024-10-31,"[Tarih: 2024-10-31] Elaz Valisi Sayn Numan Hatipolu, l Genel Meclis Bakan Sayn Av. mer Faruk elik, l zel daresi Genel Sekreteri Sayn Ali i, merkezimizi ziyaret ederek Genel Sekreter Yardmcmz Sayn Dr. Murat Okubaydan bilgiler alp tesisimizi ziyaret ettiler . Kendilerine gstermi olduklar ilgi ve destek iin teekkr ederiz. Ziyaretlerinin, Elaza ve kurumumuza nemli katklar salayacana inanyoruz. @",https://www.instagram.com/p/DByziaKIdwm/
2024-10-31,"[Tarih: 2024-10-31] sve hkmeti tarafndan finanse edilen ve UNDP tarafndan yrtlen, pekyolu Uluslararas ocuk ve Genlik almalar Merkezi'nde Turizm ve Otelcilik Eitimi balad.",https://www.instagram.com/p/DByXALyo2vi/
2024-10-31,"[Tarih: 2024-10-31] Eurodesk Trkiye temas noktas olarak getiimiz sene genler iin Avrupa frsatlar eitimi dzenledik ve u anda gnllmz olan Fatma eitimimize katlmt. Yapm olduumuz bilgilendirmeler dorultusunda ESC projesine katlmak iin tarafmza bavuruda bulunan Fatmann u an gnll faaliyeti devam etmektedir. Avrupa Dayanma Program kapsamnda, gnllmz Fatma, 89 gn boyunca Almanyann Kln ehrinde ocuklarn kiisel ve dil geliimlerine katkda bulunmaya devam ediyor. Fatma, ocuklara yabanc dili sevdirerek retmeyi hedefleyen eitli aktiviteler ile onlarn dil becerilerini gelitirmelerine yardmc olmaktadr. Yaygn retim metotlar kullanarak, elenceli ve etkili bir renme ortam salamaktadr. ocuklarn potansiyelini aa karmak iin yrtlen bu almalar, uluslararas dayanmann ve kltrel etkileimin nemini bir kez daha ortaya koymaktadr.",https://www.instagram.com/p/DByVC0cIo1L/
2024-10-30,"[Tarih: 2024-10-30] pek Yolu Sinema Atlyesi Bavurular Ald! Medya alannda kendini gelitirmek, video ekim, kurgu, montaj, fotoraflk ve edit gibi konularda bilgi sahibi olmak ister misin? pek Yolu Sinema Atlyesi ile hayallerine adm at! Yl boyunca srecek bu atlyemizde katlmclarla birlikte ksa film almalar yapacak, festivallere hazrlk aamalarna katlacaksnz. Ya snr 30 Bavurular ve detaylar iin biyografideki linke gz atmay unutmayn!",https://www.instagram.com/p/DBv9yNAoS2c/
2024-10-28,"[Tarih: 2024-10-28] Avrupann en byk savunma, havaclk ve uzay sanayi fuar olan da, T3 Vakfnn desteiyle SkyLogic rnmz tanttk Milli Teknoloji Hamlesi yolunda retmeye ve almaya kararllkla devam edeceiz",https://www.instagram.com/p/DBq2-riIbeS/
2024-10-27,"[Tarih: 2024-10-27] Zirai nsansz Hava Arac Kullanm Eitimi Balyor! Zirai nsansz Hava Arac Kullanm Eitimi pek Yolu Uluslararas ocuk ve Genlik almalar Merkezi tarafndan 2-3 Kasm 2024 tarihlerinde Elazda cretsiz olarak dzenleniyor! Tarih: 2-3 Kasm 2024 Yer: pek Yolu Uluslararas ocuk ve Genlik almalar Merkezi, Elaz Saat: 09:00 - 18:00 Katlmc Ya Aral: 18-30 Katlm 20 kii ile snrldr! Bavuru yapmak iin acele edin ve bu esiz frsat karmayn! Bavuru Linki Bioda Detayl bilgi ve bavuru iin bizimle iletiime gein.",https://www.instagram.com/p/DBn2XQjoCJH/
2024-10-26,"[Tarih: 2024-10-26] ""Eurodesk ve Genler iin Avrupa Frsatlar Eitimi""",https://www.instagram.com/p/DBllJAwIrJg/
2024-10-26,"[Tarih: 2024-10-26] Eurodesk Trkiye Temas Noktas olarak, genlerin Avrupa'da frsatlar kefetmelerine yardmc olmak amacyla ""Eurodesk ve Genler iin Avrupa Frsatlar Eitimi"" pekyolu Uluslararas ocuk ve Genlik almalar Merkezinde gerekletirildi Eitimimizde, Avrupa'daki eitim, staj ve gnlllk frsatlar ve bu frsatlar nasl deerlendirebileceimizi rendik. Ayrca Eurodesk hizmetlerimiz ve desteklerimiz hakknda detayl bilgilendirmelerde bulunduk .",https://www.instagram.com/p/DBlgswQoWtv/
2024-10-26,"[Tarih: 2024-10-26] Eurodesk Trkiye Temas Noktas olarak, genlerin Avrupa'da frsatlar kefetmelerine yardmc olmak amacyla dzenlediimiz ""Eurodesk ve Genler iin Avrupa Frsatlar Eitimi"" hareketlendiriciler ile pek Yolu'nda balad.",https://www.instagram.com/p/DBlcpPOIUb7/
2024-10-24,"[Tarih: 2024-10-24] pek Yolu Sosyal Kuluka Gnll Program Ald! pek Yolu Uluslararas ocuk ve Genlik almalar Merkezi olarak, toplumsal deiime nclk edecek gnlller aryoruz! Sosyal Kuluka Programmza katlarak becerilerinizi gelitirin ve kresel toplulukta pozitif etkiler yaratn. u anda aadaki gnll pozisyonlar iin bavuru kabul ediyoruz: ngilizce Konuma Kulb Gnllleri: Kendinizi ngilizce olarak rahatlkla ifade edebiliyor musunuz? ngilizce konuma kulpleri dzenleyip ynetebilecek misiniz? lanlar yaynlama ve bavurular toparlama becerinize gveniyor musunuz? Eer bu sorulara cevabnz ""Evet"" ise, ngilizce Konuma Kulb gnllmz olun! Eitim ve Organizasyon Gnllleri: Yeni eyler renmeye ve takm almasna ak msnz? Eitim ve organizasyonlara katkda bulunarak etkinliklerimizi zenginletirmek ister misiniz? Dinamik bir eitim ortamnda aktif rol almak sizin iin heyecan verici mi? O zaman bu pozisyon sizin iin ideal! Uluslararas Proje Yazma/Yrtme Gnllleri: Proje ynetimi ve uluslararas ibirliklerine ilginiz var m? Global projeler gelitirme ve yrtme konusunda hevesli misiniz? Takm almasn ve yeni bilgiler renmeyi seviyor musunuz? Bizimle birlikte byk projelerin paras olmak istiyorsanz, siz de aramza katln! Nasl Bavurabilirsiniz?: Biyografide bulunan link zerinden bavurabilirsiniz. pek Yolu'nda sizinle tanmay ve bu yolculukta birlikte yrmeyi sabrszlkla bekliyoruz! Ya 18 - 30 Gelin, birlikte daha iyisi iin alalm!",https://www.instagram.com/p/DBhHAVdIbe0/
2024-10-23,"[Tarih: 2024-10-23] pek Yolu Roket Takmmz tarafndan gelitirilen SkyLogic uu kontrol kart ve evre birimlerini, T3 Vakfnn desteiyle Uluslararas Savunma Havaclk ve Uzay Sanayi Fuarnda sergiliyoruz.",https://www.instagram.com/p/DBd2MfyodED/
2024-10-22,"[Tarih: 2024-10-22] Beklenen An Geldi! Gnlller Aranyor! pek Yolu Uluslararas ocuk ve Genlik almalar Merkezinde yeniliki projelerde yer almak, deneyim kazanmak ve teknoloji dnyasnda fark yaratmak iin gnllmz ol! Yer: Elaz, pek Yolu Uluslararas ocuk ve Genlik almalar Merkezi Bavuru ve detaylar iin profildeki linke gz at! Bavuru Tarihleri: [22/10/2024] - [31/10/2024] imdi bavur, bu heyecan verici yolculukta sen de yerini al!",https://www.instagram.com/p/DBbLLw5oYF-/
2024-10-22,[Tarih: 2024-10-22] sve hkmeti tarafndan finanse edilen ve UNDP tarafndan yrtlen pekyolu Uluslararas ocuk ve Genlik almalar Merkezinde gerekletirilecek olan Turizm ve Otelcilik Eitimi Bavurular balad. Bavuru iin son tarih 27 Ekim Bavuru linki Bio,https://www.instagram.com/p/DBa63N5oEnA/
2024-10-21,"[Tarih: 2024-10-21] Balyoruz! Eurodesk Trkiye Temas Noktas olarak, genlerin Avrupa'da frsatlar kefetmelerine yardmc olmak amacyla dzenlediimiz ""Eurodesk ve Genler iin Avrupa Frsatlar Eitimi""ni duyurmaktan byk heyecan duyuyoruz. Bu eitim, Time To Move etkinlikleri kapsamnda gerekletirilecek. Tarih: 26 Ekim Cumartesi Saat: 13:00 Yer: pek Yolu Uluslararas ocuk ve Genlik almalar Merkezi Eitimimizde, Avrupa'daki eitim, staj ve gnlllk frsatlar hakknda bilgi sahibi olacak, bu frsatlar nasl deerlendirebileceinizi reneceksiniz. Ayrca Eurodesk hizmetlerimiz ve desteklerimiz hakknda detayl bilgilere eriim ans yakalayacaksnz. Katlmak isteyen herkes iin mkemmel bir frsat! Bavurmak iin Bio'daki linkte bulunan formu doldurmanz gerekmektedir. Bize katln, Avrupa'daki frsatlarn kaplarn aralayn!",https://www.instagram.com/p/DBYfwDEoQS9/
2024-10-09,[Tarih: 2024-10-09] Gkyz Gzlem Etkinlii 10-12 ya ocuklarmzla Gkyz Gzlem Etkinlii gerekletirdik. ocuklar gkyznde tpk kendileri gibi parlayan yldzlarla tantlar.,https://www.instagram.com/p/DA6RlWSIvsC/
2024-10-07,[Tarih: 2024-10-07] pek Yolu Otonom Robot Takm Trkiye 2.si,https://www.instagram.com/p/DA1Jz21IKuA/
2024-10-06,[Tarih: 2024-10-06] Baar pek Yolu'nda bir gelenektir pek Yolu Otonom Robot Takmmz dln ald . . . pek Yolu Otonom Robot Takmmz Teknofest 2024 Sanayide Dijital Teknolojiler leri Seviye Robot Yarmasnda Trkiye 2.lii derecesi alarak bizleri gururlandrd. En byk gururumuz da robotun elektronik devre kart ile yazlmn %100 yerli ve milli yaparak yarmaya girmi olmalar.Takmmz kutluyor baarlarnn devamn diliyoruz,https://www.instagram.com/p/DAyJXAtoWCU/
2024-10-04,"[Tarih: 2024-10-04] PEK YOLU OTONOM ROBOT TAKIMI TRKYE 2'NCS! pek Yolu Otonom Robot Takmmz, TEKNOFEST 2024 Sanayide Dijital Teknolojiler leri Seviye Robot Yarmas'nda ""Trkiye 2'lii derecesi alarak bizleri gururlandrd. En byk gururumuz da robotun elektronik devre kart ile yazlmn %100 yerli ve milli yaparak yarmaya girmi olmalar. Takmmz kutluyor, bizlere yaattklar bu gurur iin teekkr ediyoruz.",https://www.instagram.com/p/DAsVIpxIWZS/
2024-10-03,[Tarih: 2024-10-03] Teknofest 2024 Adana pek yolu Otonom Robot Takmmz,https://www.instagram.com/p/DAqM2sSIqWJ/
2024-10-03,[Tarih: 2024-10-03] Teknofest 2024 Adana * pek Yolu Teknofest'te.,https://www.instagram.com/p/DAqCWibocvQ/
2024-10-01,"[Tarih: 2024-10-01] Genlik ve Spor Bakanl tarafndan Hatay Arsuz Ulunar Genlik Kamp'nda dzenlenen ""Ekolojik ve Srdrlebilir Tarm Genlik Kamp""nda pekyolu Uluslararas ocuk ve Genlik almalar Merkezi Tarm ve Hayvanclk Birim Koordinatrlmzn katlmyla katlmc genlere yaygn eitim metotlaryla eitimler verildi.",https://www.instagram.com/p/DAlQLykI-j6/
2024-09-24,"[Tarih: 2024-09-24] Avrupa Dayanma Program ESC gnlllk hareketi kapsamnda 89 gnlne Almanya'ya ocuk geliimi zerine ve ocuklarn dil kapasitesinin geliimi iin giden Fatma, pekyolu'nu temsilen Kasm ayna kadar orada olacak. Kendisine baarl bir gnlllk sreci dileriz.",https://www.instagram.com/p/DATWgp9I8GB/
2024-09-24,"[Tarih: 2024-09-24] pek Yolu Roket Takm'mzdan Bir Baar Daha pek Yolu Roket Takmmz, Teknofest 2024'te Roket Yarmas Zorlu Kategori'de En yi Takm Ruhu dl'n almtr. Takmmz tebrik ederiz.",https://www.instagram.com/p/DASwaL2oIMs/
2024-09-23,[Tarih: 2024-09-23] PEK YOLU OTONOM ROBOT TAKIMIMIZDAN BR BAARI DAHA ! pek Yolu Otonom Robot Takmmz Teknofest 2024 Sanayide Dijital Teknolojiler leri Seviye Robot Yarmasnda Trkiye 2.lii derecesi alarak bizleri gururlandrd. En byk gururumuz da robotun elektronik devre kart ile yazlmn %100 yerli ve milli yaparak yarmaya girmi olmalar.Takmmz kutluyor bizlere yaattklar bu gurur iin teekkr ediyoruz.,https://www.instagram.com/p/DAQ5EcUI1Gm/
2024-09-17,"[Tarih: 2024-09-17] Merhaba genler, hepiniz ho geldiniz. Sizleri ve kltrlerinizi ok sevdik 40 farkl lkeden gelen katlmclarla gerekletirdiimiz Yeilay Uluslararas Bamsz Genlik Kamp sona erdi.",https://www.instagram.com/p/DABTJ5bopDt/
2024-09-17,"[Tarih: 2024-09-17] pek Yolu Roket Takm olarak, 4 yldr zerinde altmz, tasarmndan yazlmna ve retimine kadar tamamen yerli kaynaklarla gelitirdiimiz Uu Kontrol kartmz ile yarmalara katldk ve birok baar elde ettik. Bu yl, byk bir mutlulukla roketsan araclyla 42 roket takmna bu kart hediye ettik. Ayrca, Teknofest2024te Sn. Seluk Bayraktara ve Roketsan Genel Mdr Sn. Murat kinciye Skylogic Uu Kontrol Kartmz hediye etmenin onurunu yaadk. Artk her yl yerli retimle bu kart takmlara destek olarak sunmaya devam edeceiz.",https://www.instagram.com/p/DAA12TbIMtn/
2024-09-16,"[Tarih: 2024-09-16] nceki 3 ylda roket yarmasnda st ste birok baarya imza atan pek Yolu Roket takmmz, Teknofest kapsamnda Roketsan tarafndan dzenlenen Roket Yarmasnda Zorlu Kategoride finalist olarak tm zorlu sreleri baaryla tamamlamtr. Montaj aamalarn zamannda ve mhendislik harikasyla gerekletiren takmmz, birok alt sistemde tam puan almtr. Ancak at sonrasnda yaanan teknik bir sorun nedeniyle hedeflenen baarya ulalamamtr. lkemizin tam bamszl iin gece gndz alan ve birok alt sistemi yerli ve zgn olarak gelitiren takmmz ve yelerimizi gnlden kutluyoruz. Hedefimizden sapmadan, kararllkla yolumuza devam edeceiz!",https://www.instagram.com/p/C_-pz4dIH3J/
2024-09-16,[Tarih: 2024-09-16] Kltrleraras Proje Gelitirme Atlyesi Yeilay Uluslararas Bamsz Genlik Kamp pekyolu'nda devam ediyor,https://www.instagram.com/p/C_-dfWAICgF/
2024-09-16,[Tarih: 2024-09-16] Teknoloji Atlyesi Yeilay Uluslararas Bamsz Genlik Kamp pekyolu'nda devam ediyor,https://www.instagram.com/p/C_-NNoGo1Ef/
2024-09-15,[Tarih: 2024-09-15] Kltrel Gece enlikleri kamp atei eliinde devam ediyor Yeilay pekyolu,https://www.instagram.com/p/C_8vhNaIK-U/
2024-09-15,[Tarih: 2024-09-15] Kltrel Gece enlikleri TRKYE Yeilay Uluslararas Bamsz Genlik Kamp,https://www.instagram.com/p/C_8s-XRI5T-/
2024-09-15,[Tarih: 2024-09-15] 40 farkl lkeden katlmclarmzla birlikte Tarihi Harput Kalesi'ndeyiz Yeilay pekyolu,https://www.instagram.com/p/C_78NOLISdX/
2024-09-15,[Tarih: 2024-09-15] Kltrleraras Proje Gelitirme Atlyesi pekyolu Yeilay Yeilay Uluslararas Bamsz Genlik Kamp pekyolu'nda devam ediyor,https://www.instagram.com/p/C_7fO49I6Ns/
2024-09-14,[Tarih: 2024-09-14] Gkyz Gzlem Etkinlii Yeilay Uluslararas Bamsz Genlik Kamp pekyolu'nda devam ediyor,https://www.instagram.com/p/C_6STR3IhAo/
2024-09-14,[Tarih: 2024-09-14] Kltrel Gece enlikleri. Azerbaycan Tacikistan Trkmenistan zbekistan Moolistan Krgzistan Yeilay Uluslararas Bamsz Genlik Kamp pekyolu'nda devam ediyor,https://www.instagram.com/p/C_6OCJzIWFd/
2024-09-14,[Tarih: 2024-09-14] Fzyon Mutfa Yeilay Uluslararas Bamsz Genlik Kamp pekyolu'nda devam ediyor,https://www.instagram.com/p/C_5YT54oymg/
2024-09-14,[Tarih: 2024-09-14] Proverb- Atasz Paylamlar Yeilay Uluslararas Bamsz Genlik Kamp pekyolu'nda devam ediyor,https://www.instagram.com/p/C_4_3sQomfb/
2024-09-13,[Tarih: 2024-09-13] Kltrel Gece enlikleri Burundi Madagaskar Nijerya Fildii Sahili Gney Sudan Sudan Haiti Kongo Kamerun Srbistan Makedonya Yeilay Uluslararas Bamsz Genlik Kamp pekyolu'nda devam ediyor,https://www.instagram.com/p/C_3suLrITH2/
2024-09-13,[Tarih: 2024-09-13] Teknofest 2024 Zorlu Grev kategorisinde yaracak pekyolu Roket Takmmz at ncesi son hazrlklarn gerekletiriyor.,https://www.instagram.com/p/C_3NxwmoGKx/
2024-09-13,[Tarih: 2024-09-13] Aromatik Bitki Kefi Ve Atlyesi 40 farkl lkeden gelen katlmclarmzla Yeilay Uluslararas Bamsz Genlik Kamp pekyolu'nda devam ediyor.,https://www.instagram.com/p/C_3KPuJonm6/
2024-09-13,[Tarih: 2024-09-13] Binicilik ve Geleneksel Okcuuk Yeilay Uluslararas Bamsz Genlik Kamp pekyolu'nda devam ediyor,https://www.instagram.com/p/C_295mEoYPp/
2024-09-13,[Tarih: 2024-09-13] Gemiten gnmze Yeilay'n Genlik almalar. Yeilay Uluslararas Bamsz Genlik Kamp pekyolu'nda devam ediyor,https://www.instagram.com/p/C_2XwvzIcmj/
2024-09-12,[Tarih: 2024-09-12] Kltrel Gece enlikleri Filistin Bahreyn Taylant Pakistan Banglade Filipinler Endonezya Ekvator Panama Meksika Venezuela Kba eenistan Yemen Etiyopya Somali Moritanya Yeilay Uluslararas Bamsz Genlik Kamp pekyolu'nda devam ediyor,https://www.instagram.com/p/C_1FA1_oFhd/
2024-09-12,[Tarih: 2024-09-12] 40 farkl lkeden gelen katlmclarmzla Tanma Oyunu ve Oryantiring almas yaptk. Yeilay Uluslararas Bamsz Genlik Kamp pekyolu'nda devam ediyor.,https://www.instagram.com/p/C_0czrooE6v/
2024-09-12,[Tarih: 2024-09-12] Temel Bamllk Eitimi Yeilay Uluslararas Bamsz Genlik Kamp pekyolu'nda devam ediyor,https://www.instagram.com/p/C_zvd3UIPdO/
2024-09-12,[Tarih: 2024-09-12] Yryelim. Hep birlikte Yeilay pekyolu,https://www.instagram.com/p/C_zsGoBooSr/
2024-09-12,[Tarih: 2024-09-12] Yeilay Uluslararas Bamsz Genlik Kamp pekyolu'nda tesis tantm ile balad,https://www.instagram.com/p/C_zpPCQIlkN/
2024-09-08,[Tarih: 2024-09-08] Hazine Av ve Mnazara Yeilay Psikososyal Destek Kamp pekyolun'da devam ediyor,https://www.instagram.com/p/C_qPW5vIHzP/
2024-09-08,[Tarih: 2024-09-08] Sabun yapm atlyesi Yeilay Psikososyal Destek Kamp pekyolu'nda devam ediyor.,https://www.instagram.com/p/C_p9lIBIJnx/
2024-09-08,[Tarih: 2024-09-08] Tbbi Aromatik Bitki kefi Yeilay Psikososyal Destek Kamp pekyolu'nda devam ediyor,https://www.instagram.com/p/C_p8jcDILiY/
2024-09-08,[Tarih: 2024-09-08] Temel Bamllk Eitimi. Yeilay Psikososyal Destek Kamp pekyolu'nda devam ediyor.,https://www.instagram.com/p/C_phVIfI9qV/
2024-09-06,[Tarih: 2024-09-06] pekyolu Otonom Robot Takmmz Teknofest 2024 Sanayide Dijital Teknolojiler ileri kategorisindeki yarmay tamamlad. lkemiz iin hi durmadan yorulmadan retmeye devam edeceiz,https://www.instagram.com/p/C_lCIpQIjtz/
2024-09-05,[Tarih: 2024-09-05] Teknofest 2024 Sanayide Dijital Teknolojiler yarmasndayz. pekyolu Otonom Robot Takm hazrlklara balad Antalya,https://www.instagram.com/p/C_hxeyvIaiS/
2024-09-05,[Tarih: 2024-09-05] Yeilay Salkl Yaam Kamp byle geti,https://www.instagram.com/p/C_hsDTWo6sJ/
2024-09-03,[Tarih: 2024-09-03] Binicilik Yeilay Salkl Yaam Kamp pekyolu'nda devam ediyor,https://www.instagram.com/p/C_dN_aSIv7N/
2024-09-03,[Tarih: 2024-09-03] Geleneksel Okuluk Yeilay Salkl Yaam Kamp pekyolu'nda devam ediyor,https://www.instagram.com/p/C_dKvbwoE8Y/
2024-09-03,[Tarih: 2024-09-03] Topraktan Tabaa Yeilay Salkl Yaam Kamp pekyolu'nda devam ediyor,https://www.instagram.com/p/C_c9dpEIEH2/
2024-09-03,[Tarih: 2024-09-03] Yeilay Salkl Yaam Kamp Temel Bamllk Eitimi ve Salkl Yaam modl ile pekyolu'nda devam ediyor,https://www.instagram.com/p/C_cpBEEIvY9/
2024-09-02,[Tarih: 2024-09-02] Yeilay Salkl Yaam Kamp kamp atei eliinde pekyolu'nda devam ediyor,https://www.instagram.com/p/C_bJewSoWzZ/
2024-09-02,[Tarih: 2024-09-02] Yeilay Salkl Yaam Kamp Oryantring le pekyolu'nda devam ediyor,https://www.instagram.com/p/C_a618Borws/
2024-09-02,[Tarih: 2024-09-02] Yeilay Salkl Yaam Kamp Oryantring ncesi hareketlendiriciler ( Lider Kim ) ile pekyolu'nda devam ediyor,https://www.instagram.com/p/C_awlSLoDal/
2024-09-02,[Tarih: 2024-09-02] Yeilay Salkl Yaam Kamp Doal Sabun Yapm Eitimi ile devam ediyor,https://www.instagram.com/p/C_aNVaHo2iV/
2024-09-02,[Tarih: 2024-09-02] Yeilay Salkl Yaam Kamp Katlmclarmz ile Aromatik Bitki Kefi Eitimini gerekletirdik Kampmz pekyolu'nda devam ediyor,https://www.instagram.com/p/C_aFu6So-qu/
2024-09-02,[Tarih: 2024-09-02] Yeilay Salkl Yaam Kamp'nda Trekking ve ipekyolu Tesis Tantm ile gne erken baladk,https://www.instagram.com/p/C_Z2L0FIFnv/
2024-09-01,[Tarih: 2024-09-01] Yeilay Salkl Yaam Kamp Organik Tarm ve ifal Bitkilerle Salkl Yaam eitimi ile pekyolu'nda balad,https://www.instagram.com/p/C_YNM55oovt/
2024-08-29,[Tarih: 2024-08-29] Yeilay Doa Keif Kamp pekyolu'nda byle geti,https://www.instagram.com/p/C_P20SpIYPa/
2024-08-28,[Tarih: 2024-08-28] Yeilay Doa Keif Kamp Ata Tohumlar ve Karbon Ayak zi eitimi ile devam ediyor,https://www.instagram.com/p/C_NosAdoXt0/
2024-08-28,[Tarih: 2024-08-28] Yeilay Doa Keif Kamp Hazine Av ile pekyolu'nda devam ediyor,https://www.instagram.com/p/C_NTZY9o0Me/
2024-08-27,[Tarih: 2024-08-27] Yeilay Doa Keif Kamp Uurtma Yapma Atlyesi ile pekyolu'nda devam ediyor,https://www.instagram.com/p/C_LZs6VIP7S/
2024-08-27,[Tarih: 2024-08-27] Yeilay Doa Keif Kamp Binicilik ve Geleneksel Okuluk Eitimi ile pekyolu'nda devam ediyor,https://www.instagram.com/p/C_LBJi0oPgx/
2024-08-27,[Tarih: 2024-08-27] Yeilay Doa Keif Kamp PERMAKLTR eitimi pekyolu'nda devam ediyor,https://www.instagram.com/p/C_KrhF1ouJD/
2024-08-27,[Tarih: 2024-08-27] Yeilay Doa Keif Kamp pekyolu'nda devam ediyor Gne Sabah Yry ve Yn Bulma Eitimi ile baladk Gne enerjik balamak nemli,https://www.instagram.com/p/C_KVhORoHmr/
2024-08-26,[Tarih: 2024-08-26] Yeilay Doa Keif Kamp Motivasyon Konumas ile pekyolu'nda devam ediyor,https://www.instagram.com/p/C_JDjSzoc3s/
2024-08-26,[Tarih: 2024-08-26] Yeilay Doa keif Kamp Ormanclk ve Doa Sporlar Temel Eitimi,https://www.instagram.com/p/C_I6n6YoFtE/
2024-08-26,[Tarih: 2024-08-26] Yeilay Doa keif ve Salkl Yaam Kamp Ormanclk ve Doa Sporlar Temel Eitimi ile pekyolu'nda devam ediyor,https://www.instagram.com/p/C_Iumpvo5nJ/
2024-08-26,[Tarih: 2024-08-26] Yeilay Doa Keif Kamp pekyolu Uluslararas ocuk ve Genlik almalar Merkezi'nde balad,https://www.instagram.com/p/C_IHPmVIBSd/
2024-08-23,[Tarih: 2024-08-23] Yaz teknoloji kamp ipek Yolu Uluslararas ocuk ve Genlik almalar Merkezi'nde Model Roketilik Eitimi ile devam ediyor,https://www.instagram.com/p/C_AxpZeIYPg/
2024-08-22,[Tarih: 2024-08-22] Yeilay kadn Komisyonu Deneyim Ve Paylam Kampnn kapan oturumunu kamp ateiyle gerekletirdik iyi ki Yeilay var,https://www.instagram.com/p/C--86X4umiN/
2024-08-22,"[Tarih: 2024-08-22] pek Yolu Otonom Robot Takmmz, TEKNOFEST Sanayide Dijital Teknolojiler ileri kategorisinde video aamasn 98.5 puanla Trkiye birincilii elde ederek finalist olmutur. Finalde takmmza baarlar diliyoruz!",https://www.instagram.com/p/C--fpiGIe5b/
2024-08-22,[Tarih: 2024-08-22] Yeilay kadn Komisyonu Deneyim Ve Paylam Kamp Katlmclarmz Tarihi Harput Kalesi'nde,https://www.instagram.com/p/C--R22coXjK/
2024-08-22,[Tarih: 2024-08-22] Yeilay Kadn Komisyonu Deneyim Ve Paylam Kamp Katlmclarmz Elaz gezisi kapsamnda Tarihi Kapal ar'da Yeilay pekyolu,https://www.instagram.com/p/C--PN-Vo4Rk/
2024-08-21,[Tarih: 2024-08-21] Yeilay Kadn Komisyonu Deneyim Ve Paylam Kamp pekyolu Uluslararas ocuk ve Genlik almalar Merkezi'nde Binicilik Eitimi ile devam ediyor,https://www.instagram.com/p/C-74dJuoYC2/
2024-08-21,[Tarih: 2024-08-21] Yeilay Kadn Komisyonu Deneyim Ve Paylam Kamp pekyolu Uluslararas ocuk ve Genlik almalar Merkezi'nde Neden Yeilay'da gnlllk konu balyla devam ediyor,https://www.instagram.com/p/C-7h74roVeu/
2024-08-21,[Tarih: 2024-08-21] Yeilay Kadn Komisyonu Deneyim Ve Paylam Kamp pekyolu Uluslararas ocuk ve Genlik almalar Merkezi'nde gne Aromatik bitki kefi Atlyesi ile baladk Yeilay pekyolu,https://www.instagram.com/p/C-69gqKI45i/
2024-08-20,[Tarih: 2024-08-20] Yeilay Kadn Komisyonu Deneyim Ve Paylam Kamp pekyolu Uluslararas ocuk ve Genlik almalar Merkezi'nde Gastronomi Atlyesi ile devam ediyor,https://www.instagram.com/p/C-5mun2o6ll/
2024-08-20,"[Tarih: 2024-08-20] Yeilay Kadn Komisyonu Deneyim Ve Paylam Kamp pekyolu Uluslararas ocuk ve Genlik almalar Merkezi'nde ""Bamllk Nedir, Ne deildir ? ""eitimi ile devam ediyor",https://www.instagram.com/p/C-4idc6oMNM/
2024-08-20,[Tarih: 2024-08-20] Yeilay Kadn Komisyonu Deneyim Ve Paylam Kamp pekyolu Uluslararas ocuk ve Genlik almalar Merkezi'nde balad Gne trekking ve tesis tantm ile baladk,https://www.instagram.com/p/C-4UgRLIv55/
2024-08-19,[Tarih: 2024-08-19] Yeilay Komisyon Bakanlar Deneyim Ve Paylam Kamp byle geti Yeilay pekyolu,https://www.instagram.com/p/C-2Utp6oSwD/
2024-08-16,[Tarih: 2024-08-16] Oryantring oturumuna baladk pekyolu Yeilay,https://www.instagram.com/p/C-ushgqIGoJ/
2024-08-16,[Tarih: 2024-08-16] A Kalem kurs merkezi minikleri tesisimizi ziyaret ettiler,https://www.instagram.com/p/C-uqDEqIrai/
2024-08-16,[Tarih: 2024-08-16] Yeilay pekyolu Oryantring oturumu ncesi hareketlendiriciler ile devam ediyor,https://www.instagram.com/p/C-upWyVoVgx/
2024-08-16,[Tarih: 2024-08-16] Yeilay Komisyon Bakanlar Deneyim Ve Paylam Kamp pek Yolu Uluslararas ocuk ve Genlik almalar Merkezi'nde Teknoloji Atlye gezisiyle devam ediyor,https://www.instagram.com/p/C-umf_gofY0/
2024-08-15,[Tarih: 2024-08-15] Birlikte ok gzeliz pekyolu Yeilay,https://www.instagram.com/p/C-s6IrWINTi/
2024-08-15,[Tarih: 2024-08-15] Yeilay Komisyon Bakanlar Deneyim Ve Paylam Kamp pek Yolu Uluslararas ocuk ve Genlik almalar Merkezi'nde Aromatik Bitkiler Kefi Eitimi ile devam ediyor,https://www.instagram.com/p/C-sr1N7IjmK/
2024-08-15,[Tarih: 2024-08-15] Yeilay Komisyon Bakanlar Deneyim Ve Paylam Kamp pek Yolu Uluslararas ocuk ve Genlik almalar Merkezi'nde Geleneksel Okuluk Eitimi ile devam ediyor,https://www.instagram.com/p/C-splRToqJ4/
2024-08-15,[Tarih: 2024-08-15] Yeilay Komisyon Bakanlar Deneyim Ve Paylam Kamp pek Yolu Uluslararas ocuk ve Genlik almalar Merkezi'nde Binicilik eitimi ile devam ediyor,https://www.instagram.com/p/C-saml8o358/
2024-08-15,[Tarih: 2024-08-15] Yeilay Komisyon Bakanlar Deneyim Ve Paylam Kamp pek Yolu Uluslararas ocuk ve Genlik almalar Merkezi'nde 5 dakikada en iyi iini anlat konu balyla devam ediyor,https://www.instagram.com/p/C-sLrczIWFR/
2024-08-15,[Tarih: 2024-08-15] Yeilay Komisyon Bakanlar Deneyim Ve Paylam Kamp pek Yolu Uluslararas ocuk ve Genlik almalar Merkezi'nde Temel Bamllk Eitimi ile devam ediyor,https://www.instagram.com/p/C-r5Lt6obOm/
2024-08-15,[Tarih: 2024-08-15] Yeilay Komisyon Bakanlar Deneyim Ve Paylam Kamp pek Yolu Uluslararas ocuk ve Genlik almalar Merkezi'nde balad Gne Trekking ve Tesisi tantm ile baladk pekyolu,https://www.instagram.com/p/C-rwWUooYnT/
2024-08-15,[Tarih: 2024-08-15] Yeilay Komisyon Bakanlar Deneyim Ve Paylam Kamp pek Yolu Uluslararas ocuk ve Genlik almalar Merkezi'nde balad Gne Trekking ve Tesisi tantm ile baladk,https://www.instagram.com/p/C-rlPFhotwU/
2024-08-14,[Tarih: 2024-08-14] Yaz Teknoloji Kampmz pek Yolu Uluslararas ocuk ve Genlik almalar Merkezi'nde devam ediyor. Velilerimizden yaz kamp ile ilgili grlerini aldk pekyolu,https://www.instagram.com/p/C-o_DsCoV-C/
2024-08-12,[Tarih: 2024-08-12] Yeilay Kulp Bakanlar Deneyim ve Paylam kamp kapsamnda 75 ilden gelen katlmclarmz ile birlikte kampmz tamamladk teekkrler Yeilay,https://www.instagram.com/p/C-lO7gTutzG/
2024-08-12,[Tarih: 2024-08-12] pekyolu Yeilay Aromatik bitki kefi ve Atlyesi,https://www.instagram.com/p/C-kCAiTI9uj/
2024-08-11,[Tarih: 2024-08-11] Tek bir amacmz var sizlerle beraber bir adm daha ileriye gidebilmek . Kampmzn son gnnde misafirlerimizle son gecemiz . Teekkrler Yeilay,https://www.instagram.com/p/C-irOd2IwoA/
2024-08-11,[Tarih: 2024-08-11] Bir Hilalin glgesinde,https://www.instagram.com/p/C-idisOoQmP/
2024-08-11,[Tarih: 2024-08-11] Harput Yeilay Kulp Bakanlar Deneyim Ve Paylam Kamp Elaz gezisine Tarihi Harput gezisi ile devam ediyor,https://www.instagram.com/p/C-h5G6UI_Rv/
2024-08-11,"[Tarih: 2024-08-11] Yeilay Kulp Bakanlar Deneyim ve Paylam kamp kapsamnda 75 ilden gelen katlmclarmz ile birlikte Elaz gezisine ""Tarihi Kapal ar"" gezisi ile baladk",https://www.instagram.com/p/C-hw5FooPhw/
2024-08-11,[Tarih: 2024-08-11] Oryantring nedir nasl yaplr Yeilay Kulp Bakanlar Deneyim ve Paylam kamp kapsamnda 75 ilden gelen katlmclarmz ile birlikte oryantring almas yaptk. Bol koturmal zamana kar heyecan dolu bir oryantring geirdik.,https://www.instagram.com/p/C-hht_cIpKr/
2024-08-11,[Tarih: 2024-08-11] Yeilay pek Yolu Yeilay Kulp Bakanlar Deneyim Ve Paylam Kamp pek Yolu Uluslararas ocuk ve Genlik almalar Merkezi'nde gerekleiyor. Gne trekking ile baladk,https://www.instagram.com/p/C-hZVTWIsPK/
2024-07-31,[Tarih: 2024-07-31] Avrupada dayanma program kapsamnda merkezimizde 58 gn boyunca gnlllk yapan Eymen ve Seda gnlllk faaliyetlerini tamamladlar. Sosyal medya alannda yapm olduklar gnlllk sreleri boyunca Avrupa birlii projemiz kapsamnda hem ierik reterek merkezimize katkda bulundular hem de tesisimizde gerekleen eitim ve imkanlardan faydalanma frsat buldular. Kendilerine kariyerlerinde baarlar dileriz.,https://www.instagram.com/p/C-E-RKvMHzZ/
2024-07-30,[Tarih: 2024-07-30] sve hkmeti tarafndan finanse edilen UNDP tarafndan yrtlen pekyolu Uluslararas ocuk ve genlik almalar Merkezinde gerekletirilen Forklift kullanm eitimi devam ediyor,https://www.instagram.com/p/C-CiGa-IsEn/
2024-07-29,[Tarih: 2024-07-29] UNDP tarafndan dzenlenen ve sve Hkmeti'nin Destekledii HA-1 Ticari Pilot Sertifikas Eitimi pek Yolunda Balad!,https://www.instagram.com/p/C-AKPw2ogRF/
2024-07-29,"[Tarih: 2024-07-29] pek Yolu Uluslararas ocuk ve Genlik almalar Merkezi'nde Ak Hava Sinemas Etkinlii! Sevgili Genler, pek Yolu Uluslararas ocuk ve Genlik almalar Merkezi olarak, 2 Austos Cuma gn saat 20:00'da muhteem bir ak hava sinemas etkinlii dzenliyoruz! Etkinlik Detaylar: Tarih: 2 Austos Cuma Saat: 20:00 Yer: pek Yolu Uluslararas ocuk ve Genlik almalar Merkezi Kontenjan: 80 Gen Ya Snr:18-35 Ya aras Genler Bu keyifli akamda sizlerle birlikte olacaz. Gkyznn altnda, yldzlarn eliinde unutulmaz bir sinema deneyimi yaamak iin hepinizi bekliyoruz! Katlm cretsizdir ve snrl kontenjan sebebiyle erken kayt yaptrmanz neririz. Kayt ve bizimle iletiime geebilirsiniz. Bu zel etkinlii karmayn, hep birlikte harika bir akam geirelim! letiim: 0424 503 94 39",https://www.instagram.com/p/C9_2MCGIgE4/
2024-07-26,[Tarih: 2024-07-26] pek Yolunda yaz teknoloji kamp Model Roketilik (Uygulamal) egitimi ile devam ediyor,https://www.instagram.com/p/C94soBwIhWv/
2024-07-26,"[Tarih: 2024-07-26] Teknofest2024 Teknofest 2023te Sanayide Dijital Teknolojiler kategorisinde Trkiye olan pek Yolu Otonom Robot Takmmz, imdi gzn e dikti! Yeni takm yelerimizle birlikte snrlar zorluyor, gelecei ekillendirmek iin gece gndz test almalarna devam ediyoruz.",https://www.instagram.com/p/C94hVdkodgH/
2024-07-26,[Tarih: 2024-07-26] Baskilde gerekletirilen kays festivali ve fuarna katlarak pekyolu Uluslararas ocuk ve genlik almalar Merkezinin tarmsal alanda yaplan almalar hakknda bilgilendirmelerde bulunduk,https://www.instagram.com/p/C94MtsgondW/
2024-07-23,[Tarih: 2024-07-23] UNDP tarafndan dzenlenen ve sve Hkmetinin Destekledii HA-1 Ticari Pilot Sertifikas Eitimi Bavurular Balad! pek Yolu Uluslararas ocuk ve Genlik almalar Merkezindeki eitimle onayl drone pilotu lisansna sahip olun! Tarih: [29-30-31 Temmuz - 1 Austos] Yer: pek Yolu Uluslararas ocuk ve Genlik almalar Merkezi Kontenjan dolmadan sende bavurunu hemen yap Bavuru Linki Bioda,https://www.instagram.com/p/C9xDkhJIRB1/
2024-07-22,[Tarih: 2024-07-22] Yaz teknoloji Kampmz pek Yolu Uluslararas ocuk ve Genlik almalar Merkezi'nde Okuluk eitimi ile devam ediyor,https://www.instagram.com/p/C9t5aPCICVh/
2024-07-20,[Tarih: 2024-07-20] pek Yolu sinema gsteriminin bu haftaki misafirleri ocuklard birlikte animasyon film izledik Bir sonraki gsterimde Aile sinemasyla sizlerle olacaz,https://www.instagram.com/p/C9p493CIZe7/
2024-07-20,[Tarih: 2024-07-20] pek Yolu sinema gsterimi ocuk sinemas etkinlii ile balad miniklerimizle ak havada keyifli vakit geirdik.,https://www.instagram.com/p/C9p3Vv4IlaP/
2024-07-20,"[Tarih: 2024-07-20] UNDP tarafndan yrtlen sve hkmeti tarafndan finanse edilen Elaz Ticaret ve Sanayi Odas ortaklnda , pekyolu Uluslararas ocuk ve genlik almalar Merkezinde faaliyetleri gerekletirilen eitimlerden biri olan tbbi aromatik bitki yetitirilmesi ilenmesi ve pazarlanmas eitimini tamamladk",https://www.instagram.com/p/C9pbXn0IXVY/
2024-07-16,"[Tarih: 2024-07-16] pek Yolu Uluslararas ocuk ve Genlik almalar Merkezi'nde Ak Hava Sinemas Etkinlii! Sevgili ocuklar ve deerli veliler, pek Yolu Uluslararas ocuk ve Genlik almalar Merkezi olarak, 20 Temmuz Cumartesi gn saat 20:00'da muhteem bir ak hava sinemas etkinlii dzenliyoruz! Etkinlik Detaylar: Tarih: 20 Temmuz Cumartesi Saat: 20:00 Yer: pek Yolu Uluslararas ocuk ve Genlik almalar Merkezi Kontenjan: 30 ocuk ve birer veli Ya Snr: 4 - 10 ya aras ocuklar Bu keyifli akamda ocuklarmzla birlikte elenceli bir animasyon filmi izleyeceiz. Gkyznn altnda, yldzlarn eliinde unutulmaz bir sinema deneyimi yaamak iin hepinizi bekliyoruz! Katlm cretsizdir ve snrl kontenjan sebebiyle erken kayt yaptrmanz neririz. Kayt ve bizimle iletiime geebilirsiniz. Bu zel etkinlii karmayn, hep birlikte harika bir akam geirelim! letiim: 0424 503 94 39",https://www.instagram.com/p/C9feAfAIaY5/
2024-07-16,[Tarih: 2024-07-16] sve hkmeti tarafndan finanse edilen UNDP tarafndan yrtlen pekyolu Uluslararas ocuk ve genlik almalar Merkezinde gerekletirilecek olan Forklift kullanm eitimi bavurular balad biodaki linkten bavuru yapabilirsiniz,https://www.instagram.com/p/C9fIYH4oH5n/
2024-07-11,"[Tarih: 2024-07-11] GURUR GN pek Yolu Roket Takm olarak, yurtdndan ithal edilen Roket Uu Kontrol Kartn yerli ve milli olarak retmenin ve Roketsan araclyla 42 roket takmna hediye etmenin gururunu yayoruz. 2024 Teknofest Roket Yarmasnda 42 roket takm, SkyLogic Uu Kontrol Kart ile roketini ateleyecek. Elaz l zel daresi Genel Sekreter Yardmcmz Dr. Murat Okubay (), pek Yolu Genel Koordinatrmz Hakan Karabulut () ve roket takm yelerimiz Mustafa Palta ve Sefa Serkan Karagedik, Roketsan ziyaret ederek SkyLogic Uu Kontrol Kartn teslim ettiler. Bugn de gurur doluyuz.",https://www.instagram.com/p/C9SNhpSoD2O/
2024-07-11,"[Tarih: 2024-07-11] UNDP tarafndan yrtlen sve hkmeti tarafndan finanse edilen Elaz Ticaret ve Sanayi Odas ortaklnda , pekyolu Uluslararas ocuk ve genlik almalar Merkezinde faaliyetleri gerekletirilen eitimlerden biri olan tbbi aromatik bitki yetitirilmesi ilenmesi ve pazarlanmas eitimi devam ediyor Tbbi aromatik bitkilerden sabun elde ettik",https://www.instagram.com/p/C9SFAmzoGC-/
2024-07-10,[Tarih: 2024-07-10] Yaz Teknoloji Kampmz pek Yolu Uluslararas ocuk ve Genlik almalar Merkezi'nde nsansz Hava Aralar Eitimi ile devam ediyor,https://www.instagram.com/p/C9PblvzIDO1/
2024-07-09,"[Tarih: 2024-07-09] ESC Gnllmz Eymenin Size Syleyecekleri Var! Avrupa Dayanma Program (ESC) kapsamnda 58 gn boyunca tesisimizde gnlllk yapan Eymen, sizlerle bir gnn paylat. Ulusal gnlllk kapsamnda almalarn yrten Eymen, tesisimizde hem gnlllk yaparak hem de merkezimizin dier faaliyetlerinden ve eitimlerinden faydalanma frsat buldu. Sizler de hem ulusal hem uluslararas frsatlarmzdan ve projelerimizden faydalanmak iin bizi takip edin. Anadolu'dan Avrupa'ya, pek Yolu her yerde sizlerle.",https://www.instagram.com/p/C9NPfNLI5G2/
2024-07-09,"[Tarih: 2024-07-09] Roketsan tarafndan gerekletirilen ""pek Yolu Roket Takm Belgeseli"" ekimleri tesisimizde balad Tesisimize ve pek Yolu Roket Takmmza gsterdikleri ilgiden dolay teekkr ederiz Bu lkenin her bir ferdi iin almaya, retmeye, gelitirmeye devam edeceiz",https://www.instagram.com/p/C9MfU5TIQLf/
2024-07-08,"[Tarih: 2024-07-08] UNDP tarafndan yrtlen sve hkmeti tarafndan finanse edilen Elaz Ticaret ve Sanayi Odas ortaklnda , pekyolu Uluslararas ocuk ve genlik almalar Merkezinde faaliyetleri gerekletirilen eitimlerden biri olan tbbi aromatik bitki yetitirilmesi ilenmesi ve pazarlanmas eitimi devam ediyor Tbbi aromatik bitkilerin ilenme aamasna getik",https://www.instagram.com/p/C9J_4LqsoUy/
2024-07-08,[Tarih: 2024-07-08] Yaz Teknoloji Kampmz pek Yolu Uluslararas ocuk ve Genlik almalar Merkezi'nde At Binicilik eitimi ile devam ediyor,https://www.instagram.com/p/C9J8eRCs-Fz/
2024-07-08,"[Tarih: 2024-07-08] UNDP tarafndan yrtlen sve hkmeti tarafndan finanse edilen Elaz Ticaret ve Sanayi Odas ortaklnda , pekyolu Uluslararas ocuk ve genlik almalar Merkezinde faaliyetleri gerekletirilen eitimlerden biri olan tbbi aromatik bitki yetitirilmesi ilenmesi ve pazarlanmas eitimi devam ediyor",https://www.instagram.com/p/C9J3o5bs76O/
2024-07-08,[Tarih: 2024-07-08] Yaz Teknoloji Kampmz pek Yolu Uluslararas ocuk ve Genlik almalar Merkezi'nde Doa Okulu eitimi ile devam ediyor,https://www.instagram.com/p/C9Jy8KYMFVf/
2024-07-08,[Tarih: 2024-07-08] Yaz Teknoloji Kampmz pek Yolu Uluslararas ocuk ve Genlik almalar Merkezi'nde okuluk eitimi ile devam ediyor,https://www.instagram.com/p/C9JwMwCMgR7/
2024-07-04,"[Tarih: 2024-07-04] AFAD l Mdr Cafer Giyik, ve AFAD gnlllerinin katlmyla ipek Yolu Uluslararas ocuk ve Genlik almalar Merkezi'nde dzenlenen toplantda 140 afad gnlls bir araya geldi. AFAD gnlllerine teekkr belgesi takdim edildi.",https://www.instagram.com/p/C9Aidj7oDmc/
2024-07-04,"[Tarih: 2024-07-04] ESC Gnllmz Seda'nn Size Syleyecekleri Var! Avrupa Dayanma Program (ESC) kapsamnda 58 gn boyunca tesisimizde gnlllk yapan Seda, sizlerle bir gnn paylat. Ulusal gnlllk kapsamnda almalarn yrten Seda, tesisimizde hem gnlllk yaparak hem de merkezimizin dier faaliyetlerinden ve eitimlerinden faydalanma frsat buldu. Sizler de hem ulusal hem uluslararas frsatlarmzdan ve projelerimizden faydalanmak iin bizi takip edin. Anadolu'dan Avrupa'ya, pek Yolu her yerde sizlerle.",https://www.instagram.com/p/C8_fjsqoh4a/
2024-07-03,[Tarih: 2024-07-03] Yaz Teknoloji Kampmzda bir gnmz byle geiyor Okuluk nsansz Hava Aralar eitimi Doa Okulu At Binicilik,https://www.instagram.com/p/C89pAx8ot9O/
2024-07-03,[Tarih: 2024-07-03] Yaz Teknoloji Kampmz pek Yolu Uluslararas ocuk ve Genlik almalar Merkezi'nde nsansz Hava Aralar eitimi ile devam ediyor,https://www.instagram.com/p/C89X4AHoNeT/
2024-07-03,[Tarih: 2024-07-03] Yaz Teknoloji Kampmz pek Yolu Uluslararas ocuk ve Genlik almalar Merkezi'nde Doa Okulu eitimi ile devam ediyor,https://www.instagram.com/p/C887FeHobiS/
2024-07-03,[Tarih: 2024-07-03] Yaz Teknoloji Kampmz pek Yolu Uluslararas ocuk ve Genlik almalar Merkezi'nde Okuluk eitimi ile devam ediyor,https://www.instagram.com/p/C884658oLqs/
2024-07-01,[Tarih: 2024-07-01] Yaz Teknoloji Kampmz pek Yolu Uluslararas ocuk ve Genlik almalar Merkezi'nde Akl ve Zeka Oyunlar ile devam ediyor,https://www.instagram.com/p/C84kpMrovLC/
2024-07-01,"[Tarih: 2024-07-01] Yaz Teknoloji Kampmz pek Yolu Uluslararas ocuk ve Genlik almalar Merkezi'nde "" Robotik Kodlama"" eitimi ile devam ediyor",https://www.instagram.com/p/C84ZLCwInn8/
2024-07-01,"[Tarih: 2024-07-01] Yaz Teknoloji Kampmz pek Yolu Uluslararas ocuk ve Genlik almalar Merkezi'nde"" At Binicilik ""eitimi ile devam ediyor",https://www.instagram.com/p/C84YnlioX2c/
2024-07-01,"[Tarih: 2024-07-01] UNDP tarafndan yrtlen sve hkmeti tarafndan finanse edilen Elaz Ticaret ve Sanayi Odas ortaklnda , pekyolu Uluslararas ocuk ve genlik almalar Merkezinde faaliyetleri gerekletirilen eitimlerden biri olan tbbi aromatik bitki yetitirilmesi ilenmesi ve pazarlanmas eitimi birinci gn ile balad",https://www.instagram.com/p/C84XxFToB43/
2024-07-01,[Tarih: 2024-07-01] Yaz teknoloji kamp ipek Yolu Uluslararas ocuk Ve Genlik almalar Merkezi'nde Doa Okulu eitimi ile devam ediyor,https://www.instagram.com/p/C83vBy_oTz5/
2024-07-01,[Tarih: 2024-07-01] Yaz Teknoloji Kampmz pek Yolu Uluslararas ocuk ve Genlik almalar Merkezi'nde Okuluk (teorik) Eitimi ile devam ediyor,https://www.instagram.com/p/C83tOmzoQUO/
2024-07-01,[Tarih: 2024-07-01] Yaz Teknoloji kamp ipek Yolu Uluslararas ocuk ve Genlik almalar Merkezi'nde balad,https://www.instagram.com/p/C83r3Iao9yy/
2024-06-27,"[Tarih: 2024-06-27] Python Java ve Mnazara Eitimi; Robert Koleji , skdar Amerikan Lisesi, Ko Lisesi ve Elaz Necip Fazl Ksakrek Lisesi rencilerini pekyolu Uluslararas ocuk ve Genlik almalar Merkezi'nde arladk 24-26",https://www.instagram.com/p/C8tr8GOIw-y/
2024-06-26,"[Tarih: 2024-06-26] Python Java ve Mnazara Eitimi; Robert Koleji , skdar Amerikan Lisesi, Ko Lisesi ve Elaz Necip Fazl Ksakrek Lisesi rencilerini pekyolu Uluslararas ocuk ve Genlik almalar Merkezi'nde arladk",https://www.instagram.com/p/C8r1LdvI9Dm/
2024-06-25,"[Tarih: 2024-06-25] Python Java ve Mnazara Eitimi; Robert Koleji , skdar Amerikan Lisesi, Ko Lisesi ve Elaz Necip Fazl Ksakrek Lisesi rencilerinin katlmyla pekyolu Uluslararas ocuk ve Genlik almalar Merkezi'nde devam ediyor 24-26",https://www.instagram.com/p/C8pJo8uoN_w/
2024-06-25,"[Tarih: 2024-06-25] Tbbi Aromatik Bitkiler Eitimi Balyor! UNDP Trkiye tarafndan yrtlen ve sve Hkmeti tarafndan finanse edilen "" *Tbbi Aromatik Bitkilerin Yetitirilmesi, lenmesi ve Pazarlanmas* "" eitimi 1-19 Temmuz 2024 tarihlerinde sizleri bekliyor! Tarih: 1-19 Temmuz 2024 Yer: pek Yolu Uluslararas ocuk ve Genlik almalar Merkezi Kontenjan: Sadece 10 kii! Bu esiz eitim frsatn karmayn! Detayl bilgiler ve bavuru formu iin hemen bio'daki linke tklayn.",https://www.instagram.com/p/C8o8MeHIo-3/
2024-06-24,"[Tarih: 2024-06-24] pek Yolu Uluslararas ocuk ve Genlik almalar Merkezi'nde Lavanta Hasad! Merkezimizde bulunan lavanta bitkilerimizin hasadn tesis personelimiz ve gnll arkadalarmz ile gerekletirdik. Hasat ettiimiz lavantalardan uucu ya ve hidrosol gibi doal rnler retiyoruz. Ayrca bitkisel kozmetik rnlerimizin yapmnda da kullanyoruz. Tesisimizdeki dier bitkilerimizi de hasat ederek ileyip katma deerli rnlere dntrmeye devam edeceiz. Eer siz de bu harika ailenin bir paras olmak ve gnll olarak bize katlmak isterseniz, bio'daki linkten bavuru yapabilirsiniz!",https://www.instagram.com/p/C8mECypI8fc/
2024-06-24,"[Tarih: 2024-06-24] Python Java ve Mnazara Eitimi; Robert Koleji , skdar Amerikan Lisesi, Ko Lisesi ve Elaz Necip Fazl Ksakrek Lisesi rencilerinin katlmyla pekyolu Uluslararas ocuk ve Genlik almalar Merkezi'nde balad 24-26",https://www.instagram.com/p/C8mB2YJIVwt/
2024-06-13,"[Tarih: 2024-06-13] Elaz l zel daresi Spor Kulb Yaz Spor Okulu ve pek Yolu Uluslararas ocuk ve Genlik almalar Merkezi Yaz Teknoloji Kampyla bu yaz dolu dolu geecek 6 ve 18 yas aralndaki yaz spor okulunda futbol, basketbol, tenis, yzme, binicilik, okuluk ve kalecilik egitimi 6-10 ve 11-14 ya aralndaki yaz teknoloji kapnda Model Roketilik Eitimi, Kodlama, Drone Eitimi, Doa Okulu, Binicilik, Akl ve Zeka Oyunlar yer alyor Yaz aylarn en verimli ekilde geirmek ve eglenerek renmek iin yaz kapmz seni bekliyor Kayt irtibat 0539 830 32 23 0424 247 23 26 Adres Elaz imenta l zel dare Spor Salonu Kayt",https://www.instagram.com/p/C8KFOEboZJx/
2024-06-12,[Tarih: 2024-06-12] Final Okullar'nn minik rencileri ( ikinci grup ) tesisimizi ziyaret ettiler birlikte keyifli vakit geirirdik,https://www.instagram.com/p/C8HWx-xIeaI/
2024-06-12,[Tarih: 2024-06-12] Final Okullar'nn minik rencileri tesisimizi ziyaret ettiler,https://www.instagram.com/p/C8G1zGfIAYL/
2024-06-10,"[Tarih: 2024-06-10] Okullar ve Yaz Teknoloji Kamp kaytlarmz balamtr. almalarn 24 Haziran Pazartesi gn start alaca 6- 18 ya aras iin Yaz Spor Okulumuzda; Basketbol Futbol Tenis Yzme Binicilik Okuluk Kalecilik Eitimi 1 Temmuz Pazartesi balayaca Yaz Teknoloji kampmzda ise 6-10 ve 10-14 ya gruplar iin; Model Roketilik Eitimi - Kodlama- Drone eitimi- Doa Okulu - Binicilik- Akl ve Zeka Oyunlarnda branlarnda paket eitim program verilecektir. Ayrca bran olarak Drone Ve Kodlama gruplarnda eitim alacaktr.. Yaz Teknoloji Kamp eitimleri, pekyolu Uluslararas ocuk ve Genlik almalar Merkezinde verilecektir. Kayt yerimiz imenta l zel dare Spor Salonu Kayt Ofisi letiim: Cep : 0539 830 32 23 0424 247 23 26 -dahili 2000",https://www.instagram.com/p/C8CPU1soQbH/
2024-06-08,[Tarih: 2024-06-08] Bitkisel Ya retimi (Distilasyon - Maserasyon ve Sabit Ya retimi) eitimimizi tamamladk.,https://www.instagram.com/p/C79BvkYoMTE/
2024-06-07,[Tarih: 2024-06-07] ile birlikte Dnya evre Haftasnda pekyolu Uluslararas ocuk ve Genlik almalar Merkezi'nde evre temizlii etkinlii gerekletirdik. En gzel temizlik kirletmemektir,https://www.instagram.com/p/C77GcSyItu9/
2024-06-07,[Tarih: 2024-06-07] Dnya apnda sadece lkemizde gerekletirilen roket yarmasnn ZORLU Kategorisinde ikinci aamay da baaryla getik! pekyolurokettakm,https://www.instagram.com/p/C76jMvGot6R/
2024-05-31,"[Tarih: 2024-05-31] PERMAKLTR VE ONARICI TARIM ETM Doaya ramen, doaya kar deil; doayla birlikte hareket et konu balyla eitimimizi tamamladk. Eitimimiz hem Teorik hem Uygulamal olarak gerekletirildi",https://www.instagram.com/p/C7oxE2_oh5b/
2024-05-30,[Tarih: 2024-05-30] Macaristan ulusal ajans tarafndan dzenlenen Budapetede bulunan Avrupa genlik Merkezinde gerekletirdiimiz programda lkemizi ve ehrimizi temsilen katldk. pek Yolu olarak her yl onlarca gencimizin tamamen cretsiz olarak yerel ve uluslararas projelerde yer almalarn salyoruz. Uluslararas ortak kurulularmza yenilerini ekleyerek gnlllerimizin farkl lkelerde faaliyet gerekletirmesini salyoruz. Daha ok proje ve frsat iin bizi takip etmeyi unutmayn,https://www.instagram.com/p/C7lbKRvId8A/
2024-05-28,[Tarih: 2024-05-28] Her halinle ok gzelsin pekyolu uluslararas ocuk ve genlik almalar merkezi,https://www.instagram.com/p/C7geimZoTfd/
2024-05-25,[Tarih: 2024-05-25] stanbul Rami Ktphanesinde dzenlenen ve Sn. Emine Erdoann aln yapt ule Yksel enler Kitap ve Kltr Gnlerinde pek Yolu Uluslararas ocuk ve Genlik almalar Merkezi olarak yer aldk. Bu anlaml gnn bir paras olmaktan mutluluk duyuyoruz. Katlm salayan herkese teekkr ederiz!,https://www.instagram.com/p/C7Ydc77IgSn/
2024-05-21,[Tarih: 2024-05-21] 20-24 Mays tarihleri arasnda Macaristan/Budapetede bulunan Avrupa Genlik Merkezinde gerekleecek olan - Training and support for organisations active in European Solidarity Corps adl programa lkemizi ve ehrimizi temsilen katldk. Avrupa Dayanma Program kapsamnda gen arkadalarmzn farkl lkelerde gnlllk yapabilmeleri iin buradayz. pek Yolu Uluslararas ocuk ve Genlik almalar Merkezi her zaman yannzda Anadolu'dan Avrupaya,https://www.instagram.com/p/C7POprAI4FQ/
2024-05-21,"[Tarih: 2024-05-21] Bitkisel Ya retimi Eitimi - Kaytlarmz Ald! Salk ve doallk merakllar, bu sizin iin! Bitkisel yalarn distilasyon, maserasyon ve sabit ya elde etme tekniklerini renmek isteyen herkesi, Bitkisel Ya retimi Eitimimize davet ediyoruz. Bu eitim, bitkisel ya retiminin temellerini, evde veya ticari lekte nasl uygulanabileceini detayl bir ekilde ele alacak. Eitimimiz, teorik bilgilerle snrl kalmayp, uygulamal almalar ve atlye faaliyetlerini de ierecek. Katlmclarmz, bitkisel yalar eitli yntemlerle nasl elde edebileceklerini bizzat deneyimleyecekler. Eitim Tarihi: 07 Haziran 2024 Bavuru Son Tarihi: 3 Haziran 2024 Eitim Yeri: pek Yolu Uluslaras ocuk ve Genlik almalar Merkezi Daha fazla bilgi ve kayt iin adresini ziyaret edin. Snrl sayda yer olduundan, ilginizi ektiyse hemen kaydolun! Bu eitime katlarak, bitkisel yalarn dnyasn kefetmek ve kendi yalarnz retmek iin byk bir adm atm olacaksnz. Kendi salkl yalarnz retme yolculuuna kmak iin bu frsat karmayn!",https://www.instagram.com/p/C7OR24Jo35R/
2024-05-16,"[Tarih: 2024-05-16] Daha Anlalr Olmak Adna...!!! Permakltr ve Onarc Tarma Giri Eitimi - Katlmc ars! Permakltrn ve onarc tarmn dnyasna adm atmak ve srdrlebilir yaam biimleri oluturmak isteyen herkesi, Permakltre Giri Eitimimize davet ediyoruz. Bu eitim, doal kaynaklarn bilinli kullanm, ekolojik tasarm prensipleri ve srdrlebilir tarm uygulamalar zerine derinlemesine bilgiler sunacak. Eitimimiz, 1 gn srecek ve teorik bilgilerle snrl kalmayp, uygulamal almalar ve gerek hayat projelerini de ierecek. Katlmclarmz, kendi yaam alanlarnda permakltr prensiplerini nasl uygulayabileceklerini renecekler. Eitim Tarihi: 31 Mays 2024 (09:00-16:00) Bavuru Son Tarihi: 28 Mays Eitim Yeri: pek Yolu Uluslararas ocuk ve Genlik almalar Merkezi Daha fazla bilgi ve kayt iin ipekyolutarimsalkulucka.com adresine sorularnz iletebilirsiniz. Snrl sayda yer olduundan, ilginizi ektiyse hemen kaydolun! Bu eitime katlarak, evrenizle uyum iinde bir yaam srdrme yolunda nemli bir adm atm olacaksnz. Permakltr ve onarc tarm prensiplerini hayatnza entegre etmek iin bu frsat karmayn! Bavuru Linki: sayfasndaki biodan Bavurabilirsiniz.",https://www.instagram.com/p/C7BSAkMIQRY/
2024-05-15,"[Tarih: 2024-05-15] Baarl Bir Balang: Tbbi Aromatik Bitki Yetitiricilii Eitimi! Sezonumuzu ""Tbbi ve Aromatik Bitki yetitiricilii"" eitimi ile atk. lk eitimimiz byk bir ilgi ile gerekleti. Bu sadece balang! Her hafta farkl tarm konularnda dzenleyeceimiz eitimlerle bilginizi geniletmeye devam edeceiz. Bizi takip etmeye devam edin, yeni bilgilerle dolu bir tarm sezonu sizi bekliyor!",https://www.instagram.com/p/C6_Gd4So8Ps/
2024-05-13,"[Tarih: 2024-05-13] Permakltre Giri Eitimi - Katlmc ars! Permakltrn dnyasna adm atmak ve srdrlebilir yaam biimleri oluturmak isteyen herkesi, Permakltre Giri Eitimimize davet ediyoruz. Bu eitim, doal kaynaklarn bilinli kullanm, ekolojik tasarm prensipleri ve srdrlebilir tarm uygulamalar zerine derinlemesine bilgiler sunacak. Eitimimiz, 1 gn srecek ve teorik bilgilerle snrl kalmayp, uygulamal almalar ve gerek hayat projelerini de ierecek. Katlmclarmz, kendi yaam alanlarnda permakltr prensiplerini nasl uygulayabileceklerini renecekler. Eitim Tarihi: 31 Mays 2024 (09:00-16:00) Bavuru Son Tarihi: 28 Mays Eitim Yeri: pek Yolu Uluslararas ocuk ve Genlik almalar Merkezi Daha fazla bilgi ve kayt iin ipekyolutarimsalkulucka.com adresine sorularnz iletebilirsiniz. Snrl sayda yer olduundan, ilginizi ektiyse hemen kaydolun! Bu eitime katlarak, evrenizle uyum iinde bir yaam srdrme yolunda nemli bir adm atm olacaksnz. Permakltr prensiplerini hayatnza entegre etmek iin bu frsat karmayn! Bavuru Linki: sayfasndaki biodan Bavurabilirsiniz.",https://www.instagram.com/p/C65hYnLIA28/
2024-05-12,[Tarih: 2024-05-12] Lise rencilerine ynelik dzenlediimiz Model Uak Teorik ve Simlasyon Eitimimizin tamamladk.,https://www.instagram.com/p/C63mNeUoiqk/
2024-05-12,"[Tarih: 2024-05-12] Uygulamal CV ve Motivasyon Eitimi pekyolu'nda balad. Bu eitimde neler mi var? Avrupa'daki frsatlar deerlendirmek iin etkili CV ve motivasyon mektubu nasl hazrlanr, renecek ve uygulayacaz.",https://www.instagram.com/p/C63Iou9oPHt/
2024-05-12,[Tarih: 2024-05-12] Akadder (Anadolu Kadn ve Aile Dernei) nin yeni nesil sivil toplumda neeli retkenlik balyla 15 farkl ilden gelen temsilciler ve gnlllerle Anadolu Federasyonu Ynetim Kurulu Bakan Turgay ALDEMR'N katlmyla devam ediyor,https://www.instagram.com/p/C63DlPzIicG/
2024-05-11,"[Tarih: 2024-05-11] Akadder (Anadolu Kadn ve Aile Dernei) nin yeni nesil sivil toplumda neeli retkenlik balyla, 15 farkl ilden gelen temsilciler ve gnlllerin katlmyla pekyolu'nda Defne dikim etkinlii ile devam ediyor",https://www.instagram.com/p/C608c_7oMU1/
2024-05-11,[Tarih: 2024-05-11] Lise rencilerine ynelik dzenlediimiz Model Uak Teorik ve Simlasyon Eitimimiz balad.,https://www.instagram.com/p/C60kAy5oO3c/
2024-05-11,[Tarih: 2024-05-11] Akadder (Anadolu Kadn ve Aile Dernei) nin Yeni nesil sivil toplumda neeli retkenlik balyla 15 farkl ilden gelen temsilciler ve gnlllerle pekyolu'nda gerekleiyor,https://www.instagram.com/p/C60h9oeoyBR/
2024-05-08,[Tarih: 2024-05-08] cretsiz 11-12 Maysta Lise rencilerine zel Model Uak Teorik ve Simlasyon Eitimi Balyor! Kontenjan Dolmadan Sende Bavurunu Hemen Yap Kayt iin profilde ki linke tklamanz yeterli!,https://www.instagram.com/p/C6tGgQRoKkj/
2024-05-07,"[Tarih: 2024-05-07] Topraksz Tarm Eitimi - Kaytlar Ald! Merakl Bahvanlar ve Srdrlebilir Tarm Tutkunlar, Topra olmayan ama yeile gnl verenler iin mkemmel bir frsat! Topraksz tarm teknikleri ile tanmak ve bu yeniliki tarm metodunu renmek isteyen herkesi Topraksz Tarm Eitimimize davet ediyoruz. Bu eitimde, hidroponik, aeroponik ve akvaponik gibi topraksz tarm sistemlerinin kurulumunu, ynetimini ve bakmn reneceksiniz. Eitimimiz, teorik bilgilerin yan sra pratik uygulamalar da ierecek ve sizlere bu sistemleri kendi evinizde veya i yerinizde nasl baaryla kurup yneteceinizi gsterecek. Eitim Tarihi: 24 Mays 2024 Yer: pek Yolu Uluslararas ocuk ve Genlik almalar Merkezi Kayt iin son gn: 20 Mays Kayt olmak ve daha fazla bilgi almak iin adresini ziyaret edin veya bizimle dorudan iletiime gein. Yerler snrldr, bu yzden hemen kaydolun! Topraksz tarm, az yer kaplayan ve su tasarrufu salayan bu devrimsel yntem ile tarm yapmann keyfini karn.",https://www.instagram.com/p/C6qxokkoRPW/
2024-05-06,"[Tarih: 2024-05-06] pek Yolu Uluslararas ocuk ve Genlik almalar Merkezi olarak sizi unutulmaz bir yolculua davet ediyoruz! 12 Mays Pazar gn gerekleecek olan Uygulamal CV ve Motivasyon Mektubu Hazrlama Eitimi ile Avrupa frsatlarn kefetmeye hazr msnz? Kariyerinizde bir adm ne gemek iin ihtiyacnz olan bilgi ve becerileri edinmek iin bu frsat karmayn! Bu eitimde neler mi var? Avrupa'daki frsatlar deerlendirmek iin etkili CV ve motivasyon mektubu nasl hazrlanr, renecek ve uygulayacaksnz. Siz de kariyerinizde yeni ufuklara yelken amak istiyorsanz, hemen kaydolun ve geleceinize yn vermenin ilk admn atn! Detaylar: Tarih: 12 Mays Pazar Saat: 11:00 Yer: pek Yolu Uluslararas ocuk ve Genlik almalar Merkezi Bavurmak iin bio'da bulunan linki kullann.",https://www.instagram.com/p/C6n1dW6oHve/
2024-05-03,"[Tarih: 2024-05-03] Eurodesk ve Genler iin Yurtd Frsatlar Genlerimizin aktif katlm ile gerekletirdik Staj, yksekrenim, gnlllk gibi alanlarda gen arkadalarmz bilgilendirdik ve Eurodesk hakknda bilinmeyenleri cevapladk",https://www.instagram.com/p/C6grKigIjU-/
2024-05-03,"[Tarih: 2024-05-03] Tarmsal Destekler ve Hibeler Bilgilendirme Toplants: Bavuru ars Tarih: 15 Mays 2024 Saat: 10:00-16:00 Yer: pek Yolu Uluslararas ocuk ve Genlik almalar Merkezi Tarm sektrnde faaliyet gsteren herkesi, Tarmsal Destekler ve Hibeler Bilgilendirme Toplantmza davet ediyoruz! Bu toplantda, tarm alannda faaliyet gsteren bireylerin ve kurumlarn desteklenmesine ynelik nemli bilgileri paylaacaz. Bavuru sreci, hibe programlarnn deerlendirilmesi, baarl bavurular iin ipular ve daha fazlas... Bavuru in Son Tarih: 10 Mays Detayl Bilgi ve Bavuru: ipekyolutarimsalkulucka.com Bavuru Formuna BO daki Linkten ulaabilirsiniz. Snrl kontenjanmz bulunmaktadr, bu nedenle erken bavurular ncelikli deerlendirilecektir. Tarmsal hibeler konusunda bilgi sahibi olmak ve sektrdeki potansiyelinizi maksimum seviyeye karmak iin bu eitimi karmayn! pekyoluocukvegenlikalmalarmerkezi",https://www.instagram.com/p/C6fwFCooHAL/
2024-04-29,[Tarih: 2024-04-29] pek Yolu Uluslararas ocuk ve Genlik almalar Merkezi'mizde Game Night etkinliimizle genlerle biraradaydk,https://www.instagram.com/p/C6V8FtNIajw/
2024-04-28,[Tarih: 2024-04-28] lkokul ve Ortaokul rencilerine ynelik dzenlediimiz Scratch & MBot Robotik Kodlama Eitimimizi tamamladk.,https://www.instagram.com/p/C6UB4eGI9MU/
2024-04-27,[Tarih: 2024-04-27] pek Yolu Uluslararas ocuk ve Genlik almalar Merkezi olarak genlerimizle biraradayz Game Night etkinliimize baladk.,https://www.instagram.com/p/C6Rj85zIGB8/
2024-04-27,[Tarih: 2024-04-27] lkokul ve Ortaokul rencilerine ynelik dzenlediimiz Scratch & MBot Robotik Kodlama Eitimimizin ilk gnn tamamladk.,https://www.instagram.com/p/C6RM-E6IhMS/
2024-04-27,"[Tarih: 2024-04-27] niversite rencilerimize ynelik dzenlediimiz nsansz Hava Aralar (HA) eitimimiz balad! Drone kullanm son yllarda birok alanda geniledii iin lkemizin eitli kurumlar da bu teknolojiyi kullanmaya balad. Blgemizin Elektrik Datm irketi Frat EDAta HA pilotu olarak grev yapan Ethem Ali Altunel, saha deneyimlerini rencilerimizle paylat. Eitimimizle rencilerimiz, bilgi ve becerilerini gelitirme frsat buluyorlar!",https://www.instagram.com/p/C6QhQ0sIxM4/
2024-04-25,"[Tarih: 2024-04-25] Merhaba genler! Yurtdnda hi para harcamdan 1 yla kadar cretsiz yaayabileceinizi biliyor muydunuz? pek Yolu Uluslararas ocuk ve Genlik almalar Merkezi olarak, siz deerli genlere yurtdnda eitim, staj ve gnlllk frsatlar hakknda bilgi vermek zere bir eitim dzenliyoruz. Tarih: 3 Mays Cuma Saat: 15:00 Yer: pek Yolu Uluslararas ocuk ve Genlik almalar Merkezi Bu eitimle, Yurtd frsatlarn kefetmek ve global bir perspektifle geleceinizi ekillendirmek iin ilk adm atn. Katlm iin nceden bavuru gerekmektedir, bu yzden bioda bulunan linke tklayp formu doldurarak kayt olmay unutmayn!",https://www.instagram.com/p/C6MDynMomQQ/
2024-04-25,"[Tarih: 2024-04-25] Tbbi Aromatik Bitki Yetitiricilii Eitimi Ne Zaman? 08 Mays 2024 Nerede? pek Yolu Uluslararas ocuk ve Genlik almalar Merkezi Bu eitimle, tbbi ve aromatik bitkilerin nasl yetitirileceini, bakmn ve hasat tekniklerini renecek, teorik bilgileri uygulamal derslerle pekitireceksiniz. Bitki seiminden dikime, bakmdan hasata kadar her admda bilgi ve becerilerinizi artrn. Eitimimiz, bu alana ilgi duyan herkes iin mkemmel bir balang noktasdr! Kayt olmak ve daha fazla bilgi almak iin sayfasndaki bio ya ulaabilirsiniz. Sorularnz m var? Bize zerinden ulaabilirsiniz!",https://www.instagram.com/p/C6LKfX5ITlt/
2024-04-24,[Tarih: 2024-04-24] 23 Nisan Ulusal Egemenlik ve ocuk Bayram'nda geleceimizin mimarlar olan ilkokul ve ortaokul rencilerimizi tesisimizde arlamann cokusunu yaadk!,https://www.instagram.com/p/C6JFHnaInqR/
2024-04-24,"[Tarih: 2024-04-24] 23 Nisan Ulusal Egemenlik ve ocuk Bayramnda, geleceimizin teminat olan ilkokul ve ortaokul rencilerimizi tesisimizde arlamann mutluluunu yaadk! rencilerimizle birlikte atlye gezileri dzenledik, elenceli oyunlar oynadk ve keyifli gzlem etkinlikleri gerekletirdik. ocuklarn neesi ve heyecan tesisimizi enlendirdi. Bu zel gn bizimle geirdikleri iin tm rencilere teekkr ederiz.",https://www.instagram.com/p/C6IlvdHIiO_/
2024-04-23,"[Tarih: 2024-04-23] Merhaba Oyun Severler! 27 Nisan 2024 Cumartesi Ipek Yolu Uluslararas ocuk ve Genlik almalar Merkezi Saat 19:00'da balyoruz! pek Yolu Uluslararas ocuk ve Genlik almalar Merkezi ile Frat E-spor renci Topluluu'nun ibirliiyle unutulmaz bir Game Night sizleri bekliyor! Kendi bilgisayarnz getirin, en sevdiiniz oyunlar oynayn ve heyecanl turnuvalarda yerinizi aln! eitli oyunlarda turnuvalar dzenlenecek. Katlmak iin tek yapmanz gereken, bio'daki link zerinden kayt formunu doldurmak! n kayt olmanz gerekmektedir, bu yzden yerinizi hemen ayrtn! Hadi, elencenin bir paras olun! Oyunlar balasn!",https://www.instagram.com/p/C6Gfq4uod-1/
2024-04-23,"[Tarih: 2024-04-23] Gelecein dnyasna ilk admnz bizimle atn! lkokul ve ortaokul rencilerine ynelik dzenlediimiz, teorik bilgilerle donanp pratik beceriler kazanabileceiniz robotik kodlama eitimi, sizi bekliyor. Tarih: 27-28 Nisan 2024 Kayt iin profilde ki linke tklamanz yeterli",https://www.instagram.com/p/C6GY3vKoZnS/
2024-04-22,[Tarih: 2024-04-22] niversite rencilerine Ynelik dzenlediimiz nsansz Hava Arac ( Drone ) eitimi bavurular balad,https://www.instagram.com/p/C6Ek_UaInkE/
2024-04-18,"[Tarih: 2024-04-18] 23 Nisan Ulusal Egemenlik ve ocuk Bayramnda gkyzn kefetmeye ne dersiniz? lkokul ve ortaokul rencilerine zel dzenlediimiz gzlem etkinlii, 23 Nisan Sal gn gerekleecektirilecektir. Detaylar iin profilde ki linke tklaman yeterli. Kontenjanla snrl 19.00 - 22.00",https://www.instagram.com/p/C55KR3doN1O/
2024-04-16,[Tarih: 2024-04-16] Model uak pistimizde uu testlerine devam ediyoruz.,https://www.instagram.com/p/C50w2floixV/
2024-04-08,"[Tarih: 2024-04-08] Teknofest 2023te Trkiye ikinciliini elde eden pek Yolu Otonom Robot Takmmz, Teknofest 2024 hazrlklarna hz kesmeden devam ediyor! lk aamay baaryla tamamladklar iin takmmz tebrik ederiz. Baar yolculuklarnda daha nice zaferler diliyoruz!",https://www.instagram.com/p/C5fh8_uokZ0/
2024-04-03,"[Tarih: 2024-04-03] pek Yolunda 58 gn boyunca birok alanda deneyim kazanmaya hazr msnz ? Yeni projemiz, Avrupa Dayanma Program kapsamnda desteklenmeye hak kazand ve biz de bu yolculua siz deerli gnlllerimizle devam etmek istiyoruz. Aranyor: ki Ulusal Gnll! Medya ve iletiim alannda m parlyorsunuz, yoksa tarmsal inovasyon mu sizi heyecanlandryor? Eer kendinize ve merkezimize katkda bulunmak istiyorsanz, doru yerdesiniz! Medya Birimi: Hikayeleri anlatma ve sesleri dnyaya yayma konusunda tutkulu olanlar, bu sizin zamannz! Tarmsal Kuluka Birimi: Srdrlebilir tarma dair tutkunuz varsa ve topran mucizelerini kefetmeye hazrsanz, gelin birlikte bytelim! Program Balangc: 10 Mays 2024 Sre: 58 gn boyunca unutulmaz bir macera! Ve daha da iyisi, programmz boyunca aadakileri karlyoruz: Gnlk 5 Euro cep harl Yeme, ime ve konaklama Seyahat masraflar Sigorta masraflar Bu benzersiz deneyimin bir paras olmak iin hemen harekete gein! Profilimizdeki linkten daha fazla bilgi alabilir ve bu maceraya adm atabilirsiniz. ile kendiniz iin gerek bir fark yaratn. Bu yolculukta siz de yerinizi aln!",https://www.instagram.com/p/C5TWkcCIB52/
2024-04-02,"[Tarih: 2024-04-02] pek Yolu Uluslararas ocuk ve Genlik almalar Merkezi - Tarmsal Kuluka Birimi Bir tohumun toprakla bulutuu o sihirli an... Ve o ann, yemyeil bir gelecee dnmesi... te biz, pek Yolu Uluslararas ocuk ve Genlik almalar Merkezinin Tarmsal Kuluka Birimi olarak, bu sihri her gn yeniden yayoruz. Tarmn sadece bir meslek deil, ayn zamanda bir yaam biimi olduuna inanyoruz. Bu inanla, tarmsal faaliyetlerimizi bir adm teye tayarak, srdrlebilirlik ve yenilikilik ilkeleri nda elik ile tbbi ve aromatik bitki retimine odaklanyoruz. Her bir elik, bizim iin bir umut filizi. Ve bu filizler, hem evresel srdrlebilirlie katkda bulunuyor hem de tbbi ve aromatik bitkilerin mucizevi dnyasn genlerimize ve ocuklarmza tantmamza olanak salyor. Gelin, bu yeeren umut yolculuunda bize katln. nk biz biliyoruz ki; topraktan gelen her yeil, dnyaya umut ve salk sayor.",https://www.instagram.com/p/C5QFbFMoaat/
2024-03-27,[Tarih: 2024-03-27] Dnya apnda sadece lkemizde gerekletirilen roket yarmasnn ZORLU kategorisinde ilk aamay baaryla getik!,https://www.instagram.com/p/C5BRXsKI1R4/
2024-03-17,[Tarih: 2024-03-17] Ortaokul rencilerine ynelik dzenlediimiz Model Roketilik Eitimimizi tamamladk.,https://www.instagram.com/p/C4nLdqpI_1P/
2024-03-11,"[Tarih: 2024-03-11] pekyolu Uluslararas ocuk ve Genlik almalar Merkezi'mizin rettii, Roketsan ve Teknofest tarafndan akredite edilerek lkemizde ilk olan ve Dnyada 9. Uu Kontrolcsn (Aviyonik Kart) l zel daresi Genel Sekreter Yardmcs Murat OKUBAY, pekyolu Genel Koordinatr Hakan KARABULUT ve Roket Takmmz tarafndan Valimiz Do. Dr. mer TORAMAN a takdim edildi. Sayn Valimiz Do. Dr. mer TORAMAN'a gstermi olduklar ilgiden dolay teekkr ederiz",https://www.instagram.com/p/C4X668UIb3C/
2024-03-09,[Tarih: 2024-03-09] Ortaokul rencilerine ynelik dzenlediimiz Scratch & MBot Robotik Kodlama Eitimimiz balad.,https://www.instagram.com/p/C4TR4elIFW7/
2024-03-09,[Tarih: 2024-03-09] Lise rencilerine ynelik dzenlediimiz Drone Uu Eitimimiz balad.,https://www.instagram.com/p/C4TRV0Ho8WS/
2024-03-09,"[Tarih: 2024-03-09] Gururluyuz TEKNOFEST kapsamnda yaran roket takmlar yurt dndan ithal ettii aviyonik sistemi PEK YOLU ROKET TAKIMIMIZIN yeleri yerli olarak gelitirmeyi baard. Roketsan tarafndan testlere tabi tutulan ve kalifiye edilen SKYLOGIC kartmz, artk TEKNOFEST genliinin kullanmna sunulmutur.",https://www.instagram.com/p/C4TDicGI26O/
2024-03-09,[Tarih: 2024-03-09] almalar n deerlendirme raporu hazrlklarmz kategorisinde takm arkadalarmz ile birlikte srdryoruz.,https://www.instagram.com/p/C4SjGmPImH8/
2024-03-09,[Tarih: 2024-03-09] pek Yolu Ulusal Gnll Afet Destek Takm Projesi kapsamnda oluturduumuz Arama Kurtarma ve Destek Afad gnll ekiplerimiz ile birlikte eitim boyunca alm olduumuz eitimleri deerlendirip proje kapan toplantsn ve zirvesini gerekletirdik. Genel Kordinatormz 'un katlmyla sertifika taktimi gerekletirildi.,https://www.instagram.com/p/C4SgeOkIJ4M/
2024-03-08,[Tarih: 2024-03-08] pek Yolu Elektronik Gelitirme Kartmz ile yeni projeler yapmaya devam ediyoruz.,https://www.instagram.com/p/C4QLmp6oANT/
2024-03-06,"[Tarih: 2024-03-06] Bitkisel rnlerde elik Alma ve Kklendirme Eitimi Merakllarna zel, bitkisel rnlerin oaltlmas sanatn renme frsat! Kendi bitkilerinizi yetitirmek, onlar salkl ve gl klmak artk bir sr deil. Eitmen eliinde, elik alma ve kklendirme tekniklerini adm adm kefedin. Eitim eriimiz: Bitkisel elik Alma Teknikleri Salkl Kklendirme Yntemleri Optimum Kklendirme Ortamlar Uygulamal Atlye almalar Bitki severler, bahvanlar ve yeil parmakl herkes, bu eitim sizin iin! Katlmak iin adresini ziyaret edin ve bio daki linkten yerinizi ayrtn. Bitkilerle dolu bir dnyann kaplarn aralayn!",https://www.instagram.com/p/C4KnUgfIaZr/
2024-03-04,"[Tarih: 2024-03-04] Frat niversitesi alma Ekonomisi ve Endstri likileri blm rencilerine ; Eurodesk ,Erasmus+ ,Avrupa Dayanma Program bilgilendirme eitimi dzenledik .",https://www.instagram.com/p/C4F5rNsoCyI/
2024-03-04,[Tarih: 2024-03-04] cretsiz 9-10 Martta ORTAOKUL rencilerimiz iin yapacamz Robotik Kodlama Eitimimize kaytlar balad ! Kayt iin profildeki linke tklayabilirsiniz,https://www.instagram.com/p/C4Fy7Y6IWfX/
2024-03-02,"[Tarih: 2024-03-02] Teknofest 2023te Sanayide Dijital Teknolojiler kategorisinde Trkiye ikincilii elde eden Otonom Robot Takmmz, Teknofest 2024e yeni logosu ve yeni ekip yeleriyle hazrlanyor!",https://www.instagram.com/p/C4AxpvxIQGk/
2024-03-02,[Tarih: 2024-03-02] Siber Gvenlik Kampmz Baaryla Tamamladk! ibirliiyle gerekletirdiimiz 4 gnlk Siber Gvenlik Kampmz tamamlamann gururunu yayoruz. lkemizin drt bir yanndan katlan genlerimize teekkr ediyoruz,https://www.instagram.com/p/C4ANPgYo2LX/
2024-03-01,"[Tarih: 2024-03-01] 24 Saatlik Yaratclk Maratonuna Hazr msnz? Genler, fikirlerinizi proje haline getirme zaman! 8 Mart'ta balayacak ve 1 gn srecek olan inovasyon ve yaratclk atlyemize davetlisiniz. Amacmz, sizleri yaratc dnmeye tevik etmek ve proje bavurularnza hzlandrlm bir ekilde hazrlamak. Program Tarihleri: 8 Mart 12:00 - 9 Mart 09:00 Son Bavuru Tarihi: 06 Mart 2024 23:59 Farkl alanlardan ekipler oluturup, Avrupa Birlii, Sosyal Projeler, Teknofest, Teknolojik ve Ekolojik Tabanl Giriimcilik gibi eitli proje alanlarnda fikirlerinizi hayata geireceiz. Bu zel etkinlikte, yaratclnz snayacak ve projelerinizi mentrler eliinde gelitireceksiniz. Surpriz dller, yeniliki fikirlerinizi bekliyor! Takmlarnz kurun ve alannza uygun projeler hazrlayn. Yaratclnzla fark yaratn ve bu benzersiz deneyimin bir paras olun. Sponsorlarmz: ve Bavurularnz bio'daki linke tklayarak yapabilirsiniz. Snrl yerlerimiz iin hemen kaydolun!",https://www.instagram.com/p/C3-TuIvIa6-/
2024-03-01,"[Tarih: 2024-03-01] 9-10 Martta lise rencilerine zel Drone Uu Eitimi balyor! Kefet, ren ve u. Kayt iin profilde ki linke tklamanz yeterli",https://www.instagram.com/p/C3-HfPgopig/
2024-03-01,[Tarih: 2024-03-01] AFAD ve UMKE tatbikat pek Yolu Uluslararas ocuk ve Genlik almalar Merkezi tatbikat alannda gerekletirildi.,https://www.instagram.com/p/C396Vu5Ijyh/
2024-02-29,"[Tarih: 2024-02-29] Siber Gvenlik Kampmz, 3. Gnn ibirliiyle tamamladk!",https://www.instagram.com/p/C38Y28fojUx/
2024-02-29,"[Tarih: 2024-02-29] Orta Okul rencileri ile Roket Bilimine Giri! Roket biliminde yllar boyunca edindiimiz tecrbeleri, 7den 70e paylamaya hazrz! Ortaokul rencilerine ynelik Model Roket Eitimimizle gelecein roketilerini yetitirmeye balyoruz. Eitimimizde neler mi var? - Roket biliminin temelleri - Model roket yapm ve uu prensipleri - At Kaytlarmz snrl sayda! Model Roketilik dnyasna admn atmak iin hemen kaydol. Kayt ve daha fazla bilgi iin Profildeki linke tklamanz yeterli ! nsanlar",https://www.instagram.com/p/C37bM1cI7M8/
2024-02-27,"[Tarih: 2024-02-27] Siber Gvenlik Kampmz, 2. Gnnde ibirliiyle devam ediyor!",https://www.instagram.com/p/C32eQXKofLD/
2024-02-26,[Tarih: 2024-02-26] Kuluka merkezimizde hayat bulan pek Yolu Elektronik Gelitirme Kart ile bir ok uygulama yapabilirsiniz!,https://www.instagram.com/p/C3z-m3JouNH/
2024-02-26,"[Tarih: 2024-02-26] Siber Gvenlik Kampmz, ibirliiyle balad! Katlmclarmz, gncel siber gvenlik teknikleriyle eitmek iin heyecanlyz.",https://www.instagram.com/p/C3zSpXjoMQo/
2024-02-22,"[Tarih: 2024-02-22] Bir tohumun toprakla bulutuu an, yaamn balangcdr. Ama her tohumun gizemi, onu neyin beklediidir. Teknolojinin gcn kullanarak, tarmn geleceine k tutuyoruz. Bekle bizi",https://www.instagram.com/p/C3poHhHowK6/
2024-02-16,"[Tarih: 2024-02-16] ""Devlet tevikleri tantm gnleri"" kapsamnda gerekleen etkinlikte pek Yolu uluslararas ocuk ve genlik almalar merkezi olarak yer aldk. merkezimizde Yerli ve milli imkanlarla rettiimiz teknolojilerimizi , Temas Noktas olarak Avrupa Frsatlar bilgilendirme, olarak Tarmsal faaliyetlerimiz hakknda bilgilendirmelerde bulunduk. Standmz Elaz Valisi Dr.mer TORAMAN Frat niversitesi rektr Prof. Dr. Fahrettin GKTA ziyaret ettiler. Gstermi olduklar ilgiden dolay teekkr ederiz",https://www.instagram.com/p/C3aXtewoune/
2024-02-13,"[Tarih: 2024-02-13] Gururluyuz pek Yolu Roket Takmmzn yerli ve milli imkanlarla gelitirdii uu kontrol bilgisayar, n zorlu testlerini baaryla geti",https://www.instagram.com/p/C3SUU-BoQOp/
2024-02-09,[Tarih: 2024-02-09] Hi para harcamadan Avrupada bir yl kalabileceinizi biliyor muydunuz? te 18-30 ya aralndaki genler iin sunulmu bir frsat! Karmayn deriz,https://www.instagram.com/p/C3IS4-sobCz/
2024-02-07,"[Tarih: 2024-02-07] Merhaba Genler! pek Yolu Uluslararas ocuk ve Genlik almalar Merkezimize ho geldiniz! Tesisimizde, ngiliz ve Arap cinsi atlarmzn yan sra, Sanem ve Halep cinsi keilerimiz, sevimli tavuklarmz, rdeklerimiz ve daha fazlas sizleri bekliyor! Binicilik yapmak isteyenler iin atlarmz hazr, keilerimizle vakit geirmek isteyenleri bekliyoruz. Ayrca, tavuk ve civcivlerimizi kuluka ekipmanlarmzda yetitiriyoruz. Doal yaamn keyfini birlikte karalm!",https://www.instagram.com/p/C3C6whNof1C/
2024-02-07,[Tarih: 2024-02-07] TEKNOFEST kapsamnda dzenlenen evre ve Enerji teknolojileri kategorisinde yer alacak yeni takmmz Waste IoT kuruldu. Akll ehirler iin gelitirdiimiz yeniliki zmlerimizle atk ynetimini daha verimli ve srdrlebilir hale getirmeyi hedefliyoruz. Takmmza Teknofestte baarlar dileriz,https://www.instagram.com/p/C3CeMyNoIdM/
2024-02-06,"[Tarih: 2024-02-06] Bugn sizlerden gelen sorulardan bir kan cevaplandrdk, cevaplar iyi dinleyin deriz",https://www.instagram.com/p/C3BAJGiI-Ei/
2024-02-06,"[Tarih: 2024-02-06] 6 ubat depreminin yl dnmnde Elaz valimiz Sayn Dr. mer TORAMAN il zel idaresi Genel Sekreteri Ali il zel idaresi Genel Sekreter Yardmcs Dr. Murat OKUBAY ve AFAD temsilcilerinin katlmlar ile pek Yolu Ulusal Gnll Afet Destek Takm olarak gnn anlamyla dolu bir buluma gerekletirdik. Gelecee umutla bakarken, birlikte geirdiimiz bu anlarn dayanma ve birlik duygularn pekitirmesini temenni ediyoruz.",https://www.instagram.com/p/C3AoGXmoEgJ/
2024-02-05,[Tarih: 2024-02-05] Genlik ve Spor Bakanl ibirliiyle 90 katlmc ile 10 gn devam edecek ileri dzey VLOG eitimi pek Yolu Uluslararas ocuk ve Genlik almalar Merkezi'nde balad,https://www.instagram.com/p/C29bUUiIDwA/
2024-02-04,[Tarih: 2024-02-04] Her bir gen yldzmza teekkrler! lkokul ve ortaokul rencileri iin dzenlediimiz Bilim ve Teknoloji Kampna gstermi olduunuz ilgiden dolay teekkr ederiz.,https://www.instagram.com/p/C27IQsfIFpR/
2024-01-29,[Tarih: 2024-01-29] Erasmus+ genlik deiimi nedir? Kimleri kapsar? Ka gn srer? Bu gibi konularda bilgi sahibi olmak istiyorsanz bizi takip etmeyi unutmaynz +,https://www.instagram.com/p/C2sAM-MoqYz/
2024-01-28,[Tarih: 2024-01-28] Elaz l zel daresi Bilim Merkezi ibirliiyle dzenlediimiz Bilim ve Teknoloji Kampnda ara tatilin ikinci haftasn robotik kodlama eitimi ile balattk! Benzer eitimlerimize katlmak iin bizi takip etmeye devam edin!,https://www.instagram.com/p/C2pPBTqIzIp/
2024-01-28,[Tarih: 2024-01-28] TEKNOFEST2024e katlm iin geri saym balad! Yeniliki fikirlerini sergileme ansn karma! Son Bavuru: 16 ubat 2024 Bavuru iin profilimizdeki linke tkla! Giriimci Kuluka Merkezi ile gelecei ina et ve altyap imkanlarmz kefet.,https://www.instagram.com/p/C2oz_yNoYZV/
2024-01-26,[Tarih: 2024-01-26] ile birlikte organize ettiimiz Bilim ve Teknoloji kamp kapsamnda 3D Yazc eitimlerimize devam ediyoruz,https://www.instagram.com/p/C2kWL5TIgmA/
2024-01-25,"[Tarih: 2024-01-25] Baz hayaller gereklemeyi hakkeder. 3 yl nce atlan ilk adm bugn vatan iin koturan yzlerce gence yol oluyor. Gelitirdiimiz Yerli ve Milli Teknolojiler , lkemizin yarn iin kpr olduumuz her gen, toprakla buluan her tohum bizim gurur kaynamz. 3 ylda yarnlarna dokunduumuz binlerce gencimiz ile hayal etmeye ve gerekletirmeye devam edeceiz Bu hikaye bir hayalin gerekleme bir ulusun gl ayak seslerinin hikayesidir . Birlikte nice yllara pek Yolu Uluslararas ocuk Ve Genlik almalar Merkezi pek Yolu 3 yanda",https://www.instagram.com/p/C2hGy_PoyGh/
2024-01-25,"[Tarih: 2024-01-25] pek Yolu Roket Takm, Teknofestte Zorlu Kategoride yaryor! 100. ylmza zel logomuzla, baarlar daha yksee tayoruz.",https://www.instagram.com/p/C2g2bGmo4g2/
2024-01-24,"[Tarih: 2024-01-24] Kuluka Merkezimizde Student Engineer olarak gnll alan Sla ile birlikte renip, birlikte retiyoruz.",https://www.instagram.com/p/C2fkLNJoFL3/
2024-01-24,[Tarih: 2024-01-24] Eurodesk Trkiye Temas Noktas olarak gen arkadalarmza bilgilendirici videolar ekeceimizi duyurmak istiyoruz. Bizi takip etmeyi unutmayn,https://www.instagram.com/p/C2ef4snoOlz/
2024-01-23,[Tarih: 2024-01-23] TEKNOFESTE Gidiyoruz pek Yolu Tarmsal Kuluka Merkezi TEKNOFEST hazrlklarna balad.,https://www.instagram.com/p/C2cBVLdsQrE/
2024-01-21,"[Tarih: 2024-01-21] Bilim ve Teknoloji Kampmz Balad! ile birlikte lkokul ve Ortaokul rencilerine zel dzenlediimiz bilim ve teknoloji kampmzda elence dolu bir yolculua kyoruz! Birlikte renecek, birlikte reteceiz!",https://www.instagram.com/p/C2XgqSXIBBX/
2024-01-20,"[Tarih: 2024-01-20] pek Yolu ESC program ile 89 gn boyunca Almanya Kln'de gnlllk yapacak 2 katlmc aryor! 20 ubat Var, 19 Mays dn olacak ekilde, yeme, ime, konaklama, seyahat, cep harl ve Almanyann her yerinde geerli tren bileti karlanacaktr. 89 gn boyunca gnlller; - Anaokulu andaki ocuklarn kiisel geliim sreleri, - ngilizce konuma kulpleri, - Ve Proje ynetimi alanlarnda gnlllk yapacaklardr. Son Bavuru Tarihi: 30.01.2024 Balang Tarihi: 20.02.2024 Biti Tarihi: 19.05.2024 - Yeil Pasaportlu katlmclar tercih sebebi olacaktr. ( Vize bavurularndaki randevu zorluklarndan dolay yeil pasaport tercih sebebidir) Bavuru iin bio'daki linke tklaynz",https://www.instagram.com/p/C2VAauoIubz/
2024-01-20,[Tarih: 2024-01-20] Tarm faaliyet sezonuna az kald sayfasndaki bio linkinden bavuru yapabilirsiniz.,https://www.instagram.com/p/C2UqdxAsDkU/
2024-01-19,"[Tarih: 2024-01-19] ""Uluslararas Afet Destek Akredite Takm egitimi"" pek Yolu'nda devam ediyor . Tatbikat ncesi hazrlklarmz devam ediyor",https://www.instagram.com/p/C2SD1ZeIp7B/
2024-01-19,"[Tarih: 2024-01-19] ""Uluslararasi Afet Destek Akredite Takim egitimi"" Ipek Yolu'nda devam ediyor . Tatbikat ncesi planlama yapld",https://www.instagram.com/p/C2RqABVIseG/
2024-01-18,"[Tarih: 2024-01-18] pek Yolu'ndan Ay'a lk bak ok yaknda bir gzlem etkinlii dzenleyeceiz. Uzayda daha etkin bir rol oynamak iin, en kmzden en bymze kadar kefetmeye ve renmeye devam edeceiz. Fotoraf temsili deil bugn ki ekilen ay grnts..",https://www.instagram.com/p/C2P2FOiIElv/
2024-01-17,"[Tarih: 2024-01-17] Azerbaycann bakenti Bakde dzenlenen 74. Uluslararas Uzay Kongresinde standmz ziyaret eden ve Ayyldzmz uzayda dalgalandracak olan ilk Trk astronotu Alper Gezeravc, bu gece uzay yolculuuna kyor!",https://www.instagram.com/p/C2M2qQ4IES_/
2024-01-16,[Tarih: 2024-01-16] Web sitemiz artk yaynda! Bizleri daha yakndan tanmak ve sunduumuz benzersiz deneyimleri kefetmek iin web sitemizi ziyaret edin.,https://www.instagram.com/p/C2JxcaToExF/
2024-01-15,[Tarih: 2024-01-15] Dijital dnyann gvenliini salama yolunda nemli bir adm daha atyoruz! BTK Akademi ve USOM ibirlii ile Elaz Siber Gvenlik Kampmz balyor! - Kamp CRETSZ - Son bavuru tarihi: 11 ubat 2024 - ehir d katlmclarmza cretsiz konaklama imkan - Bavuru ve detaylar iin profilimizdeki linke tklayn.,https://www.instagram.com/p/C2IW4mhoMMG/
2024-01-14,"[Tarih: 2024-01-14] Biliyor muydunuz pek Yolu Roket Takmmz, 3 yllk titiz almalarn ardndan, roketin hayati alt sistemlerinden biri olan ayrlma sistemleri iin patent bavurusunda bulundu!",https://www.instagram.com/p/C2FY3faI1ge/
2024-01-10,[Tarih: 2024-01-10] Elaz l zel daresi Bilim Merkezi ve pek Yolu Giriimci Kuluka Merkezi olarak Yaryl tatilinde ilkokul ve ortaokul rencilerine ynelik Bilim ve Teknoloji Kamp dzenliyoruz! Katlacak gen bilim insanlar iin harika etkinliklerimiz var: Kendi robotunu yap Drone uu tekniklerini ren 3D yazc ile ilk admn at Deney atlyesinde bilimi kefet Planeteryumda yldzlarn arasnda bir yolculuk yap Bilim mzesini kefet Son Bavuru Tarihi: 19 Ocak 2024 Eitim Yeri: Elaz l zel daresi Bilim Merkezi Bu cretsiz kamp karmayn ve gelecein bilim insanlar arasnda yerinizi aln! Kayt ve daha fazla bilgi iin Profilde ki linke tklamanz yeterli,https://www.instagram.com/p/C16bHBEoms6/
2024-01-08,[Tarih: 2024-01-08] pekyolu rt Alt Tarm (Seraclk) faaliyetleri,https://www.instagram.com/p/C11yIKvsy41/
2024-01-08,"[Tarih: 2024-01-08] Frat Kalknma Ajans tarafndan organize edilen 90 gn sren ""Bilgisayarl Muhasebe Eitimi"" pek Yolunda Frat Kalknma Ajans Genel Sekreteri Dr. Abdulvahap YOUNLU'NUN katlmyla gerekleen sertifika taktimi ile tamamland",https://www.instagram.com/p/C11YXa7oxLx/
2024-01-08,[Tarih: 2024-01-08] Frat niversitesi Fen Fakltesi rencileri tesisimizi ziyaret ederek yaplan almalar hakknda bilgiler aldlar.,https://www.instagram.com/p/C11U6TSIT--/
2024-01-08,[Tarih: 2024-01-08] Elaz l zel daresi Bilim Merkezi ile birlikte ikincisini dzenlediimiz Robotik Kodlama eitimimizi tamamladk.,https://www.instagram.com/p/C11EQ1zorw-/
2023-12-31,[Tarih: 2023-12-31] 2023 Mavi Takm Siber Gvenlik Eitimi ile kapattk! Eitimimize deer katan hocamza ve katlm gsteren herkese ok teekkr ederiz.,https://www.instagram.com/p/C1hqhSTI6w_/
2023-12-31,"[Tarih: 2023-12-31] 2023 Ylnda Neler Yaadk! Bu yl, her biri kendi hikayesi ve direnciyle bize ilham veren depremzede misafirlerimizi arladk. Onlarca ulusal ve uluslararas eitim program dzenleyerek bilgi ve deneyimimizi geni bir kitleyle paylatk. Teknofestte gsterdiimiz stn performans ile 3 dl kazanmann gururunu yaadk. Ve binlerce ziyaretiyi arlayarak, etkileim ve balantlarmz glendirdik. Bu baarlar sizlerin desteiyle elde ettik. Her birinize teekkrler! 2024te daha fazlas iin sabrszlanyoruz. Bizi takip etmeye devam edin!",https://www.instagram.com/p/C1g0ry_I0gj/
2023-12-30,"[Tarih: 2023-12-30] Gnll arkadalarmzla ilk toplantmz gerekletirdik! Sizler iin kollar svadk: Etkinlikler, eitimler, projeler ve teknofest takmlar zerinde alyoruz. Bizleri takip etmeyi unutmayn",https://www.instagram.com/p/C1fS8iKo5vd/
2023-12-30,[Tarih: 2023-12-30] Elaz l zel daresi Bilim Merkezi ile birlikte dzenlediimiz Robotik Kodlama eitimimize baladk.,https://www.instagram.com/p/C1em863IYyd/
2023-12-30,"[Tarih: 2023-12-30] ""Uluslararas Afet Destek Akredite Takm eitimi"" Psikolojik ilk yardm eitimi ile devam ediyor",https://www.instagram.com/p/C1eC02DIvo6/
2023-12-30,[Tarih: 2023-12-30] Mavi Takm Siber Gvenlik Analisti Eitimi Balad!,https://www.instagram.com/p/C1d-1fvobeO/
2023-12-28,[Tarih: 2023-12-28] Blockchain Teknolojisi zerine Harika Bir Etkinlik Gerekletirdik!,https://www.instagram.com/p/C1ZoFduoKsf/
2023-12-26,"[Tarih: 2023-12-26] Uluslararas Afet Destek Akredite Takm eitimi"" Medya iletiimi ve Harita Pusula GPS eitimi verildi Katk salayan eitmenlere teekkr belgesi taktimi gerekletirildi",https://www.instagram.com/p/C1UYm2_Itgu/
2023-12-26,"[Tarih: 2023-12-26] Uluslararas Afet Destek Akredite Takm eitimi"" Medya iletiim eitimi ile devam ediyor",https://www.instagram.com/p/C1TsHkOoaoR/
2023-12-25,"[Tarih: 2023-12-25] Trkiyenin en geni sivil nsansz Hava Arac (Drone) eitliliine sahip kuluka merkezimizde, Teorik ve Uygulamal drone kullanm eitimimizi baaryla tamamladk! Eitimimiz, drone teknolojisinin temellerinden kullanma kadar her eyi kapsad. Katlmclarmz hem teorik bilgiler ald, hem de pratik uygulamalarda yapt. Bu eitimle, gkyz ile bulutuk. Eitimimize katlan herkese teekkrler!",https://www.instagram.com/p/C1RxPrPo0rf/
2023-12-25,[Tarih: 2023-12-25] i Elazda misafir ettik ! Blockchainin geleceini konutuumuz etkinliimize katlan misafirlerimize teekkr ederiz !,https://www.instagram.com/p/C1RiQXYoXBe/
2023-12-24,[Tarih: 2023-12-24] Uluslararas Afet Destek Akredite Takm eitimi. lkyardm eitimini uzman eitmenler eliinde gerekleen snavla tamamladk,https://www.instagram.com/p/C1Ojuw9I7Nn/
2023-12-23,[Tarih: 2023-12-23] Kuluka merkezimizde gnll olmak iin bavuran arkadalarmz arasndan seimlerimizi tamamladk. Sizlerle birlikte muazzam iler baaracamza yrekten inanyoruz ve sizlerle birlikte bymeyi ve gelimeyi sabrszlkla bekliyoruz!,https://www.instagram.com/p/C1M_eSvohXd/
2023-12-23,"[Tarih: 2023-12-23] ""Uluslararas Afet Destek Akredite Takm eitimi"" pek Yolunda devam ediyor . ""lkyardm Eitimi"" yaralanma ve boulma",https://www.instagram.com/p/C1MhDANI1hW/
2023-12-23,"[Tarih: 2023-12-23] ""Uluslararas Afet Destek Akredite Takm eitimi"" Uygulamal ilkyardm eitimi",https://www.instagram.com/p/C1MPFbgoGJW/
2023-12-23,"[Tarih: 2023-12-23] Uluslararas Afet Destek Akredite Takm eitimi"" pek Yolu Uluslararas ocuk ve Genlik almalar Merkezi'nde Uygulamal ilk yardm eitimi ile devam ediyor Unutma bilinli yaplan ilk yardm hayat kurtarr",https://www.instagram.com/p/C1L7vtVIvMA/
2023-12-22,[Tarih: 2023-12-22] Tohum Anaokulu'nun minik rencileri Yerli Mal Haftas mnasebetiyle tesisimizi ziyaret ettiler.,https://www.instagram.com/p/C1KKgLDoYre/
2023-12-21,[Tarih: 2023-12-21] Giriimci kuluka merkezimizin gnll adaylar akland Maillerinizi kontrol etmeyi unutmayn,https://www.instagram.com/p/C1HfDn3Iy9Y/
2023-12-21,"[Tarih: 2023-12-21] Uluslararas Afet Destek Akredite Takm eitimi"" pek Yolu Uluslararas ocuk ve Genlik almalar Merkezi'nde Tehlikeli Madde HAZMAT Eitimi ile devam ediyor. Tehlikeli madde veya uluslararas ksaltmasyla HAZMAT; kimyasal yaplar sebebiyle serbest kaldklar veya hatal kullanldklarnda eyalara, evreye veya organizmalara zarar verebilen kat, sv ve gazlar. Radyoaktif, yanc, patlayc, andrc, yakc ve boucu maddeler bu gruba girerler .",https://www.instagram.com/p/C1HWLuxoL7v/
2023-12-21,[Tarih: 2023-12-21] Krgz Cumhuriyeti Ankara Bykelisi Sayn Ruslan KAZAKBAEV tesisimizi ziyaret ettiler. Gstermi olduklar ilgiden dolay teekkr ederiz,https://www.instagram.com/p/C1HUh1MofWu/
2023-12-21,[Tarih: 2023-12-21] Sahlep; orkide familyasna ait bir bitkidir. Sahlep toplanmas neden yasaktr ve cezas vardr. Daha detayl bilgi sahibi olmak iin bizi takip etmeye devam edin.,https://www.instagram.com/p/C1HLUK9s9jt/
2023-12-21,"[Tarih: 2023-12-21] ""Uluslararas Afet Destek Akredite Takm eitimi"" pek Yolu Uluslararas ocuk ve Genlik almalar Merkezi'nde Tehlikeli Madde eitimi ile devam ediyor.",https://www.instagram.com/p/C1G1Cj0oWt3/
2023-12-21,[Tarih: 2023-12-21] Prototiplemede kullanabileceiniz CNC Lazer Kesim makinemizin olduunu biliyor muydunuz ?,https://www.instagram.com/p/C1GyMmKoC83/
2023-12-20,"[Tarih: 2023-12-20] Uluslararas Afet Destek Akredite Takm eitimi"" Uygulamal Makine Ekipman Tanma",https://www.instagram.com/p/C1En6h3IMty/
2023-12-20,[Tarih: 2023-12-20] Toprak bakm ve dier tm almalarmzn detayl bilgilendirme videolar iin bizi takip etmeyi unutmayn. Gnlllk ve staj bavurular iin sayfasndaki bio dan bavuru yapabilirsiniz.,https://www.instagram.com/p/C1EektfMoJw/
2023-12-20,"[Tarih: 2023-12-20] Uluslararas Afet Destek Akredite Takm eitimi"" pek Yolu Uluslararas ocuk ve Genlik almalar Merkezi'nde Arama Kurtarma Makine Ekipman eitimi ile devam ediyor .",https://www.instagram.com/p/C1ESsT-oDjD/
2023-12-19,[Tarih: 2023-12-19] Tarma ynelik gncel ve doru bilgiler almak isteyen ve Tarmsal Kuluka Merkezimizde Gnll katlm salamak isteyen arkadalar sayfasndaki bio linkinden gnllk bavuru formunu doldurabilirsiniz.,https://www.instagram.com/p/C1B3sOvsFsS/
2023-12-19,"[Tarih: 2023-12-19] ""Uluslararas Afet Destek Akredite Takm eitimi"" pek Yolu Uluslararas ocuk ve Genlik almalar Merkezi'nde ""Olay Yeri Ynetimi Eitimi "" ile devam ediyor !!! Olay yeri ynetimi; olay yeri yneticisinin olay ve iinde bulunduu artlar deerlendirerek, olaydan etkilenen hasta veya yarallarn en ksa zamanda etkili bir acil bakm hizmeti alabilmelerine ynelik tm organizasyonlar kapsamaktadr.",https://www.instagram.com/p/C1BqbcqIEsu/
2023-12-19,"[Tarih: 2023-12-19] Frat Kalknma Ajans tarafndan organize edilen 90 gn srecek ""Bilgisayarl Muhasebe Eitimi"" 79. gnnde pek Yolunda devam ediyor.",https://www.instagram.com/p/C1Bmo_TI8Oj/
2023-12-18,[Tarih: 2023-12-18] pek Yolu Uluslararas ocuk ve Genlik almalar Merkezi Tarmsal Kuluka Merkezi Olarak Neler Yapyoruz? Bizi Takip Etmeyi Unutmayn pekyoluuluslararasocukvegenlikalmalarmerkezi,https://www.instagram.com/p/C0_rtUwMBrp/
2023-12-18,"[Tarih: 2023-12-18] ""Uluslararas Afet Destek Akredite Takm eitimi"" pek Yolu Uluslararas ocuk ve Genlik almalar Merkezi'nde teorik hafif arama kurtarma eitimi ile devam ediyor",https://www.instagram.com/p/C0_cTgyITU8/
2023-12-18,"[Tarih: 2023-12-18] 1-14 Ekim tarihleri arasnda gerekletirilen ""ipekyolu Ulusal Gnll Afet Destek Takm Projesi'nin"" ardndan 18- 28 Aralk tarihleri arasnda ""Uluslararas Afet Destek Akredite Takm eitimi"" pek Yolu Uluslararas ocuk ve Genlik almalar Merkezi'nde balad. Bu eitimle afet durumunda pek Yolu olarak bamsz mdahale gerekletirebileceiz .",https://www.instagram.com/p/C0_HKvJoIMY/
2023-12-18,[Tarih: 2023-12-18] ibirlii ile dzenlediimiz IoT ( Nesnelerin nterneti ) eitimimizi tamamladk. Eitime katlm salayan tm rencilerimize teekkr ederiz,https://www.instagram.com/p/C0-6Fq8IpLe/
2023-12-17,[Tarih: 2023-12-17] Giriimci Kuluka Merkezimizde 3D Yazc Destei alabileceinizi biliyor muydunuz Kuluka merkezimizdeki 3D yazclarmzla imdiye kadar 1800 saat cretsiz bask destei saladk!,https://www.instagram.com/p/C09hSYKo6za/
2023-12-16,"[Tarih: 2023-12-16] pek Yolu Uluslararas ocuk ve Genlik almalar Merkezi'nde ""Drone Eitimi"" balad",https://www.instagram.com/p/C06bA-kofEh/
2023-12-15,"[Tarih: 2023-12-15] ule Yksel enler Vakf tarafndan organize edilen, stanbul Kalknma Ajans Sosyal Gelimeyi Destekleme Program ""Gen Geliim Gen Giriim"" projesi kapsamnda alma ve Sosyal Gvenlik Bakanl Avrupa Birlii ve D likiler Genel Mdrl tarafndan STK yelerine ynelik, ""Uygulamal Proje Dngs ve Ynetimi Eitimi"" pek Yolu Uluslararas ocuk ve Genlik almalar Merkezi'nde tamamland",https://www.instagram.com/p/C03w71gILpO/
2023-12-15,[Tarih: 2023-12-15] ibirliiyle dzenlenen IoT Eitimi pek Yolunda devam ediyor,https://www.instagram.com/p/C03a3jPIN_S/
2023-12-14,"[Tarih: 2023-12-14] ""Uygulamal Proje Dngs ve Ynetimi Eitimi"" 4. Gnnde pek Yolu uluslararas ocuk ve genlik almalar Merkezi'nde devam ediyor Gn Harput gezisi ile tamamladk",https://www.instagram.com/p/C01tXd0oqo1/
2023-12-14,"[Tarih: 2023-12-14] ule Yksel enler Vakf tarafndan organize edilen, stanbul Kalknma Ajans Sosyal Gelimeyi Destekleme Program ""Gen Geliim Gen Giriim"" projesi kapsamnda alma ve Sosyal Gvenlik Bakanl Avrupa Birlii ve D likiler Genel Mdrl tarafndan STK yelerine ynelik 4 gn devam edecek olan Uygulamal Proje Dngs ve Ynetimi Eitimi almak zere tesisimize gelen katlmclar ile birlikte tarmsal kuluka merkezimizi gezdik.",https://www.instagram.com/p/C01F712Ncdz/
2023-12-14,[Tarih: 2023-12-14] Btk Akademi ile birlikte dzenlediimiz IoT eitimimiz devam ediyor,https://www.instagram.com/p/C00-2HgoWXM/
2023-12-14,"[Tarih: 2023-12-14] ""Uygulamal Proje Dngs ve Ynetimi Eitimi"" 4 .Gnnde pek Yolu uluslararas ocuk ve genlik almalar Merkezi'nde devam ediyor Gne ""Hedef Ve Strateji Analizi"" konu balyla baladk.",https://www.instagram.com/p/C00zcKVoJMA/
2023-12-13,"[Tarih: 2023-12-13] ""Uygulamal Proje Dngs ve Ynetimi Eitimi, pek Yolu'nda devam ediyor . Genel Koordinatrmz tarafndan yurt d frsatlarna ilikin bir bilgilendirme eitimi ve tesis gezisi gerekletirildi.""",https://www.instagram.com/p/C0zqTcUoK-f/
2023-12-13,"[Tarih: 2023-12-13] ""Uygulamal Proje Dngs ve Ynetimi Eitimi"" rnek bir proje nasl olmaldr konu balyla devam ediyor",https://www.instagram.com/p/C0ylauNIPJb/
2023-12-13,"[Tarih: 2023-12-13] ""Uygulamal Proje Dngs ve Ynetimi Eitimi"" 3. Gnnde pek Yolunda devam ediyor",https://www.instagram.com/p/C0yUL1jIeE3/
2023-12-13,"[Tarih: 2023-12-13] ""Uygulamal Proje Dngs ve Ynetimi Eitimi"" 3. Gnnde pek Yolu Uluslararas ocuk Ve Genlik almalar Merkezi'nde devam ediyor",https://www.instagram.com/p/C0yMcXmoVnn/
2023-12-13,[Tarih: 2023-12-13] BTK Akademi i birliiyle gerekletirdiimiz IoT Eitimimiz balad!,https://www.instagram.com/p/C0yKdg5I5TT/
2023-12-12,"[Tarih: 2023-12-12] Blockchain okuryazarlnz pek Yolu Giriimci Kuluka Merkezi ile pekitirin! 24 Aralk PAZAR gn dzenlenecek olan Solana Allstars TR etkinlii ile Blockchain Dnyasna adm atn. Yiyecek iecek ve dll yarmalar ile Solana ve Web3 dnyasn kefedin. Eitim Yeri: pek Yolu Uluslararas Giriimci Kuluka Merkezi cretsiz Bavuru formu iin profildeki linke tklaman yeterli. Frsat karmayn, yerinizi hemen ayrtn!",https://www.instagram.com/p/C0wYYg0oSvx/
2023-12-12,"[Tarih: 2023-12-12] pekyolu Uluslararas ocuk Genlik almalar Merkezi olarak, smetpaa lkokulunda dzenlenen Yerli Mal Haftasnda, yerli olarak gelitirdiimiz teknolojik rnleri rencilerimizle buluturduk. Artk yerli mal denildiinde akla teknoloji gelecek. pek Yolu Uluslararas ocuk ve Genlik almalar Merkezi olarak, yerli retim iin teknolojik almalar yapmaya, retmeye ve gelecek nesillere rnek olmaya devam edeceiz.",https://www.instagram.com/p/C0wMzLPI-xI/
2023-12-12,[Tarih: 2023-12-12] Uygulamal Proje Dngs ve Ynetimi Eitimi pek Yolunda devam ediyor,https://www.instagram.com/p/C0vwE7WIZHt/
2023-12-12,"[Tarih: 2023-12-12] ule Yksel enler Vakf tarafndan organize edilen, stanbul Kalknma Ajans Sosyal Gelimeyi Destekleme Program ""Gen Geliim Gen Giriim"" projesi kapsamnda alma ve Sosyal Gvenlik Bakanl Avrupa Birlii ve D likiler Genel Mdrl tarafndan STK yelerine ynelik, ""Uygulamal Proje Dngs ve Ynetimi Eitimi"" 2. Gnnde pek Yolu uluslararas ocuk ve genlik almalar merkezi Genel Kordinatormz 'un katlmyla devam ediyor",https://www.instagram.com/p/C0vqPV1o7a5/
2023-12-11,"[Tarih: 2023-12-11] ule Yksel enler Vakf tarafndan organize edilen, stanbul Kalknma Ajans Sosyal Gelimeyi Destekleme Program ""Gen Geliim Gen Giriim"" projesi kapsamnda alma ve Sosyal Gvenlik Bakanl Avrupa Birlii ve D likiler Genel Mdrl tarafndan STK yelerine ynelik 4 gn devam edecek olan Uygulamal Proje Dngs ve Ynetimi Eitimi tesisimizde balad.",https://www.instagram.com/p/C0tja3IoUys/
2023-12-10,[Tarih: 2023-12-10] 3D Yazc eitimimizi baaryla tamamladk! Eitime katlan tm katlmclara teekkr ederiz,https://www.instagram.com/p/C0rQXyRom-8/
2023-12-09,"[Tarih: 2023-12-09] 3D Yazc Eitimi Balad! Youn bavuru sonrasnda seilen 20 katlmcyla beraber 3D yazcnn tm zelliklerini kefetmeye baladk. ki gn srecek bu eitimde, 3D yazclar hem teorik hem de uygulamal olarak ele alacaz. 3D teknolojisindeki son yenilikleri katlmclarmza aktabilmenin mutluluu ierisindeyiz",https://www.instagram.com/p/C0o_7oqIXkv/
2023-12-08,[Tarih: 2023-12-08] Elaz Bilim Merkezimizdeki deerli hocalarmza ynelik dzenlediimiz 1 haftalk Robotik Kodlama Eitmen Eitimini baaryla tamamladk. Katlmc hocalarmza ve bu eitime katkda bulunan herkese teekkr ederiz.,https://www.instagram.com/p/C0llL2MI-YI/
2023-12-07,[Tarih: 2023-12-07] Sana geldim sana,https://www.instagram.com/p/C0jzyUyILHN/
2023-12-06,"[Tarih: 2023-12-06] Siber savunma yeteneklerinizi bizimle glendirin! 30-31 Aralkta dzenlenecek olan Mavi Takm Siber Gvenlik Analisti Eitimi ile siber gvenlik dnyasna adm atn. Bavuru Tarihi: 25 Aralk 2023 Eitim Yeri : pek Yolu Uluslararas ocuk ve Genlik almalar Merkezi cretsiz Bavuru ve detay iin profilde ki linke tklaman yeterli Frsat karmayn, yerinizi hemen ayrtn!",https://www.instagram.com/p/C0gBsoIosPh/
2023-12-05,"[Tarih: 2023-12-05] Ortaokul rencileri iin Robotik Kodlama Eitimi! Tarih: 30-31 Aralk 2023 Saat: 09:00-17:00 Elaz Bilim Merkezi 5.6.7.8.Snflar iin elenceli, etkileimli derslerle robotlar programlamay ren! Uzman eitmenler eliinde teorik ve pratik bilgiler. Snrl Kontenjan - Hemen Kaydol! Kayt iin Profilde ki linki tklaman yeterli! Kodlama Gelecektir!",https://www.instagram.com/p/C0deXzYIGfl/
2023-12-03,[Tarih: 2023-12-03] 3 Aralk Dnya Engelliler Gn'nde zel gereksinimli genlerimiz tesisimizi ziyaret ettiler Sevgi engel tanmaz sizleri ok seviyoruz,https://www.instagram.com/p/C0YnVCKIR9f/
2023-11-26,"[Tarih: 2023-11-26] Otonom Robot Takmmz iin takm arkadalar aryoruz! Teknofest 2023te leri Kategoride Trkiye kincisi olan gururumuz, pek Yolu Otonom Robot Takmmz iin yeni yetenekler aryoruz! Sen de robotik ve teknolojiye tutkuluysan, bizimle birlikte byk baarlara imza atmak istiyorsan, bu frsat karma! Katlm artlar: - Otonom sistemlerine ilgili - Takm almasna uyum - Yeniliki ve yaratc dnce yaps Son Bavuru Tarihi: 10 Aralk Bavuru Linki: Profilde ki linke tklayn Takmmza katl, gelecein otonom teknolojilerini birlikte ekillendirelim!",https://www.instagram.com/p/C0GjMtxIHKP/
2023-11-25,"[Tarih: 2023-11-25] Roket Takmmza Katln, Gkyzn birlikte kefedelim! Baar Hikayemiz: - TEKNOFEST 2021 & 2022: Orta rtifa Kategorisi - kincilik - TEKNOFEST 2023: Yksek rtifa Kategorisi - nclk 2024 Teknofest Roket Yarmas iin yeni takm arkadalar aryoruz! Aranan Nitelikler: - Yeniliki dnce yaps - Takm almasna yatknlk - Roket bilimine tutkulu Siz de bu heyecanl yolculukta bize katln ve birlikte zirveye ulaalm! Bavuru iin profildeki linke tklaman yeterli",https://www.instagram.com/p/C0E4tO7NTaK/
2023-11-24,"[Tarih: 2023-11-24] Drone Kullanm Eitimi Balyor! Hayallerinizi gkyzne tayn! Profesyonel HA eitmenleri tarafndan Teorik ve pratik dersler Tarih: 16-17 Aralk Yer: pekyolu Uluslararas ocuk ve Genlik almalar Merkezi Kayt ve bilgi iin:Profilde ki linke tklaman yeterli. Kontenjan snrl, hemen bavurunuzu yapn!",https://www.instagram.com/p/C0BoGe_t5fR/
2023-11-21,"[Tarih: 2023-11-21] niversite rencileri iin 3D Yazc Kullanm Eitimi! pek Yolu Uluslararas ocuk ve Genlik almalar Merkezi 9-10 Aralk 09:00 - 17:00 Uzman eitmenlerden 3D yazc prensipleri, modelleme, bask malzemeleri ve daha fazlasn renme frsat Detaylar ve Kayt: Profilde ki Linkte",https://www.instagram.com/p/Cz6qvn1ozdi/
2023-11-20,"[Tarih: 2023-11-20] Uzun Zamandr Beklediiniz Haberle Karnzdayz! Gnlller Aranyor! pek Yolu Uluslararas ocuk ve Genlik almalar Merkezinin Giriimci Kuluka Birimi iin gnll olmaya ne dersin? Yer: Elaz, pek Yolu Uluslararas ocuk ve Genlik almalar Merkezi Bavuru Formu ve Daha Fazla Bilgi in Profilde ki linke tklaman yeterli ! Bavuru Sresi: [20/11/2023] - [15/12/2023] Bu harika deneyimin bir paras olmak iin hemen bavur ve bu yolculukta bize katl!",https://www.instagram.com/p/Cz4Blx8ILnJ/
2023-11-11,[Tarih: 2023-11-11] AK Parti Kadn Kollar Genel Bakan ve Dzce milletvekilimiz Sayn Aye KER Hanmefendi tesisimizi ziyaret ederek yaplan faliyetler hakknda bilgi ald. Tesisimize gsterdii ilgiden dolay teekkr ederiz,https://www.instagram.com/p/CzgtcQroHhE/
2023-11-09,[Tarih: 2023-11-09] Elektronik Gelitirme Kartlar ile IoT dnyasna adm atn! i birliiyle dzenlenen bu eitim programna katlmanz iin sizi bekliyoruz! Son Bavuru Tarihi: 4 Aralk 2023 Bavuru ve eitim CRETSZ! Eitim Seviyesi: niversite ve zeri Detaylar ve bavuru iin profilde ki linke tklamanz yeterli !,https://www.instagram.com/p/CzaulQJolMD/
2023-11-06,[Tarih: 2023-11-06] Kahramanmara Depremin merkez ss Kahramanmarata Anadolu Teknik ve Endstri Meslek Lisesinde nsansz Hava Aralar Kullanm eitimini tamamladk.,https://www.instagram.com/p/CzUUOVUohrw/
2023-11-05,"[Tarih: 2023-11-05] 15 Ekim 2022'de pek Yolunun Erasmus Gnleri kapsamnda Avrupa Frsatlar bilgilendirme eitimine katlan Frat niversitesi Yazlm Mhendislii 3.sinif rencisi Nida ve Duyurularmz takip ederek bavuru yapan ngiliz Dili ve edebiyat mezunu Fatma Almanya/Kln'de 3 ay boyunca ESC frsatn yakalamlard. uan Almanya'da ngilizce bilmeyen ocuk ve genlerle konuma kulpleri dzenliyor ve bol bol geziyorlar. Avrupa Dayanma Program kapsamnda Uak Biletleri, Yeme, ime, konaklama masraflar, salk sigortas masraflar ve cep harlklar karland. Sizleri de pek Yolu'nun Avrupa Firsatlarindan faydalanmaya bekleriz.",https://www.instagram.com/p/CzRVSH8o7n_/
2023-10-29,[Tarih: 2023-10-29] Cumhuriyetimizin yznc yl kutlu olsun,https://www.instagram.com/p/Cy-akOToGIu/
2023-10-25,"[Tarih: 2023-10-25] pek Yolu ESC program ile 89 gn boyunca Almanya Kln'de gnlllk yapacak 2 katlmc aryor! 10 Kasm Var, 7 ubat dn olacak ekilde, yeme, ime, konaklama, seyahat, cep harl ve Almanyann her yerinde geerli tren bileti karlanacaktr. 89 gn boyunca gnlller; - Anaokulu andaki ocuklarn kiisel geliim sreleri, - ngilizce konuma kulpleri, - Ve Proje ynetimi alanlarnda gnlllk yapacaklardr. Son Bavuru Tarihi: 29.10.2023 Balang Tarihi: 10.11.2023 Biti Tarihi: 07.02.2024 - Yeil Pasaportlu katlmclar tercih sebebi olacaktr.",https://www.instagram.com/p/Cy0L60poh1W/
2023-10-24,[Tarih: 2023-10-24] Ankara milletvekilimiz tesisimizi ziyaret ederek yaplan faliyetler hakknda bilgi ald. TBMM'nin en gen milletvekili olarak almalarmza gsterdii ilgiden dolay teekkr ederiz,https://www.instagram.com/p/Cyxpz1Ko_7r/
2023-10-16,"[Tarih: 2023-10-16] pekyolu Ulusal Gnll Afet Destek Takm'nn 14 gn sren eitimi gerei aratmayan tatbikat ile tamamland. rendiimiz her eyi, hi uygulamak istemesek de Biz hazrz pekyolu Uluslararas ocuk ve Genlik almalar Merkezi gururla sunar Emei geen; teekkrlerimizle",https://www.instagram.com/p/Cyc0Qfpo8Wd/
2023-10-13,[Tarih: 2023-10-13] pek Yolu Ulusal Gnll Afet Destek Takm Projesinin gerei aratmayan Tatbikat Milletvekilimiz Mahmut Rdvan NAZIRLI Vali Yardmcmz Oltan BAYRAKTAR l zel daresi Genel Sekreterimiz Ali Genel Sekreter Yardmcmz Dr Murat OKUBAY Frat Kalknma Ajans l temsilcisi ve l protokolnn katlm ile gerekletirildi,https://www.instagram.com/p/CyV9nBgIhCA/
2023-10-12,[Tarih: 2023-10-12] pek Yolu Ulusal Gnll Afet Destek Takm Projesi kapsamnda gnll katlmclarmzla birlikte l Afad merkezini ziyaret ettik . Merkezin ileyii ile ilgili bilgiler aldk,https://www.instagram.com/p/CyTZkpfoI_d/
2023-10-12,[Tarih: 2023-10-12] pek Yolu Ulusal Gnll Afet Destek Takm Projesi devam ediyor. Tatbikat alanna incelemede bulunduk Gerei aratmayacak kapsaml Tatbikat iin hazrlklar devam ediyor,https://www.instagram.com/p/CyS6uOXoUW7/
2023-10-12,[Tarih: 2023-10-12] pek Yolu Ulusal Gnll Afet Destek Takm Takmlar ve grevleri belirlendi . Sorumluluk ve grev bilinci tamam,https://www.instagram.com/p/CySuPm_owKq/
2023-10-12,[Tarih: 2023-10-12] pek Yolu Ulusal Gnll Afet Destek Takm Projesi devam ediyor. Gne Genel Kordinatormz 'un Takm almas Liderlik ve Motivasyon eitimi ile baladk. Birlikte hareket edip birlikte baaracaz,https://www.instagram.com/p/CySlvd5IsXx/
2023-10-11,[Tarih: 2023-10-11] Erasmus+ Genlik alanlarnn Hareketlilii projesi kapsamnda 5 lkeden gelen 40 katlmcmz ile birlikte Giriimci Kuluka Merkezimizi ziyaret ettik.,https://www.instagram.com/p/CyQxC8yIlUF/
2023-10-11,[Tarih: 2023-10-11] pek Yolu Ulusal Gnll Afet Destek Takm Projesi Afet annda yaplmas gerekenler teorik egitimi ile devam ediyor,https://www.instagram.com/p/CyQATaVI7TG/
2023-10-11,"[Tarih: 2023-10-11] Erasmus+ Genlik alanlarnn Hareketlilii Projesi devam ediyor Projemizde katlmclarmzla proje yazma oturumlar gereklemeden nce proje bir ekip iidir diyerek, ekip dinamiklerini artracak aktiviteler ile balyoruz",https://www.instagram.com/p/CyP_MNVovQK/
2023-10-10,[Tarih: 2023-10-10] Ulusal ve uluslararas katlmclarmz ile birlikte pek Yolu Ulusal Gnll Afet Destek Takm Gnlls Ayenur'un doum gnn kutladk Mutlu yllar Ayenur Hadi daha motive bir ekilde eitime geri dnelim,https://www.instagram.com/p/CyN6JHFIadk/
2023-10-10,"[Tarih: 2023-10-10] pek Yolu Ulusal Gnll Afet Destek Takm Projesi, Doada Arama Kurtarma Ekipman Kullanm Eitimi ile devam ediyor .",https://www.instagram.com/p/CyNb-K9I0gR/
2023-10-09,[Tarih: 2023-10-09] pek Yolu Ulusal Gnll Afet Destek Takm Doada arama kurtarma Uygulamal takm almas Severek yap yaayarak ren Akpnar mesire alan,https://www.instagram.com/p/CyMIAEMoMEx/
2023-10-09,[Tarih: 2023-10-09] Okuluk alanmzdayz. Yurtdndan gelen Genlik alan katlmclarmza geleneksel Trk okuluu ile ilgili bilgiler verip tarihinden bahsettik. Yaayarak renmek prensiplerimizi her alanda uygulamaya devam ediyoruz.,https://www.instagram.com/p/CyLe3DTIMk5/
2023-10-09,"[Tarih: 2023-10-09] Erasmus+ Genlik alanlarnn Hareketlilii Projesi devam ediyor. Programmzn 2.gnnde takm gelitirme iin katlmclarmza baz grevler verildi, oryantasyon sreci tamamland. Her grupta farkl lkeden katlmclar yer alarak kltrler aras kaynama saland",https://www.instagram.com/p/CyLd_sConcA/
2023-10-09,[Tarih: 2023-10-09] pek Yolu Ulusal Gnll Afet Destek Takm Projesi devam ediyor Yeni gne takm almas ile baladk,https://www.instagram.com/p/CyK0_1eI-67/
2023-10-09,[Tarih: 2023-10-09] Erasmus+ Genlik alanlarnn Hareketlilii projesi 5 lkeden 40 katlmc ile devam ediyor .,https://www.instagram.com/p/CyK0KGiIVfz/
2023-10-08,[Tarih: 2023-10-08] Uluslararas projemiz ile Ulusal projemiz bir arada. Erasmus+ Genlik alanlarnn Hareketlilii- pek Yolu Ulusal Gnll Afet Destek Takm Akpnar mesire alan/ Sivrice,https://www.instagram.com/p/CyIuNeTM_EI/
2023-10-08,[Tarih: 2023-10-08] pek Yolu Ulusal Gnll Afet Destek Takm Projesi devam ediyor Doada arama kurtarma teorik eitimi il zel daresi Akpnar Kafe Ve Restoran'da doayla i ie gerekletirdik,https://www.instagram.com/p/CyIgDsUs9Ds/
2023-10-08,[Tarih: 2023-10-08] pek Yolunda yeni bir uluslararas proje. Dayanmann Gc adl Erasmus+ Genlik alanlarnn Hareketlilii kapsamnda 5 lkeden 40 Genlik alan bizlerle birlikte . Hadi balayalm Let's start Commenons Pradkime S ncepem,https://www.instagram.com/p/CyIRYkUML6i/
2023-10-07,[Tarih: 2023-10-07] pek Yolu Uluslararas ocuk ve Genlik almalar Merkezi . Elaz Trk Eitim-Sen 2. Geleneksel Trk Okculuk Toyu tesisimizde gerekletirildi,https://www.instagram.com/p/CyG9HBXMsFw/
2023-10-07,"[Tarih: 2023-10-07] pek Yolu Ulusal Gnll Afet Destek Takm Projesi devam ediyor Yeni gne KBRN Tehditleri eitimi ile baladk KBRN, Kimyasal Biyolojik Radyasyon ve Nkleer kelimelerinin ba harflerinden oluur. KBRN; kasten, kazaen veya doal afetler sonucu kimyasal, biyolojik, radyasyon ve nkleer tehlikeli maddelerden ortama yaylarak insan ve evre zerine birok olumsuz etkiler oluturan tehlikeli maddelerin hepsini ifade eder.",https://www.instagram.com/p/CyFp35EI72_/
2023-10-06,"[Tarih: 2023-10-06] pek Yolu Ulusal Gnll Afet Destek Takm Projesi; lkemize Afet bilinci olan, hayati mdahale konusunda yetkin gnlller kazandryor. Unutma!!! hazrlkl olmak hayat kurtarr. Temel malzeme kullanm eitimi",https://www.instagram.com/p/CyEabmwIALT/
2023-10-06,[Tarih: 2023-10-06] pek Yolu Ulusal Gnll Afet Destek Takm Projesi devam ediyor. Temel malzeme kullanm eitimini uygulamal olarak gerekletirdik,https://www.instagram.com/p/CyDtfu7ocJB/
2023-10-06,"[Tarih: 2023-10-06] 74. Uluslararas Uzay Kongresi'nde Ankara Milletvekilimiz Zeynep Yldz, T3 Vakf Ynetim Kurulu Bakan Elvan Kuzucu Hdr, T3 Giriim Merkezi Koordinatr rem Bayraktar ve Teknofest Giriim Program Sorumlusu Ali Gzkara ile standmz ziyaret ettiler. Roketimize ve gelitirdiimiz yerli ve milli uu kontrol kartna ilikin bilgileri aktardk. Gstermi olduklar ilgiden dolay teekkr ederiz",https://www.instagram.com/p/CyDC7y-ocm5/
2023-10-05,[Tarih: 2023-10-05] pek Yolu Ulusal Gnll Afet Destek Takm Projesi'nde AFAD tarafndan verilen Arama Kurtarmann Teorii eitimi ile gne devam ediyoruz.,https://www.instagram.com/p/CyAqOdXoFY6/
2023-10-05,[Tarih: 2023-10-05] pek Yolu Ulusal Gnll Afet Destek Takm Projesi devam ediyor. Yeni gne Tanma -Kaynama oyunlar ile baladk,https://www.instagram.com/p/CyAjmN-opiy/
2023-10-04,[Tarih: 2023-10-04] pek Yolu Ulusal Gnll Afet Destek Takm Projesi devam ediyor Gnlllerimiz ile tesisimizi gezdik.,https://www.instagram.com/p/Cx-p6G1Ilqc/
2023-10-04,"[Tarih: 2023-10-04] pek Yolu Ulusal Gnll Afet Destek Takm Projesi devam ediyor. Projemizin 3.gnne TAMP-AYDES bilgilendirme almalar ile devam ediyoruz. Gnll Takmmz, artk afet ncesi sras ve sonrasnda hangi kamu kurumuna ne iin ulaacann farknda.",https://www.instagram.com/p/Cx-CmBgIefD/
2023-10-04,[Tarih: 2023-10-04] pek Yolu Ulusal Gnll Afet Destek Takm Projesi devam ediyor Gne gizli arkada etkinlii ve hareketlendiriciler ile balayarak takm ruhu ve gnlllk bilinci yksek ekipler oluturuyoruz,https://www.instagram.com/p/Cx9-YCnoiEi/
2023-10-03,[Tarih: 2023-10-03] Desteiniz iin teekkr ederiz pek Yolu Roket Takm 74. Uluslararas Uzay Kongresindeyiz. Stant No: 404 Bak pek Yolu Roket Komandas Biz 74-c Beynlxalq Astronavtika Konqresindyik. Stand : 404 Bak,https://www.instagram.com/p/Cx8YbjyoWgC/
2023-10-03,[Tarih: 2023-10-03] pek Yolu Roket Takm'na Azerbaycan'da youn ilgi. Trkiyenin ilk Uzay yolcusu Alper GEZERAVCI standmz ziyaret etti,https://www.instagram.com/p/Cx8F74eIDax/
2023-10-03,"[Tarih: 2023-10-03] pek Yolu Ulusal Gnll Afet Destek Takm Projesi lk Yardm eitimi uygulamal olarak devam ediyor. Risk almyoruz, nlem alyoruz",https://www.instagram.com/p/Cx7g2uIIHPb/
2023-10-03,[Tarih: 2023-10-03] pek Yolu Ulusal Gnll Afet Destek Takm Projesi kinci gnnde lk Yardm eitimi ile devam ediyor,https://www.instagram.com/p/Cx7ZtMlIVee/
2023-10-03,[Tarih: 2023-10-03] BTK Akademi birlii ile dzenlenen ROBOTK KODLAMA ETM tamamland,https://www.instagram.com/p/Cx7U1RdI9vd/
2023-10-02,"[Tarih: 2023-10-02] Gururluyuz pek Yolu Roket Takmmz Teknofest ve T3 Vakfnn davetlisi olarak 74.Uluslararas Uzay Kongresinde Vatanmz ve milletimiz iin retmeye,gelitirmeye ve genlerimize destek vermeye devam ediyoruz.",https://www.instagram.com/p/Cx5S1d4ozRA/
2023-10-02,[Tarih: 2023-10-02] Eitimlerimize Non-formal metotlar es gemeden hareketlendiriciler ve grup dinamii almalar ile devam ediyoruz.,https://www.instagram.com/p/Cx4_W0-oXhE/
2023-10-02,"[Tarih: 2023-10-02] ipekyolu Ulusal Gnll Afet Destek Takm Projesi, ipekyolu uluslararas ocuk ve genlik almalar merkezi'nde lk Yardm Eitimi ile devam ediyor Unutma ilk yardm hayat kurtarr",https://www.instagram.com/p/Cx47qM-I78q/
2023-10-02,"[Tarih: 2023-10-02] 1-14 Ekim tarihleri arasnda gerekletirilecek olan ipekyolu ulusal gnll afet destek takm projesi, ipekyolu uluslararas ocuk ve genlik almalar merkezi'nde youn katlmla l Salk Mdrl , AFAD, l zel idare ve ipekyolu ocuk ve genlik Vakf destekleri ile balad Proje boyunca katlmclar lk Yardm eitimi Tamp-aydes eitimi Hafif arama kurtarma Afet farkndalk Doada arma kurtarma Takm almas ve motivasyon Temel malzeme kullanm eitimi nsan yardm eitimi Yangn eitimi Konularnda eitim grecekler",https://www.instagram.com/p/Cx44shPIENx/
2023-10-02,[Tarih: 2023-10-02] pek Yolu Roket Takmmz Teknofest davetlisi olarak 74.Uluslararas Uzay Kongresinde,https://www.instagram.com/p/Cx41WTwIl1j/
2023-09-30,[Tarih: 2023-09-30] BTK Akademi birlii ile ROBOTK KODLAMA ETM Merkezimizde devam ediyor,https://www.instagram.com/p/Cx0I2YKIa6j/
2023-09-25,"[Tarih: 2023-09-25] Roket Takmmz, 2-6 Ekim tarihleri arasnda Azerbaycan'n bakenti Bak'de gerekletirilecek olan 74. Uluslararas Uzay Kongresi'ne TEKNOFEST ile birlikte katlm salayacak. """,https://www.instagram.com/p/CxnHtfbofO1/
2023-09-25,"[Tarih: 2023-09-25] Merkezimizin ev sahipliinde, Genlik ve Spor Bakanl tarafndan dzenlenen 2. Grup ""LER DZEY VLOG ETM"" balad. Yeni haftaya yeni katlmclarla balyoruz",https://www.instagram.com/p/Cxm1VkdouAN/
2023-09-24,[Tarih: 2023-09-24] Btk Akademi ibirlii ile dzenlediimiz 5 gnlk Solidworks ( Kat Modelleme ) eitimimizi tamamladk.,https://www.instagram.com/p/CxlMeoRoj4p/
2023-09-20,[Tarih: 2023-09-20] BTK Akademi birlii ile Solidworks(Kat Modelleme) Eitimi Balad!,https://www.instagram.com/p/Cxaj2VMICbz/
2023-09-20,"[Tarih: 2023-09-20] Merkezimizin ev sahipliinde, Genlik ve Spor Bakanl tarafndan dzenlenen ""LER DZEY VLOG ETM"" uygulamal Drone eitimi ile devam ediyor .",https://www.instagram.com/p/CxaGZ-FIu0M/
2023-09-19,[Tarih: 2023-09-19] Trkiye niversiteleri Srekli Eitim Merkezleri (TSEM) Sonbahar altay'nn 2. gnne ev sahiplii yaptk.,https://www.instagram.com/p/CxXaHYPNUpe/
2023-09-19,"[Tarih: 2023-09-19] Merkezimizin ev sahipliinde, Genlik ve Spor Bakanl tarafndan dzenlenen ""LER DZEY VLOG ETM"" devam ediyor",https://www.instagram.com/p/CxXUQ0VNkZe/
2023-09-18,"[Tarih: 2023-09-18] Merkezimizin ev sahipliinde, Genlik ve Spor Bakanl tarafndan dzenlenen ""LER DZEY VLOG ETM"" balad.",https://www.instagram.com/p/CxUtUc-o_cx/
2023-09-17,"[Tarih: 2023-09-17] ""Atksz bir dnya mmkn"" ve pekyolu Uluslararas ocuk ve Genlik almalar Merkezi olarak dnya temizlik gnnde Hazar Gl'nde temizlik almas gerekletirdik. En gzel temizlik kirletmemektir. Doay seviyoruz",https://www.instagram.com/p/CxSmTNzo4vR/
2023-09-16,[Tarih: 2023-09-16] BTK Akademi birlii ile ROBOTK KODLAMA ETM Merkezimizde devam ediyor,https://www.instagram.com/p/CxQCT3OIiuL/
2023-09-15,"[Tarih: 2023-09-15] TEKNOFEST kapsamnda roket yarmalarna hazrlanan roket takmmz, gelitirdii uu kontrol bilgisayarn giriime dntrd! Projenin retim aamalarn yakndan grn!",https://www.instagram.com/p/CxM9UgaI-2p/
2023-09-14,[Tarih: 2023-09-14] Let's Do t (Haydi Yapalm) Derneinin 190 lkede ve Trkiye de 81 ilde gerekletirecei Dnya Temizlik Gn Organizasyonunu pekyolu Uluslararas ocuk ve Genlik almalar Merkezi olarak Hazar Glnde Temizlik yaparak gerekletireceiz. Tm gnllleri bekliyoruz.,https://www.instagram.com/p/CxK8BkWIlno/
2023-09-13,"[Tarih: 2023-09-13] Frat Kalknma Ajans destekleriyle pek Yolu Merkezimizin bnyesinde Gnll Afet Destek Takm kuruluyor. Eitim ncesi Gnll Afet Destek Takmmzn tm makine,ekipman ve tehizatlarn hazrlyoruz",https://www.instagram.com/p/CxI93gooLS5/
2023-09-12,"[Tarih: 2023-09-12] pek Yolu, AB projelerine devam ediyor! 7-15 Ekim tarihlerinde 6 lkeden 45 Genlik alan pek Yolunda bir araya geliyor! Katlacak lkeler: Trkiye, Finlandiya, Litvanya, Avusturya, Fransa ve Romanya. Eer sen de; 18 ya ve st isen, Belirtilen tarih aralnda msait isen, Genlik alan isen, yi seviyede ngilizce yeterliliin var ise, (tercih sebebidir) Daha nce Erasmus+ yada ESC programlarndan faydalandysan, (tercih sebebidir) Kurum ve kurulularn Uluslararas network alarn gelitirmeye fayda salayacak isen Bavuru yap sende katl! Bavuru yapmak iin grseldeki karekodu okutabilir yada biyografide bulunan link zerinden bavuru yapabilirsiniz. Son bavuru tarihi: 18.09.2023",https://www.instagram.com/p/CxGSTAgom-_/
2023-09-10,[Tarih: 2023-09-10] IoT Eitimimizi tamamladk!,https://www.instagram.com/p/CxBMmEyo4Bm/
2023-09-09,"[Tarih: 2023-09-09] Dijitallemenin kalbinde yer alyor! niversite rencilerine ynelik dzenlediimiz eitimde, pek Yolu Elektronik Gelitirme Kart ile bu devrimin bir paras olmann heyecann yayoruz. Birlikte, daha akll bir dnya iin reniyor ve ilerliyoruz.",https://www.instagram.com/p/Cw-VL0iofxE/
2023-09-09,[Tarih: 2023-09-09] BTK Akademi birlii ile ROBOTK KODLAMA ETM pekyolu uluslararas ocuk ve genlik almalar Merkezi'nde balad,https://www.instagram.com/p/Cw-D022oknC/
2023-09-06,[Tarih: 2023-09-06] Biz uzay ve teknofest sevdallaryz,https://www.instagram.com/p/Cw3HHyboU6f/
2023-09-06,"[Tarih: 2023-09-06] BTK Akademi birlii ile IoT Eitimi Balad! Sizleri teknolojinin en dinamik ve yeniliki alanlarndan biri olan nternet of Things (IoT) dnyasyla buluturmaktan heyecan duyuyoruz! 6-10 Eyll tarihleri arasnda niversite rencilerine ynelik dzenlediimiz bu zel eitim programyla, gelecein teknolojilerine bir adm daha yaklaacaksnz.",https://www.instagram.com/p/Cw2BYP9Ip4p/
2023-09-05,[Tarih: 2023-09-05] Yl Alt Zafer ! .793feet,https://www.instagram.com/p/Cw0wGlPoQSg/
2023-09-03,"[Tarih: 2023-09-03] Baar pekyolu'nun karakterinde var Ve Karnzda; ""Teknofest 2023 Ankara"" Yksek rtifa kategorisi Trkiye 3.s pekyolu Roket Takm",https://www.instagram.com/p/CwuobcGoBq0/
2023-09-03,[Tarih: 2023-09-03] Teknofest 2023 Ankara,https://www.instagram.com/p/CwuMRSWIL_S/
2023-09-02,"[Tarih: 2023-09-02] pekyolu Roket Takm yine ilgi oda. Baarmak iin ok almak, ok almak iin ok sevmek gerekir Sevgiyle",https://www.instagram.com/p/CwrrWuYomwo/
2023-09-02,"[Tarih: 2023-09-02] Bavurusu olumlu sonulanan katlmclarla mail yoluyla iletiime geilmitir, ltfen maillerinizi ve belirtilen tarihleri kontrol etmeyi unutmaynz 10-15 Eyll evrimici Eitim 1-10 Ekim Teorik ve Uygulamal Eitim 10-14 Ekim Tatbikatlar",https://www.instagram.com/p/CwroKOsIXLT/
2023-09-01,[Tarih: 2023-09-01] Yine yeni yeniden pekyolu Teknofest'te. Hadi birlikte bu muhteem organizasyonun keyfini karalm. dl iin beklemedeyiz pekyolu Roket Takm,https://www.instagram.com/p/CwpcsKioFOb/
2023-08-30,"[Tarih: 2023-08-30] Sanayi Ve Teknoloji Bakanmz Sn. Mehmet Fatih KACIR pekyolu Uluslararas ocuk ve Genlik almalar Merkezi'ni ziyaret etti . Bakanmza tesisimize gsterdii ilgiden dolay teekkr ederiz . pekyolu lkemizin yarnlar iin planlamaya, gelitirmeye, retmeye ve baarmaya devam edecek",https://www.instagram.com/p/CwkZotLIRQz/
2023-08-28,"[Tarih: 2023-08-28] Sanayi Ve Teknoloji Bakan Mehmet Fatih Kacr merkezimizi ziyaret ederek, Elaz l zel daresi Genel Sekreter Yardmcmz Dr. Murat Okubay'dan faaliyetlerimiz hakknda bilgi ald. Bakanmza tesisimize gsterdii ilgiden dolay teekkr ederiz",https://www.instagram.com/p/Cwfsrc8I0g0/
2023-08-26,[Tarih: 2023-08-26] Her yl olduu gibi bu sene de pek Yolu Roket Takmmzn baar serveni devam ediyor! Teknofest2021: Orta rtifa Kategorisi kincilik En yi Takm Ruhu Teknofest2022: Orta rtifa Kategorisi nclk Jri zel Sunum dl Teknofest2023: Yksek rtifa Kategorisi nclk Takmmza gelen baarlar grmekten gurur duyuyoruz! Maallah,https://www.instagram.com/p/CwarhMVobyX/
2023-08-21,[Tarih: 2023-08-21] Yeni nesil gmbr gmbr Hey takm!!! biz de en az sizin kadar heyecanlyz. Yaz kampmza katlm salayan miniklerimizle Teknofest 2023 yksek rtifa kategorisinde yaran pek Yolu Roket Takmmzn atn takip ettik,https://www.instagram.com/p/CwNALHRIwQW/
2023-08-21,"[Tarih: 2023-08-21] TRB1 blgesindeki dezavantajl kiilerin i gc piyasasna srdrlebilir entegrasyonu operasyonu projesi kapsamnda 3. ar dneminde yer alan Elaz'da ""Bilgisayar destekli reklam ve Tasarm eitimi , Yazlm eitimi"" pek Yolu uluslararas ocuk ve genlik almalar Merkezi'nde devam ediyor Bu kapsamda Genel Sekreteri merkezimizde gerekleen eitime katlan rencilerle bir araya geldi.",https://www.instagram.com/p/CwM9ecBoMwk/
2023-08-21,"[Tarih: 2023-08-21] ""Milli ve Yerli Teknoloji"" bir araya gelirse orada olmak iin hamlemizi yaparz pek Yolu Genlik daima ileri Teknofest 2023 yl kapsamnda ROKETSAN tarafndan dzenlenen Roket Yarmas'nda, pek Yolu Roket Takmmz Yksek rtifa kategorisinde Aksaray Hisar At Alan'nda baarl bir ekilde atn gerekletirmitir. Hedeflenen irtifa 21.200 feet Gerekleen irtifa 20.793,5 feet",https://www.instagram.com/p/CwMqS8CotD7/
2023-08-16,"[Tarih: 2023-08-16] Bavurular Balad TRB1/23/SOGEP-E1/0001 Kodlu pek Yolu Ulusal Gnll Afet Destek Takm Projesi kapsamnda afetlere kar toplumun hazrlkl olmasn salamak amalanmaktadr. Bu kapsamda, niversitelerin aada belirtilen ilgili blmleri zerinden rencilere eitimler verilerek, afet annda koordinasyon salayacak, yardm faaliyetlerine destek olacak Ulusal Gnll Afet Destek Takm oluturulacaktr. Elaz pek Yolu Uluslararas ocuk ve Genlik almalar Merkezi, teorik ve uygulamal eitimler ile tatbikatlar gerekletirecektir. Bu etkinlikler, ocuk ve genlik alannda uzmanlam bireyleri bir araya getirerek, sektrdeki bilgi ve deneyimlerini artrmay amalamaktadr. - Eitimler, evrimii platformlar zerinden uzaktan eriimle salanacaktr. Katlmclar, kendi ulam masraflarn karlamakla ykml olacaklardr. Ancak yeme-ime, konaklama, eitim ve tatbikat giderleri, etkinlii dzenleyen pek Yolu ocuk ve Genlik Vakf tarafndan karlanacaktr. - evrimii eitime katlm, kesinlikle zorunludur. evrimii eitime seilmi olan ancak katlmayan katlmclar, etkinlikten karlacak ve bu durumda yedek katlmclar arasndan yerine yeni katlmclar seilecektir. - Eitimlerin tamamlanmasnn ardndan, katlmclar Afet ve Acil Durum Ynetimi Bakanl (AFAD) tarafndan akredite edilerek ""AFAD Gnlls"" unvann alacaklardr. Bu unvan, katlmclarn afet ve acil durumlarla ilgili almalara etkin bir ekilde katlmalarn ve bu alandaki gnll abalarn resmi bir ekilde belgelemelerini salayacaktr. Bavuru artlar: Trkiye'deki niversitelerin ilgili blmlerinde renim grmekte ya da mezun olmak. Deprem, Yangn ve Sel gibi afetlere kar duyarllk ve ilgi gstermek. Ekip almasna yatkn olmak ve iletiim becerilerine sahip olmak. Ulusal afet destek takm projesine gnll olarak katlmaya hazr olmak. profildeki linke tklayabilirsiniz.",https://www.instagram.com/p/Cv_2oEHoNrO/
2023-08-03,[Tarih: 2023-08-03] BTK Akademi & pek Yolu Uluslararas ocuk ve Genlik almalar Merkezi ibirliiyle zel eitimler! Lise rencileri iin: Robotik Kodlama Eitimi niversite rencileri iin: pek Yolu Elektronik Gelitirme Kart ile IOT Eitimi niversite rencileri iin: Solidworks Kat Modelleme Eitimi Snrl kontenjan! cretsiz sertifika frsat! Son bavuru: 27 Austos Bavuru & detaylar profildeki linkte! Grmek zere!,https://www.instagram.com/p/Cvelsd0I7Bp/
2023-07-15,"[Tarih: 2023-07-15] "" Trkiye Geleneksel Trk Okuluk Federasyonu Elaz l Temsilcisi Erdem zdemir ve Trkiye Minikler Ak Hava Puta Trkiye ampiyonas'nda 10-11 ya kzlar kategorisinde birincilii kazanan Bulem Sare Deveci, tesisimizde misafirlerimiz oldu. l temsilcilii ve geleneksel okuluk federasyonu ile pekyolu genlik merkezi olarak yaknda gerekletireceimiz geleneksel okuluk etkinliklerimiz hakknda, Elaz l zel daresi Genel Sekreter Yardmcs Dr. Murat Okubay ile istiare toplants gerekletirildi. """,https://www.instagram.com/p/Cut4Vb0IkcY/
2023-07-11,"[Tarih: 2023-07-11] pekyolu Roket Takmndan bir baar hikayesi daha! Teknofestteki yldzlarmz, Teknofest Giriim programna bavuran 314 giriim arasndan seilen 9 giriimden biri oldular. TEKNOFEST 2021 ve 2022 yllarndaki Orta rtifa Roket yarmalarnda dereceye giren takmmz, ulusal ve uluslararas kullanlabilecek Model Roketler iin IoT tabanl Uu Kontrol Bilgisayar gelitirerek ticari rn almalarna adm att. Giriim dln Seluk Bayraktar ve Bilim Teknoloji ve Sanayi Bakanmz Mehmet Fatih Kacrn elinden alan geleceimizin parlak yldzlarn yrekten tebrik ediyoruz!",https://www.instagram.com/p/CukZPvUIgZ6/
2023-07-10,[Tarih: 2023-07-10] Genlik Ve Spor Bakanl Damla Gnllleri ipek Yolu Uluslararas Uluslararas ocuk ve Genlik almalar Merkezini ziyaret etti,https://www.instagram.com/p/Cuhj4gvokIi/
2023-07-07,[Tarih: 2023-07-07] Yaz teknoloji kamp ipek Yolu uluslararas ocuk ve genlik almalar Merkezi'nde devam ediyor Destilasyon merkezimizde uygulamal tarm eitimi dersimizi tamamladk,https://www.instagram.com/p/CuYw1iDIlcf/
2023-07-07,[Tarih: 2023-07-07] Yaz teknoloji kamp ipek Yolu uluslararas ocuk ve genlik almalar Merkezi'nde devam ediyor Gne teorik tarm eitimi ile baladk,https://www.instagram.com/p/CuYt_nnIgcM/
2023-07-05,[Tarih: 2023-07-05] Yaz teknoloji kamp ipek Yolu uluslararas ocuk ve genlik almalar Merkezi'nde devam ediyor Drone eitiminin ilk dersini tamamladk,https://www.instagram.com/p/CuUInnUoyYb/
2023-07-05,[Tarih: 2023-07-05] Yaz teknoloji kamp ipek Yolunda devam ediyor Uygulamal okuluk dersimizi tamamladk,https://www.instagram.com/p/CuT0E0GoXEC/
2023-07-03,[Tarih: 2023-07-03] Yaz teknoloji kamp ipek Yolunda devam ediyor Binicilik eitiminin ilk dersini tamamladk,https://www.instagram.com/p/CuO9smuI8so/
2023-07-03,[Tarih: 2023-07-03] Yaz teknoloji kamp ipek Yolunda devam ediyor Satran eitiminde ilk dersimize teorik olarak baladk,https://www.instagram.com/p/CuOufSgown-/
2023-07-03,[Tarih: 2023-07-03] Yaz teknoloji kamp ipek Yolu uluslararas ocuk ve genlik almalar Merkezi'nde balad Kampa katlm salayan rencilerimizle birlikte atlyelerimizi tandk. Birlikte ok ey reneceiz Kaytlarmz devam ediyor acele et !!! Kayt irtibat 0554 131 46 62 Adres Elaz imenta l zel dare spor salonu kayt ofisi,https://www.instagram.com/p/CuOkuv1otEJ/
2023-07-03,"[Tarih: 2023-07-03] Yaz teknoloji kamp ipek Yolu uluslararas ocuk ve genlik almalar Merkezi'nde balad Yaz teknoloji kampnda 3D yazc, Drone eitimi ,Kodlama eitimi ,Tarm eitimi ,Binicilik Okuluk ,Satran eitimi yer alyor. Yaz aylarn en verimli ekilde geirmek ve elenerek renmek iin ipek Yolunda buluuyoruz",https://www.instagram.com/p/CuObqfZIrfk/
2023-06-22,[Tarih: 2023-06-22] Milli Trk Talebe Birlii Malatya grubu pek Yolu Uluslararas ocuk Ve Genlik almalar Merkezi'ne teknik gezi dzenledi,https://www.instagram.com/p/CtyxSWUol_y/
2023-06-16,[Tarih: 2023-06-16] Bavurular ve detaylar ok yaknda !!! Bizi takip etmeye devam edin,https://www.instagram.com/p/CtjLvPYMOPN/
2023-06-16,[Tarih: 2023-06-16] Yaz spor okulu ve yaz teknoloji kamp kaytlar balad Yaz spor okulunda: Basketbol Futbol Tenis Yzme Binicilik Okuluk Ya: 6 - 18 Yaz teknoloji kampnda Paket eitim ierii: 3D yazc eitimi Kodlama Drone eitimi Tarm uygulama Binicilik Satran Ya: 13 - 18 Yaz teknoloji kamp ipek yolu uluslararas ocuk ve genlik almalar Merkezi'nde Hadi elenerek reneceimiz harika bir yaz seni bekliyor Kayt irtibat 0554 131 46 62 imenta l zel dare spor salonu kayt ofisi,https://www.instagram.com/p/CtjAHUZg2Oa/
2023-06-15,"[Tarih: 2023-06-15] Erasmus+ projesi hareketlendirici ve eitici aktiviteler ile ipek Yolunda devam ediyor Birlikte elenip, yaayarak renelim",https://www.instagram.com/p/CtgrZf_olQw/
2023-06-15,[Tarih: 2023-06-15] Generation Unlimited Trkiye program kapsamnda Gen Hayat Vakf koordinasyonuyla Gen Liderler Ideathon projesi 54 katlmcyla pek Yolunda gerekleti Hayal gcmzn snrlarn zorluyor ve dnyay deitirecek fikirlerimizi paylamay srdryoruz!,https://www.instagram.com/p/CtghBaKIc41/
2023-06-15,[Tarih: 2023-06-15] pek Yolunda bugn Trk gn Hadi balayalm Erasmus+ projesi kapsamnda 5 lkeden gelen genler bugn Trk mutfan deneyimleyecek,https://www.instagram.com/p/CtgTFsloxUe/
2023-06-14,[Tarih: 2023-06-14] HA simlasyon atlyemizde yurt dndan gelen genlerle drone uurmay rendik Erasmus+ projesi pek Yolunda devam ediyor,https://www.instagram.com/p/CtePw3FIE70/
2023-06-14,[Tarih: 2023-06-14] pek Yolunda lezzet leni var Erasmus + program art bir lezzetle devam ediyor,https://www.instagram.com/p/CtdwRHcIcp0/
2023-06-14,[Tarih: 2023-06-14] pek Yolunda 3. Erasmus+ projesi devam ediyor Gne pek Yolunda Romanya ve Almanyadan gelen genlerin mutfak kltrlerine ait tantm sunumlar ile baladk.,https://www.instagram.com/p/Ctdk_o5IWRn/
2023-06-13,"[Tarih: 2023-06-13] pek Yolunda 3. Erasmus+ genlik deiimi projesi devam ediyor Bugn Almanya, Romanya, Bulgaristan, Litvanya ve Trkiye'den genler mutfak kltrleri zerinde almalar yapt Bu sre ierisinde Eurochef yarmalar dzenleyerek tm lkeler birbirleri arasnda kltrel etkileimde bulundu",https://www.instagram.com/p/CtbJYCXIMTM/
2023-06-10,"[Tarih: 2023-06-10] pek Yolu'nun 3. Erasmus+ genlik deiimi 5 lkeden 45 gen ile balad. Program boyunca Litvanya, Romanya, Bulgaristan, Almanya ve Trkiye'den genler bir araya gelerek mutfak kltrleri zerinde almalar yaparak dolu dolu bir haftay birlikte geirecekler. Proje amalarndan biri Trk Mutfak Kltrn tantmak ve yaygnlatrmak. Bu sre ierisinde Eurochef yarmalar dzenleyerek tm lkeler birbirleri arasnda kltrel diplomasi alveriinde bulunup elenceli sreci pek Yolu ile geirecekler. Ho geldiniz",https://www.instagram.com/p/CtT-Rl7o30o/
2023-06-06,"[Tarih: 2023-06-06] Let's Do It Trkiye olarak gerekletirilen Elaz pekyolu Uluslararas ocuk ve Genlik almalar Merkezi ibirlii ile Dnya evre gnnde Erasmus+ projesi kapsamnda misafir ettigimiz genler ile birlikte temizlik faaliyeti gerekletirerek, p krlne dikkat ekmek istedik",https://www.instagram.com/p/CtJ_fGWoTcL/
2023-06-04,"[Tarih: 2023-06-04] Kodluyoruzun Microsoft paydalyla hazrlad programn ilk etkinlii pek Yolu Uluslararas ocuk Ve Genlik almalar Merkezi'nde gerekleti. Profesyonel profili oluturma, kullanm, dijital grnrlk aktarma, etkileyici zgemi oluturma ve i arama stratejileri gibi konular ele alnd.",https://www.instagram.com/p/CtEaAa-I2kP/
2023-06-04,[Tarih: 2023-06-04] Sevince her ey mmkn Tesis deil Sanat eseri,https://www.instagram.com/p/CtD6767oz8j/
2023-06-03,"[Tarih: 2023-06-03] Merhaba ben pek Yolu'nun Medya Kordinatorym, fotorafnz ekebilir miyim?",https://www.instagram.com/p/CtBk_6IIXRD/
2023-05-31,"[Tarih: 2023-05-31] pek Yolu Uluslararas ocuk Ve Genlik almalar Merkezi 2. Erasmus Plus projesiyle 5 lkeden 40 gen ile bir arada Almanya , Fransa, Hrvatistan, Romanya ve Trkiyeden toplamda 40 gencin yer ald programda genlerde zgven oluturma , Aktif katlm, Bireylerin her trl renme ve retme olanan aktiviteler ile tevik etmek zere uluslararas bir projeyle yeniden birlikteyiz",https://www.instagram.com/p/Cs5w8tPIV5b/
2023-05-29,"[Tarih: 2023-05-29] Saf Gl tonii Cilt gzeneklerini temizler, yalanmay azaltp sivilce ve akne oluumlarn kurutur. Antioksidan ve anti-infalamtuar etkisi ile ya kaynakl krklklarn oluumunu geciktirir. Ciltteki l deriyi atp, cilt hcrelerinin yenilenmesine yardmc olur. Mantar ve egzama kaynakl kantlar azaltr. Tesisimizin gzellii de gznz kamatrr, zihninizi aar , ufkunuzu geniletir",https://www.instagram.com/p/Cs1arw-IFO1/
2023-05-29,"[Tarih: 2023-05-29] Yeni bir uluslararas projede, 5 lkeden 45 gen pek Yolunda buluuyor.. Erasmus+ Genlik Deiimi projesi, EUROCHEF - Kltrler Tanyor, Mutfaklar Yaryor program kapsamnda Litvanya, Almanya, Romanya, Bulgaristan ve Trkiyeden toplam 45 gen pek Yolunda 12 gn boyunca mutfak maharetlerini sergileyecek. Bu kapsamda Trkiyeden seeceimiz 18-30 ya aras 10 katlmcdan biri olmak istiyorsan; profildeki linke tklayarak bavuru yapman gerekecek. Son bavuru tarihi: 1 Haziran",https://www.instagram.com/p/Cs0uF3CI0Ei/
2023-05-24,"[Tarih: 2023-05-24] pek Yolunda 5 farkl lkeden 40 gencin bulumasna sayl gnler kaldi ""zgven Kprs"" adl Erasmus+ Genlik Deiimi projemiz iin Trk katlmclarmz belirlenmitir. Seilen katlmclarmz tebrik eder, baarl bir proje sreci dileriz 30 Maysta grmek zere",https://www.instagram.com/p/CsoINCWI92f/
2023-05-23,"[Tarih: 2023-05-23] HAYD GENLER STAJA! pek Yolu Uluslararas ocuk ve Genlik almalar Merkezimizde Birim koordinatrlerimizin belirledii blmler ve kontenjanlar ile yaz tatili sresi boyunca staj imkan sunuyoruz. Giriimci Kuluka Merkezi, Avrupa Birlii ve D likiler Sosyal Kuluka Birimi, Tarm Kuluka Merkezi ve Biliim alannda staj yapmak isteyen genler, kapmz sizlere atk. Siz de yaz ay boyunca staj imkanlarmzdan faydalanp mesleki alanlarnza profesyonel birimlerimizce katkda bulunmak istiyor ve kendinizi bir adm ne tamak istiyorsanz hemen bio'daki linkten yada grsel zerindeki QR kod zerinden bavurunuzu yapabilirsiniz.",https://www.instagram.com/p/Csk3v84IXNV/
2023-05-18,"[Tarih: 2023-05-18] pek Yolu yeni bir Erasmus+ projesi ile daha sizlerle! Erasmus+ Genlik Deiimi kapsamnda bu kez 5 farkl lkeden 40 gen pek Yolunda buluuyor. Sen de uluslararas faaliyetleri karmak istemiyorsan ve bu proje tam bana gre diyorsan karekod zerinden ya da biyografide bulunan link zerinden bavurunu yapabilirsin Farkl illerden 18-30 ya aras toplam 9 kii seilecektir. Proje balang tarihi 30 Mays Biti tarihi 8 Haziran Proje kapsamnda katlmclarn yeme-ime, konaklama ve proje giderleri karlanacaktr. Son bavuru tarihi 21 Mays !!! Proje ierii; Genlerde zgven oluturma Aktif katlm Bireylerin her trl renme ve retme olanan aktiviteler ile salamak, (spor, mzik, oyunculuk, yarmalar...) zgven eksikliini nlemek Genlere yeni beceriler edinimlerinde kolaylk salamak.",https://www.instagram.com/p/CsYX8x_odSE/
2023-05-16,[Tarih: 2023-05-16] KARBON AYAK Z ETM Sizleri iklim gn kapsamda gerekletireceimiz eitimimiz ile geleceimize srdrlebilir admlar atmamz salayacak nemli bir eitime davet etmekten mutluluk duyuyoruz. Karbon ayak izi eitimi programmz ile karbon ayak izi konusunda farkndalk yaratmay ve srdrlebilir bir gelecek iin admlar atmaya yardmc olmay hedefliyoruz. Unutmayn ! Kk admlar byk farklar yaratr. Karbon ayak izinizi azaltarak dnyamz daha yaanabilir bir hale getirmek iin hep birlikte alalm. Sizleri karbon ayak izi eitiminde grmekten heyecan duyacaz Eitime katlmak iin profilindeki linke tklayp ilgili formu doldurmanz yeterli olacaktr.,https://www.instagram.com/p/CsTsatLoQg_/
2023-05-08,[Tarih: 2023-05-08] pek Yolu dl tutulmas,https://www.instagram.com/p/Cr-c2fVojY5/
2023-05-04,[Tarih: 2023-05-04] TEKNOFEST 2023 Trkiye ikincisi pekyolu Otonom Robot Takm gururla sunar. Nihayetinde bir Robot kolay gelimiyor,https://www.instagram.com/p/Cr0kRObo1eO/
2023-05-04,[Tarih: 2023-05-04] Salk bilimi alanndaki lisans rencileri iin akademik becerilere giri ve TBTAK projeleri hazrlama eitimi pekyolu Uluslararas ocuk Ve Genlik almalar Merkezi'nde gerekleiyor,https://www.instagram.com/p/Cr0JF_AoaNE/
2023-05-01,[Tarih: 2023-05-01] TEKNOFEST 2023 HATIRASI,https://www.instagram.com/p/CrtGEUMIQe7/
2023-05-01,[Tarih: 2023-05-01] Veeeee pekyolu Otonom Robot Takm TRKYE ikincisi Bu gurur hepimizin. Emek veren mhendislerimizi ve gnlllerimizi gnlden tebrik ediyoruz . lkemiz iin retmeye devam ediyoruz,https://www.instagram.com/p/Crs7A1toP9W/
2023-04-29,[Tarih: 2023-04-29] 2. Gn pek Yolu Otonom Robot Takmmz yarma gnnde verilen grevleri tamamlad 2. Gn byle geti. lgi oda olmak kolay deil 3. Gne geelim,https://www.instagram.com/p/Crm-vwzIV5B/
2023-04-28,[Tarih: 2023-04-28] 1. Gn byle geti pek Yolu Otonom Robot Takmmza gsterdikleri ilgiden dolay btn katlmclara teekkr ederiz hadi ikinci gne geelim bugn yarma gn,https://www.instagram.com/p/CrkY3xtoKHD/
2023-04-27,[Tarih: 2023-04-27] pek Yolu Otonom Robot Takm Festivalin ilk gnnde gen mhendislerimiz ve mhendis adaylarmz final iin hazr,https://www.instagram.com/p/CridWRwI1n_/
2023-04-19,"[Tarih: 2023-04-19] pek Yolu Otonom Robot Takmmz, almalarna tam gaz devam ediyor Hedef TEKNOFEST2023",https://www.instagram.com/p/CrOIWrAIZoA/
2023-04-18,"[Tarih: 2023-04-18] pek Yolu Roket Takm 'te Finallerde! Gururla duyuruyoruz ki pek Yolu Roket Takmmz, kategorisinde zorlu mcadeleler sonucu 2023 Roket Yarmas finallerine ykseldi! Bu baar, Trkiye'nin roket ve uzay teknolojileri alanndaki potansiyelini gsteriyor ve gen mhendislerin/adaylarn yeteneklerini tevik ediyor. Finallerde baarlarnn devamn dileriz!",https://www.instagram.com/p/CrLjGofoC7S/
2023-04-14,[Tarih: 2023-04-14] Stevia eker Otu imlenmesi zor genellikle elikle retilir. Ama zor olan baarr. Stevia tohumu nasl imlendirilir? Yaknda videosu ile karnzda olacaz.,https://www.instagram.com/p/CrAmfNLI7-Q/
2023-04-12,"[Tarih: 2023-04-12] TEKNOFEST2023 kapsamnda dzenlenen ""Sanayide Dijital Teknolojiler"" ileri kategorisinde finalist olarak yaracak olan pek Yolu Otonom Robot Takmmz, parkur haritasn kararak, kare kodlarla doru rotay teyit edip hz kontrol salayarak otonom yk alma ve brakma ilemleri iin greve hazr! Giriimci kuluka merkezimizdeki mhendislerimizi ve gnlllerimizi tebrik ediyoruz. Takmmz 27 Nisan-1 Mays tarihleri arasnda stanbul'da!",https://www.instagram.com/p/Cq8KrM5IPTc/
2023-04-04,[Tarih: 2023-04-04] Kalknma Ajanslar Genel Mdr Bar YENER ve Frat Kalknma Ajans Genel Sekreteri Abdulvahap YOUNLU merkezimizi ziyaret ettiler.,https://www.instagram.com/p/CqmyF8goaGA/
2023-03-18,[Tarih: 2023-03-18] Elaz Barosu CMK eitim semineri ; pek Yolu Uluslararas ocuk ve Genlik almalar Merkezinde gerekleiyor,https://www.instagram.com/p/Cp7AlsxogOR/
2023-02-06,[Tarih: 2023-02-06] Aziz milletimize gemi olsun dileklerimizi iletiyoruz.,https://www.instagram.com/p/CoTxvs2IDxV/
2023-02-03,"[Tarih: 2023-02-03] Yaz ayr, k ayr gzel",https://www.instagram.com/p/CoNwLsMAd5S/
2023-02-02,[Tarih: 2023-02-02] pek Yolu'nda kar topu savalar..,https://www.instagram.com/p/CoJrc3WIQBp/
2023-02-01,"[Tarih: 2023-02-01] Yeni bir uluslararas projede, 6 lkeden 45 gen pek Yolunda buluuyor.. Erasmus+ Genlik Deiimi projesi, EUROCHEF - Kltrler Tanyor, Mutfaklar Yaryor program kapsamnda Litvanya, spanya, Almanya, Romanya, Bulgaristan ve Trkiyeden toplam 45 gen pek Yolunda 12 gn boyunca mutfak maharetlerini sergileyecek. Bu kapsamda Trkiyeden seeceimiz 18-30 ya aras 10 katlmcdan biri olmak istiyorsan; profildeki linke tklayarak bavuru yapman gerekecek. Son bavuru tarihi: 8 ubat 2023",https://www.instagram.com/p/CoHk20xIyKy/
2023-01-31,"[Tarih: 2023-01-31] Elaz l Mftl tarafndan dzenlenen ""Diyanet leri Bakanl Genlie Deer Ara Dnem Kamp"" 'nda devam ediyor...",https://www.instagram.com/p/CoFM1CqI-cF/
2023-01-25,"[Tarih: 2023-01-25] Cumhurbakanmz Sayn Recep Tayyip Erdoann terifleriyle 25.01.2021 tarihinde alan Avrupann en byk ocuk ve genlik almalar merkezi pek Yolu, stlendii misyon ile ocuklarmzn ve genlerimizin gelimesi ve retmesi iin, na hizmet etmeye devam edecektir.",https://www.instagram.com/p/Cn2ERKXte85/
2023-01-24,[Tarih: 2023-01-24] PEK YOLU OTONOM ROBOT TAKIMI FNALDE ! Teknofest 2023 kapsamnda dzenlenen Sanayide Dijital Teknolojiler yarmasna katlan ve finale kalma baars gsteren ekip arkadalarmz tebrik ediyoruz,https://www.instagram.com/p/CnzYslBIvdL/
2023-01-23,[Tarih: 2023-01-23] pek Yolu Uluslararas ocuk ve Genlik almalar Merkezi etkinlikleri ara tatilde de devam ediyor! ROBOTK KODLAMA 3 BOYUTLU YAZICI HA UU SMLASYON ETM Katlmc says kontenjanla snrl olup bavuru iin profilde bulunan linke tklayabilirsiniz..,https://www.instagram.com/p/CnwTN0JhXis/
2023-01-21,"[Tarih: 2023-01-21] Bir nceki dnem Elaz Belediye Bakanmz Sn. Mcahit Yanlmaz, pek Yolu'nu ziyaret ederek, faaliyetlerimiz hakknda bilgi ald.",https://www.instagram.com/p/CnrpVT4oMeS/
2023-01-21,"[Tarih: 2023-01-21] lim Yayma Cemiyeti Elaz ubesi bnyesinde yrtlen ""Marifet Okulu"" projesi kapsamnda 5. 6. ve 7. snf rencileri merkezimizi ziyaret etti. *** 12 Balk altnda rencilerin 2 yllk eitim programdr. Programn ierisinde Kur'an- Kerim, El Sanatlar, Adap, Olay Yorum, Sportif etkinliklerin olduu bir uygulama projesidir.",https://www.instagram.com/p/CnrYtwtIM3a/
2023-01-20,"[Tarih: 2023-01-20] ehrimiz Tematik Bir Parka Kavuuyor! Elaz Belediye Bakanmz Sn. ahin erifoullar merkezimizi ziyaret etti. Ziyarette; pek Yolu, Elaz l zel daresi ve Elaz Belediyesi ibirliinde yerlekemiz ierisinde 23 dnmlk alanda yaplacak olan tematik 'Lavanta Park'n planlamas yapld.",https://www.instagram.com/p/CnpBv7cIQyk/
2023-01-14,"[Tarih: 2023-01-14] pek Yolu Tantm ve Medya Koordinatrlmzde grevli alma arkadalarmzdan Mcahit Bayda, Bursa'da gerekletirilen '2. Uluda Ksa Film Yarmas'nda senaristliini ve ynetmenliini kendi yapt ""Ky"" adl ksa film ile ikincilik dln almtr. alma arkadamz tebrik ediyor, baarlarnn devamn diliyoruz.",https://www.instagram.com/p/CnZ-kiTIN5Q/
2023-01-14,[Tarih: 2023-01-14] Erasmus+ Youth Exhange Project End of the second day,https://www.instagram.com/p/CnZkA4DhJua/
2023-01-13,"[Tarih: 2023-01-13] 6 lkeden 60 Gen pek Yolu'nun ilk uluslararas aras projesinde Elaz'da bulutu. 8 gn srecek Erasmus+ Genlik Deiimi ""Birlikte Daha yi"" adl proje kapsamnda gen arkadalarmza ehrimizi ve lkemizi anlatacaz 60 Young People from 6 Countries met in Elazig in the first international project of the pek Yolu. We will tell our young friends about our city and country within the scope of the 8-day Erasmus+ Youth Exchange ""Better Together"" project",https://www.instagram.com/p/CnW9bziIsf-/
2023-01-02,[Tarih: 2023-01-02] Teknofest 2021 Orta rtifa Kategorisi Trkiye kincisi ve En yi Takm Ruhu dl Teknofest 2022 Orta rtifa Kategorisi Trkiye ncs ve Juri zel Sunum dl Teknofest 2021 ylndan itibaren orta irtifa kategorisinde yarmaya katlp dllerle Elaza dnen ipek yolu roket takmmz bu ylda Yksek rtifa kategorisinde yaracak. Gzn daha da ykseklere eviren roket takmmz Teknofest2023 iin ilk aamay baarl bir ekilde gemeyi baarmtr. Takmmz tebrik ediyoruz.,https://www.instagram.com/p/Cm7WVrdBHCD/
2022-12-31,[Tarih: 2022-12-31] Elaz Belediyesi Genlik Meclisi K Kamp pek Yolu Uluslararas ocuk ve Genlik almalar Merkezi,https://www.instagram.com/p/Cm1p4B6h_21/
2022-12-30,"[Tarih: 2022-12-30] Azerbaycan Devlet ktisat niversitesi Trk Dnyas ktisat Fakltesi Eski Dekan, Ankara Hac Bayram Veli niversitesi Sosyoloji Blm Bakan Prof. Dr. Hayati Beirli ve Gazi niversitesi Trke Eitimi Blm retim yesi Prof. Dr. Ylmaz Yeil 'nu ziyaret ederek faaliyetlerimiz hakknda bilgi ald.",https://www.instagram.com/p/Cmy6VupIaNr/
2022-12-29,[Tarih: 2022-12-29] Masalmatik projesi kapsamnda her hafta pek Yolu'nda arladmz miniklerimiz bu haftada bizimle,https://www.instagram.com/p/CmvtUDHIS5g/
2022-12-26,"[Tarih: 2022-12-26] BTK Akademi ve pek Yolu Uluslararas ocuk ve Genlik almalar Merkezi ibirliinde USOM (Ulusal Siber Olaylara Mdahale Merkezi) mhendisleri tarafndan merkezimizde gerekletirilen ""Siber Gvenlik Eitimi"" sona erdi. Siber Gvenlik Nedir Bilgisayarlar, sunucular, mobil cihazlar, elektronik sistemleri, alar ve verileri kt amal saldrlardan koruma uygulamasnn tamamna denir. Bilgi teknolojisi gvenlii veya elektronik bilgi gvenlii olarak da bilinir.",https://www.instagram.com/p/CmpJ__WBs3l/
2022-12-26,[Tarih: 2022-12-26] Halit Hoca mamhatip Ortaokulu rencileri misafirimizdi..,https://www.instagram.com/p/Cmobwf5ocQo/
2022-12-24,"[Tarih: 2022-12-24] No Code Developer Eitimi pek Yolu Uluslararas ocuk ve Genlik almalar Merkezi Getiimiz hafta ierisinde ile pek Yolu ibirlii ierisinde merkezimizde gerekletirilen 'No Code Developer Eitimi'nden geriye kalanlar.. diyerek, Developer (Yazlm Gelitiricisi) olmann ilk admn atan ve baarl bir eitim srecini geride brakan katlmclar tebrik ediyoruz",https://www.instagram.com/p/Cmj9otrhut1/
2022-12-23,"[Tarih: 2022-12-23] pek Yolu Otonom Robot Takmmz, Teknofest'te ilk aamay gemeyi baard pek Yolu Otonom Robot Takmmz, Giriimci Kuluka Merkezimiz bnyesinde bulunan ve Teknofest2023 Sanayide Dijital Teknolojiler Yarmasna katlacak mhendislerimizden ve stajyer mhendis adaylarmz tarafndan kurulan bir takmdr. Yarmann amac, dijitalleen fabrika ortamlar oluturmaktr. Bu kapsamda, fabrika i lojistiinde veya depolarda kullanlabilecek kendisine atanm yollarda hareket edip, belirli ykleri noktadan noktaya tayan otonom alan bir gdml robot yapmay hedefleyen takmmz ilk aamay baarl bir ekilde gemitir.",https://www.instagram.com/p/CmgS1YoI4kr/
2022-12-20,[Tarih: 2022-12-20] pek Yolu ve BTK ibirliinde merkezimizde dzenlenen ve 5 hafta sren nsansz Hava Aralar Kullanm Eitimi ile Mobil Uygulama Gelitirme Eitimi sona erdi.,https://www.instagram.com/p/CmYuKIKINso/
2022-12-19,[Tarih: 2022-12-19] niversitesi Tbbi aromatik bitkiler blm rencileri ; merkezimizdeki tbbi aromatik birim koordinatrln ziyaret ederek tarm faaliyetleri hakknda bilgi aldlar,https://www.instagram.com/p/CmWebuMIHRW/
2022-12-17,"[Tarih: 2022-12-17] pek Yolu'nda 7 farkl lkeden 56 gencin bulumasna sayl gnler kald ""Birlikte Daha yi"" adl Erasmus+ Genlik Deiimi projemiz iin Trk katlmclarmz belirlenmitir. Seilen katlmclarmz tebrik eder, baarl bir proje sreci dileriz 12 Ocak'ta grmek zere",https://www.instagram.com/p/CmRI_h2Izc4/
2022-12-17,[Tarih: 2022-12-17] B A L A D I K No Code Camp 17-18-19 Aralk 2022 pek Yolu,https://www.instagram.com/p/CmQuSWUonO7/
2022-12-16,[Tarih: 2022-12-16] Mobil Uygulama Gelitirme Eitimi'nde son haftadayz,https://www.instagram.com/p/CmPZBitIouJ/
2022-12-16,"[Tarih: 2022-12-16] BTK Akademi ve pek Yolu i birliinde gerekletirilen, Lise rencileri Eitimi",https://www.instagram.com/p/CmOX8AroWuf/
2022-12-15,"[Tarih: 2022-12-15] nce Teorik, Sonra Uygulamal O zaman imdi uygulama vakti Uygulamal HA (nsansz Hava Arac) Eitimi pek Yolu Uluslararas ocuk ve Genlik almalar Merkezi",https://www.instagram.com/p/CmL4E2eIi-Q/
2022-12-14,"[Tarih: 2022-12-14] Sevgili Genler bu haber sizin iin pek Yolu'nda HA Akademisi alyor Takipte kaln, detaylar ok yaknda",https://www.instagram.com/p/CmJvAUXIh5D/
2022-12-14,"[Tarih: 2022-12-14] BTK, Simlasyon ile nsansz Hava Arac (HA) Eitimi pek Yolu Uluslararas ocuk ve Genlik almalar Merkezi",https://www.instagram.com/p/CmJIAqCI-ST/
2022-12-13,[Tarih: 2022-12-13] 8 farkl lkenin katlmyla 11-14 Aralk tarihleri arasnda Antalya'da gerekleen '2022 Avrupa Genlik Yl Formu'na EURODESK Temas Noktas olarak katlm saladk.,https://www.instagram.com/p/CmGgSNKo5ap/
2022-12-12,[Tarih: 2022-12-12] nsansz Hava Aralar Pilotu olmak istiyorsan seni de pek Yolu na bekliyoruz.,https://www.instagram.com/p/CmEojDaIaMR/
2022-12-09,"[Tarih: 2022-12-09] Elaz'da dzenlenen ""Anadolu Biliim Bulumalar"" kapsamnda etkinlik alannda stant aarak pek Yolu'nun faaliyetleri hakknda katlmclara bilgilendirmelerde bulunduk.",https://www.instagram.com/p/Cl8xdBbIW8S/
2022-12-08,"[Tarih: 2022-12-08] Elaz Belediyesi ve Elaz l Milli Eitim Mdrl'nn ortaklaa yrtt proje kapsamnda, ilkokul rencilerinin btnsel eitim modeli zerinde elenerek Matematik ve Fen becerilerini gelitirme etkinliklerinde masallarn iinde gerekletirdii bilimsel yolculua pek Yolu ev sahiplii yapt.",https://www.instagram.com/p/Cl6Asf_o6cB/
2022-12-08,"[Tarih: 2022-12-08] Tarm Koordinatrlmz tarafndan gerekletirilecek 'ne profildeki linke tklayarak bavurabilirsiniz. Son bavuru tarihi: 11 Aralk 2022 Damtma ya da distilasyon, iki veya daha fazla bileen ieren bir karmn stlp, buhar ve sv faz oluturmak suretiyle daha uucu bileence zengin karmlarn elde edilmesini salayan ayrma ilemidir.",https://www.instagram.com/p/Cl5poLiICWA/
2022-12-07,"[Tarih: 2022-12-07] Elaz Vali Yardmcs Abdulkerem Abbasolu ve Elaz HA Birlik Komutan Jandarma Yarbay Akn Bozkurt, merkezimizi ziyaret ederek faaliyetlerimiz hakknda bilgi aldlar.",https://www.instagram.com/p/Cl3mIjDobP0/
2022-12-07,[Tarih: 2022-12-07] Getiimiz haftasonu pek Yolu ev sahipliinde gerekleen satran turnuvasndan kareler..,https://www.instagram.com/p/Cl3QlEioSN_/
2022-12-06,"[Tarih: 2022-12-06] pek Yolu ev sahipliinde gerekleen ""Kalite Elileri Farkndalk altay"" dzenlenen sertifika treni sona erdi.",https://www.instagram.com/p/Cl1UA0WISJe/
2022-12-05,[Tarih: 2022-12-05] Kalite Elileri Farkndalk altay pek Yolu Uluslararas ocuk ve Genlik almalar Merkezi,https://www.instagram.com/p/Clyl-tboORs/
2022-12-05,"[Tarih: 2022-12-05] Frat niversitesi tarafndan dzenlenen Kalite Elileri Farkndalk altay'na katklarndan tr 'na takdim edilen plaketi, Elaz l zel daresi Genel Sekreter Yardmcmz Dr. Murat Okubay, Yksekretim Kalite Kurulu (YKAK) Bakan Prof. Dr. Muhsin Kar'dan ald.",https://www.instagram.com/p/ClyK0GCI50j/
2022-12-05,"[Tarih: 2022-12-05] Trkiye Satran Federasyonu Kkler ve Yldzlar l Birincilii turnuvas pek Yolu'nda gerekletirildi. ehrimizin ocuklarn, gen arkadalarmz ve kymetli ailelerini merkezimizde misafir etmekten mutluluk duyduk",https://www.instagram.com/p/ClxxtmmIOrL/
2022-12-03,"[Tarih: 2022-12-03] Herkese merhaba, Yine bir eitim ile karnzdayz Trkiyenin ilk No Code Platformu olan Xpoda ile gerekletireciimiz bu etkinlikte sende yerini al. Xpoda Trkiye ile gerekletireceimiz No Code eitimini tamamla, online snavdan 70 puan al ve pek Yolunda yz yze eitime katl Eitim sonunda kariyer havuzunda yerini al ve hzlca iini yapmaya bala! Ayrca Az Kod, ok diyerek sadece yazlmclara deil herkese ak bir eitim Sende eitimde yer almak istiyorsan hemen profildeki balantya tkla formu doldur Son bavuru tarihi: 11 Aralk 2022",https://www.instagram.com/p/CltHFWho1Ot/
2022-12-03,[Tarih: 2022-12-03] II. DSTLASYON ETM | Tarm Koordinatrlmz tarafndan gerekletirilecek distilasyon eitimine profilde bulunan linke tklayarak bavurabilirsiniz. Son bavuru tarihi: 6 Aralk 2022,https://www.instagram.com/p/Cls21yiI3CO/
2022-12-02,"[Tarih: 2022-12-02] Tarm Koordinatrlmz tarafndan gerekletirilen ""Distilasyon Eitimi"" sona erdi. Baaryla geen bir eitim srecini tamamlayan katlmclarmz tebrik ediyoruz.",https://www.instagram.com/p/ClqywCPoeBR/
2022-12-02,"[Tarih: 2022-12-02] pek Yolu'na Ziyareti Akn Devam Ediyor! Getiimiz yaz dnemini Genlik ve Spor Bakanl eitimlerinden UNICEF eitimlerine, Vodafone Hackathon eitimlerinden ZHA (Zirai nsansz Hava Arac) eitimlerine kadar bir ok katlmcya ve eitimlere ev sahiplii yapan merkezimiz, k dneminde de misafirlerini youn bir ekilde arlamaya devam ediyor.. Bugnk misafirlerimiz yine ilimiz ortaokullarndan Limak Ortaokulu'ydu.. Eitmenlerimizden merkezimizin faaliyetleriyle alakal bilgiler alan renci arkadalarmz arlamaktan byk bir memnuniyet duyduk En yakn zamanda yine bekliyoruz",https://www.instagram.com/p/ClqNKDlorYq/
2022-12-01,[Tarih: 2022-12-01] BTK Akademi ve pek Yolu Uluslararas ocuk ve Genlik almalar Merkezi ibirliinde USOM (Ulusal Siber Olaylara Mdahale Merkezi) mhendisleri tarafndan Siber Gvenlik eitimi dzenlenecektir. niversite rencileri iin katlm kontenjanla snrl olup eitim sonunda katlmclara cretsiz sertifika verilecektir. Bavuru ve tm detaylar iin profildeki linke tkla. Son bavuru tarihi 17 Aralk! Grmek zere,https://www.instagram.com/p/Clooi9MoMhC/
2022-12-01,[Tarih: 2022-12-01] Bugnk misafirlerimiz Doa Koleji Fen ve Anadolu Lisesi'nden renci arkadalarmzd..,https://www.instagram.com/p/ClnvVAyoJWF/
2022-11-30,[Tarih: 2022-11-30] TED Koleji'nden gen arkadalarmz merkezimizde misafir ederek faaliyetlerimize ilikin bilgilendirmelerde bulunduk.,https://www.instagram.com/p/CllLfzaIOx2/
2022-11-28,[Tarih: 2022-11-28] Bugnk misafirlerimiz Ziya Gkalp Ortaokulu'ndan genlerimiz..,https://www.instagram.com/p/ClgO6ZhIvwE/
2022-11-25,[Tarih: 2022-11-25] Tarm Koordinatrlmz tarafndan gerekletirilecek eitimine profilde bulunan linke tklayarak bavurabilirsiniz. Son bavuru tarihi: 30 Kasm,https://www.instagram.com/p/ClYkpt3o4qe/
2022-11-23,[Tarih: 2022-11-23] stikll Ortaokulu'ndan 125 rencimizi 'nda arlayarak faaliyetlerimiz hakknda bilgilendirmede bulunduk.,https://www.instagram.com/p/ClTY8YfgJFY/
2022-11-21,"[Tarih: 2022-11-21] Genlik ve Spor Bakanl ile Gelecek Aratrmalar Enstits ortaklnda yrtlen ""Spor Giriimcilii 2030"" adl oturum pek Yolu'nda gerekletirildi.",https://www.instagram.com/p/ClOLNHBIJPU/
2022-11-21,"[Tarih: 2022-11-21] Mu Alparslan niversitesi Rektr, hemehrimiz Prof. Dr. Fethi Ahmet Polat merkezimizi ziyaret ederek faaliyetlerimiz hakknda bilgi ald.",https://www.instagram.com/p/ClOEIGdII9m/
2022-11-19,[Tarih: 2022-11-19] Merkezimizi ziyaret eden Tarm ve Orman Bakanmz Prof. Dr. 'ye teriflerinden tr teekkrlerimizi sunuyoruz.,https://www.instagram.com/p/ClJz4UAI5IG/
2022-11-19,[Tarih: 2022-11-19] 18-19 Kasm'da online olarak gerekletirilen SOVOS Hackathon'da 24 saat sren maratonda yarmaclar IBM'in HyperLedger Fabric zmleriyle kyasya yart. Giriimci Kuluka Merkezimizin atlye ortamnda 24 saatlik uykusuz geen sre sonunda 1.lik elde eden ve 30.000 dl almaya hak kazanan gen yazlmclar tebrik ederiz.,https://www.instagram.com/p/ClJud16owqe/
2022-11-19,[Tarih: 2022-11-19] Bilgi Teknolojileri Kurumu (BTK) Akademi ve pek Yolu ibirliinde gerekletirilen yazlm kamplar merkezimizde start ald.,https://www.instagram.com/p/ClInR8koGfk/
2022-11-18,"[Tarih: 2022-11-18] Tarm ve Orman Bakanmz Prof. Dr. merkezimizi ziyaret ederek, Elaz l zel daresi Genel Sekreter Yardmcmz Dr. Murat Okubay'dan faaliyetlerimiz hakknda bilgi ald.",https://www.instagram.com/p/ClHe1-XIcEZ/
2022-11-17,"[Tarih: 2022-11-17] Ara Tatil Teknoloji Programmz kapsamnda Lise 1-2-3 snflar iin 3 gn sren ""pek Yolu Elektronik Gelitirme Kart ile Robotik Kodlama Eitimi"" tamamland.",https://www.instagram.com/p/ClDtVyOo7Cr/
2022-11-16,"[Tarih: 2022-11-16] Frat niversitesi Eitim Fakltesi Snf retmenlii blm rencileri gen arkadalarmz merkezimizde arlayarak faaliyetlerimizle alakal bilgilendirmede bulunduk. Kuluka merkezlerimizin faaliyetleri, Avrupa Birlii ve Eurodesk frsatlar bilgilendirmesi, tarmn nemi ile, medyayla ilgili konularda ksa ksa syleiler gerekletirerek rencilerimizi uurladk. Yine bekliyoruz",https://www.instagram.com/p/ClBSrRsI_Wa/
2022-11-15,"[Tarih: 2022-11-15] pek Yolu gnlls olarak ESC Program ile Avrupa'da hi para harcamadan 40 gn faaliyette bulunabileceini biliyor muydun? Tek art 18-30 ya arasnda olmak ve temel dzeyde ngilizce olmas. 31 Avrupa lkesine gnderim salayacaz. *Trkiye'den 17 gnll aranmaktadr* ESC kapsamnda yeme-ime, konaklama, proje giderleri ve uak biletleri masraflar karlanmaktadr. Gnderimler 2023 yl ierisinde olacaktr. Eer sen de ortalama 40 gn srecek uluslararas gnlllk faaliyetinin bir paras olmak istiyorsan, biyografide bulunan link zerinden yada grselde bulunan karekod zerinden bavurunu yapman gerekmektedir. Bavuracanz form n bavuru niteliinde olup daha sonraki srete katlmclarn CV ve Motivasyon Mektuplar istenecektir. Son bavuru tarihi 15 Aralk 2022",https://www.instagram.com/p/Ck_Xk53o69Z/
2022-11-15,"[Tarih: 2022-11-15] pek Yolu'nda Eitime Ara Yok! Ara Tatil Teknoloji Programmz kapsamnda Lise 1-2-3 snflar iin 3 gn srecek olan ""pek Yolu Elektronik Gelitirme Kart ile Robotik Kodlama Eitimi"" merkezimizde balad.",https://www.instagram.com/p/Ck-c8xvoPYO/
2022-11-12,[Tarih: 2022-11-12] kapsamnda Trkiye geneli 81 ilde gerekletirilen Deprem An Tatbikat pek Yolu Uluslararas ocuk ve Genlik almalar Merkezi,https://www.instagram.com/p/Ck3sXmxowCX/
2022-11-11,"[Tarih: 2022-11-11] Munzur niversitesi Psikoloji blm rencileri misafirimizdi.. 2 gn sren 'Genler iin Avrupa Frsatlar Eitimi'nde merkezimizde arladmz gen arkadalarmzn program, dzenlenen sertifika treni ile sona erdi. Trene Elaz l zel daresi Genel Sekreter Yardmcmz Dr. Murat Okubay ve Munzur niversitesi Psikoloji Blm retim Grevlisi Ylmaz Kaplan katld. Sizinle olmak gzeldi. Nice eitimlerde birlikte olmak dileiyle, eitim hayatnzda baarlar diliyoruz",https://www.instagram.com/p/Ck0sM8HIhbr/
2022-11-11,"[Tarih: 2022-11-11] Frat niversitesi Rektr Yardmcs Prof. Dr. Mehmet Ylmaz, nn niversitesi Teknokent Mdr Do. Dr. Hasan Ylmaz ve Frat niversitesi Kariyer Merkezi Mdr Do. Dr. Muhammed Zincirli merkezimizi ziyaret ederek faaliyetlerimiz hakknda bilgi aldlar.",https://www.instagram.com/p/Ck0gSdVoMn5/
2022-11-10,"[Tarih: 2022-11-10] Tunceli Munzur niversitesi, Psikoloji blmnden gen arkadalarmz iin planladmz ""Genler in Avrupa Frsatlar Eitimi"" pek Yolu'nda balad",https://www.instagram.com/p/CkxdoRGoJUG/
2022-11-09,"[Tarih: 2022-11-09] Cumhuriyetimizin Banisi Gazi Mustafa Kemal Atatrk aramzdan ayrlnn 84nc ylnda rahmet, minnet ve saygyla anyoruz. Ruhu ad olsun",https://www.instagram.com/p/CkwF5-JoMDa/
2022-11-05,[Tarih: 2022-11-05] pek Yolu Uluslararas ocuk ve Genlik almalar Merkezi etkinlikleri ara tatilde de devam ediyor! 3D Yazc Kullanm Eitimi pek Yolu Elektronik Gelitirme Kart ile Robotik Kodlama Eitimi Eitim saatleri: 09:00 - 13:00 Katlmc says kontenjanla snrl olup bavuru iin profilde bulunan linke tklayabilirsiniz..,https://www.instagram.com/p/CklE7yvojVh/
2022-11-05,"[Tarih: 2022-11-05] limizde KYK Yurtlarnda kalan niversite rencilerimizi merkezimizde misafir ederek drone, eurodesk ile avrupa frsatlar ve okuluk hakknda bilgilendirmelerde bulunduk.",https://www.instagram.com/p/CklDkKEoiCc/
2022-11-04,[Tarih: 2022-11-04] Yntemim Okullar'ndan miniklerimizi merkezimizde arladk,https://www.instagram.com/p/CkikvFSIc3n/
2022-11-03,"[Tarih: 2022-11-03] AFAD tarafndan verilen ""Temel Afet Bilinci Eitimi"" pek Yolu'nda gerekletirildi.",https://www.instagram.com/p/Ckf2EGwIIzO/
2022-11-02,"[Tarih: 2022-11-02] pek Yolu, 12-20 Ocak 2023 tarihlerinde 7 farkl Avrupa lkesinden 56 Genci proje kapsamnda arlayacak. Proje ierii olarak; Farkl kltrlerden 18-25 ya arasndaki genlerin Kltrel Diplomasi, Irklk ve Nefret Sylemleriyle Mcadele, Savunuculuk ve Politika Gelitirme konularnda atlye calmalar, dramalar ve farkndalk almalar yaplacaktr. *Trkiye'den 8 katlmc aranmaktadr* Proje kapsamnda yeme-ime, konaklama ve proje giderleri karlanmaktadr. Eer sen de 8 gn (yolculuk dahil) srecek uluslararas projenin bir paras olmak istiyorsan, biyografide bulunan link zerinden yada grselde bulunan karekod zerinden bavurunu yapman gerekmektedir. *Son bavuru tarihi 15 Kasm 2022'dir*",https://www.instagram.com/p/Ckdm526j-rV/
2022-11-01,"[Tarih: 2022-11-01] Kariyerini uurmak isteyen ve merakllarna duyurulur! Bilgi Teknolojileri Kurumu (BTK) Akademi ve pek Yolu birliinde ""YAZILIM KAMPLARI"" balyor! Lise ve niversite rencileri iin katlm kontenjanla snrl olup eitim sonunda katlmclara cretsiz sertifika verilecektir. Bavuru ve tm detaylar iin profilde ki linke tkla. Son bavuru tarihi 13 Kasm.. Grmek zere",https://www.instagram.com/p/Cka3hRnINhV/
2022-11-01,"[Tarih: 2022-11-01] TBTAK Bilimsel Eitim Etkinlikleri Destekleme Program kapsamnda Prof. Dr. Fatih zek tarafndan verilen ""Karlkl Anlalabilirlik Yntem ve Teknikleri"" eitimi merkezimizde gerekletirildi.",https://www.instagram.com/p/CkaxftSIy7s/
2022-10-31,[Tarih: 2022-10-31] Blokzincir teknolojilerinin geleceini ve kariyer frsatlarn konutuumuz etkinliimizi tamamladk.,https://www.instagram.com/p/CkYzVXlIHDn/
2022-10-30,"[Tarih: 2022-10-30] Frat niversitesi Kalite renci Topluluu ile birlikte ortaklaa dzenlediimiz ""Uygulamal CV ve Motivasyon Mektubu Hazrlama Eitimi"" merkezimizde gerekletirildi.",https://www.instagram.com/p/CkWNzTngwyf/
2022-10-27,"[Tarih: 2022-10-27] Bata deprem olmak zere lkemizde ska grlen afetlere ynelik olarak, afetlerin ncesi sras ve sonrasnda yaplmas gereken konularn AFAD yetkilileri tarafndan anlatld ""Afet Farkndalk Eitimi"" merkezimizde gerekletirildi.",https://www.instagram.com/p/CkN0mpCoC_U/
2022-10-24,"[Tarih: 2022-10-24] Okuluk Birimimiz, okuluk tarihini ve bilincini kavrayacak ocuk ve genleri yetitirmek iin almalarna hzla devam ediyor.",https://www.instagram.com/p/CkHI_9wo8I-/
2022-10-23,[Tarih: 2022-10-23] Uluslararas Veteriner rencileri Topluluu tarafndan ehrimizde dzenlenen 'Ulusal ve Uluslararas Katlml IVSA Elaz renci Kongresi'nin bir blmne pek Yolu olarak ev sahiplii yaptk,https://www.instagram.com/p/CkEIuh6odIw/
2022-10-22,"[Tarih: 2022-10-22] pek Yolu'nda dzenlenen aturanga Satran Turnuvas zorlu, bir o kadar da keyifli msabakalara sahne oldu",https://www.instagram.com/p/CkBH5vEIm9z/
2022-10-20,"[Tarih: 2022-10-20] Avrupa Frsatlarn pek Yolu ile kefetmeye var msn? pek Yolu Uluslararas ocuk ve Genlik Merkezi'nde gerekleecek olan Uygulamal CV ve Motivasyon Mektubu Hazrlama Eitimi, Eurodesk ve Genler iin Avrupa Frsatlar seminerine davetlisiniz. Etkinlik pek Yolu ile Frat niversitesi Kalite renci Topluluu organizasyonunda gerekletirilecektir. Eitim 29 Ekim Cumartesi 11:00'da balayacak olup kontenjan 50 kii ile snrldr. Ekip oyunlarnn da yer alaca eitimde srpriz yarma ve oyunlar da bulunmaktadr. Bavurular biyografide bulunan link ile alnacak olup bavurusu olumlu sonulananlar ile iletiime geilecektir. 29 Ekim'de grmek zere",https://www.instagram.com/p/Cj7yFFAIDLe/
2022-10-18,[Tarih: 2022-10-18] pek Yolu olarak temel seviye sfr atk belgemizi aldk,https://www.instagram.com/p/Cj24S3YIiOu/
2022-10-18,"[Tarih: 2022-10-18] Blokzincir ve kripto paralar artk hayatmzn bir paras ve her geen gn yeni projelerinin adn duyuyoruz. Peki bu teknolojiyi bu kadar zel klan yap talar neler? Niin ihtiya duyuluyor? Bu etkinliimizde sizleri iin mutfana gtreceiz. Blokzincir teknolojisinin ne olduunu kavrayacak, gelecekte hangi sektrlerde blokzincir teknolojisine ihtiya duyulduunu kavrayabileceksiniz. Kariyer frsatlarn da unutmadk. Bu frsatlar hakknda sorularnzada cevap bulabileceksiniz. 30 Ekim 2022 Pazar gn pek Yolu'ndaki etkinliimizde grmek dileiyle Bavuru formu, profildeki linkte! Hemen bavur, eitime katlma ans yakala.",https://www.instagram.com/p/Cj23MWComvY/
2022-10-17,"[Tarih: 2022-10-17] 15-16 Ekim tarihlerinde merkezimizde gerekletirilen ""pek Yolu aturanga Satran Turnuvas"" dl treni Elaz l zel daresi Genel Sekreterimiz Ali i ve Genel Sekreter Yardmcmz Dr. Murat Okubay'n katlmlar ile gerekletirildi. Turnuvaya katlm salayan gen sporcularmza teekkr ediyor, derece elde eden sporcularmza ise baarlarnn devamn diliyoruz Yeni turnuvalarda grmek zere, pek Yolu'ndan sevgilerle",https://www.instagram.com/p/Cjz4MIbIwA8/
2022-10-16,[Tarih: 2022-10-16] Kltr ve Turizm Bakan Yardmcs Sn. Dr. Serdar am ve Ankara Milletvekili Sn. Ltfiye Selva am merkezimizi ziyaret ederek faaliyetlerimiz hakknda bilgi aldlar.,https://www.instagram.com/p/CjxaRtYIZFK/
2022-10-15,"[Tarih: 2022-10-15] Elaz Valisi Sn. mer Toraman, Kltr ve Turizm Bakan Yardmcs Sn. Serdar am, Elaz Milletvekili Sn. Metin Bulut, Ankara Milletvekili Sn. Ltfiye Selva am ve il protokol, merkezimizde gerekletirilen 31 ilden 274 kaytl yarmacnn yart 'aturanga Satran Turnuvas'nn aln yaparak katlmclarla bir araya geldiler.",https://www.instagram.com/p/Cju2wl4IgmV/
2022-10-14,[Tarih: 2022-10-14] Satran Turnuvasna Hazrz pek Yolu Uluslararas ocuk ve Genlik almalar Merkezi aturanga Satran Turnuvas haftasonu balyor..,https://www.instagram.com/p/CjsWpisoUm0/
2022-10-14,[Tarih: 2022-10-14] Erasmus gnleri hazrlklar devam ediyor. Avrupa frsatlarn bizimle kefedin,https://www.instagram.com/p/Cjr2LFdoDEF/
2022-10-08,[Tarih: 2022-10-08] Dzenlenen Kitap Fuarna katlmak zere ehrimize gelen Gazeteci-Yazar Banu Avar merkezimizi ziyaret etti. .banu,https://www.instagram.com/p/CjceXmkIqtt/
2022-10-07,[Tarih: 2022-10-07] Krmz Montlular yilik Hareketi'nin pek Yolu'nda dzenledii devam ediyor..,https://www.instagram.com/p/Cjai4RXI-Ct/
2022-10-06,"[Tarih: 2022-10-06] TBTAK Bilimsel Eitim Etkinlikleri Destei Program kapsamnda 4 gn srecek ""Salk Bilimleri Alanndaki Lisans rencileri in Akademik Becerilere Giri ve TBTAK Projeleri Hazrlama Eitimi"" pek Yolu'nda balad..",https://www.instagram.com/p/CjX1MRzoo8f/
2022-10-06,"[Tarih: 2022-10-06] 15 Ekim 2022 tarihinde pek Yolu Uluslararas ocuk ve Genlik almalar Merkezi organizasyonunda kapsamnda Erasmus+ Genlik Deiim Program ve Avrupa Dayanma Program ESC Gnlllk Faaliyetleri hakknda bilgilendirmeler yaplacak. Frat niversitesi rencilerinin de yer alaca programda daha nce Erasmus+ programndan faydalanm genler tecrbe paylamnda bulunacaklar Tm bunlarn yan sra ak hava sinemas, dilek feneri uurma etkinlii ve birok etkinlik sizlerle olacak. Tm bu etkinlikler cretsiz olup profilde bulunan link ile bavurular alnacaktr. Bavurularnz yaptktan sonra bavurusu olumlu sonulananlar ile iletiime geilecektir. 15 Ekim'de grmek zere",https://www.instagram.com/p/CjXt_QpIZ4g/
2022-10-04,"[Tarih: 2022-10-04] pek Yolu'ndan Yeni Bir Eitim Daha Online SCRATCH Eitimi (9 - 12 ya aras ocuklar iin) 22 Ekim 2022 - 27 Kasm 2022 tarihleri arasnda her haftasonu 19:00 - 20:00 saatleri arasnda cretsiz verilecektir. Profilde bulunan linke tklayarak bavuru yapabilirsiniz.. SCRATCH Nedir Stratch, rencilerin ilgi ekici ve grsel bir ekilde programlamay renmelerini salayan bir platformdur.",https://www.instagram.com/p/CjSEeecoCSF/
2022-10-03,"[Tarih: 2022-10-03] Frat niversitesi Srekli Eitim Merkezi (FSEM) ve pek Yolu Uluslaras ocuk ve Genlik almalar Merkezi ortaklnda pek Yolunda dzenlenen nsansz Hava Arac ile Zirai lalama Eitimi sonunda katlm belgesi program gerekletirildi. Elaz l zel daresi ve Frat niversitesi i birliinde pek Yolu Uluslararas ocuk ve Genlik almalar Merkezinde gerekletirilen nsansz Hava Arac ile Zirai lalama Eitimi tamamland. Bavuru sahipleri arasndan seilen 25 kursiyer, tarmn gelien teknolojiye entegresinin yan sra sunulan veriler, bitki sal ve zararl haereler gibi ekonomik kayba neden olan olaylar nceden tahmin eden ve doru ekilde raporlayan Zirai nsansz Hava Arac (ZHA) eitimlerine cretsiz olarak katld. pek Yolu ile FSEM ortaklndaki ilk eitim olan organizasyonun sonunda katlmclara, Sivil Havaclk Genel Mdrl tarafndan yetkilendirilmi uu okulu olan Frat niversitesi Srekli Eitim Merkezi (FSEM) tarafndan e-devlet onayl katlm belgeleri verildi. pek Yolunda gerekletirilen katlm belgesi programna Elaz l zel daresi Genel Sekreter Yardmcs Dr. Murat Okubay, Frat niversitesi Rektr Yardmcs Prof. Dr. Soner zgen, FSEM Mdr Do. Dr. lyas Somunkran, Elaz l zel daresi Kltr ve Sosyal ler Mdr Mustafa Gr ve kursiyerler katld.",https://www.instagram.com/p/CjPgStZIQ_m/
2022-10-02,"[Tarih: 2022-10-02] pek Yolu aturanga Satran Turnuvas 15 - 16 Ekim 2022 pek Yolu Uluslararas ocuk ve Genlik almalar Merkezi Bavuru ve bilgi iin; elazig.tsf.org.tr 0530 252 73 23 Son bavuru tarihi 13 Ekim 2022, 17:00",https://www.instagram.com/p/CjOHAHqoG_p/
2022-09-23,"[Tarih: 2022-09-23] nsansz Hava Arac ile Zirai lalama Eitimi pek Yolunda Verilecek! Elaz Valilii, Elaz l zel daresi, Frat niversitesi ve pek Yolu Uluslararas ocuk ve Genlik almalar Merkezi i birliinde nsansz Hava Arac ile Zirai lalama Eitimi cretsiz olarak pek Yolunda verilecek olup eitim sonunda katlmclara Frat niversitesi Srekli Eitim Merkezi tarafndan Katlm Belgesi verilecektir. Sunduu byk avantajlar sebebiyle tm dnyada en ok tercih edilen tarmsal zmler arasnda yer alan Zirai nsansz Hava Arac (ZHA) eitimini almak iin profilde bulunan linke tkla, 27 Eylle kadar bavurunu yap, eitim alma ansn yakala! Zirai nsansz Hava Arac (ZHA)nn Avantajlar -Zirai nsansz hava aralar (ZHA) yetenekleri sayesinde mahsul retiminin artmasna, mahsuln incelenmesine, tarlalarn kontrol altnda tutulmasna yardmc olur. -Gelimi zellikleri ile ilalama plan yaplmasna ve ekim alanlarnda oluabilen sorunlarn giderilmesine katk salar. -htiyacnza gre seebileceiniz yksek znrlk sunan ZHAlar tarafndan sunulan veriler, bitki sal ve zararl haereler gibi ekonomik kayba neden olan olaylar nceden tahmin etmek ve doru ekilde raporlamak iin zm sunar. -ZHA operasyonlarn hzlca gerekletirir, gerek zamanl bilgiler salar. -Geleneksel yntemlere gre daha hassastr ve herhangi bir blm gzden karmanz nler.",https://www.instagram.com/p/Ci2slnooYGA/
2022-09-20,[Tarih: 2022-09-20] Yeni Haftaya Yeni Eitimle Merhaba Siirt'ten gelen 40 gen kardeimizle 4 gnlk 'Tarm Eitimi'miz balad.,https://www.instagram.com/p/Ciud2iKIbWc/
2022-09-18,[Tarih: 2022-09-18] Konaklama yerlerimizden eitim salonlarna karken biz,https://www.instagram.com/p/Cipn7dFoGCR/
2022-09-17,[Tarih: 2022-09-17] Atksz Bir Dnya in Elele Genlik ve Spor Bakanl'nn Ekolojik Okuryazarlk Eitimi iin merkezimizde 6 gndr misafir ettiimiz 81 ilden gelen genlik liderleri ve gnll genlik liderleri ile Dnya Temizlik Gn'nde sahaya inerek evre temizlii gerekletirdik,https://www.instagram.com/p/Cim2EaMIG70/
2022-09-16,[Tarih: 2022-09-16] alyoz biz ya 03:29 pek Yolu Uluslararas ocuk ve Genlik almalar Merkezi Ekolojik Okuryazarlk Eitimi,https://www.instagram.com/p/CijC1_io7oV/
2022-09-14,"[Tarih: 2022-09-14] Vloggerlar ok gzeldiniz Tekrar grmek zere, pek Yolu'ndan selamlar",https://www.instagram.com/p/CifNqbqoNVg/
2022-09-14,"[Tarih: 2022-09-14] Genlik ve Spor Bakanl'nn 81 ilden 263 katlmc ile pek Yolu'nda gerekletirdii ""Ekolojik Okuryazarlk Eitimi"" devam ediyor..",https://www.instagram.com/p/CifM18ao9DH/
2022-09-13,"[Tarih: 2022-09-13] Genlik ve Spor Bakanl'nn getiimiz hafta pek Yolu'nda dzenledii ""Vlog Uygulama Eitimi"" sonras anlurfa'dan gelen katlmc arkadalarmzn merkezimize zel ektikleri video klibi sizlerle paylayoruz. Eitim sonras gzel bir klip ortaya karan gen arkadalarmza teekkr ediyor, anlurfa'ya Elaz'dan selamlarmz iletiyoruz",https://www.instagram.com/p/CicpYsvongO/
2022-09-12,"[Tarih: 2022-09-12] Acaba Elaz'n suyundan m, havasndan m? Teknofest 2022, Roket Yarmas Orta rtifa Kategorisi Trkiye 3'ncs ve En yi Sunum dl pek Yolu Roket Takm",https://www.instagram.com/p/CiaCgAoIdiM/
2022-09-09,[Tarih: 2022-09-09] Gen 'Vlogger'lar pek Yolu'nda yetiiyor,https://www.instagram.com/p/CiSf652ofjg/
2022-09-06,[Tarih: 2022-09-06] Teekkrlerimizle...,https://www.instagram.com/p/CiLPAmgoywx/
2022-09-06,"[Tarih: 2022-09-06] Genlik ve Spor Bakanl'nn ""Vlog Uygulama Eitimi"" 28 ilden 130 gencin katlmyla 'nda devam ediyor..",https://www.instagram.com/p/CiKuiN6IUiF/
2022-09-04,"[Tarih: 2022-09-04] ""En yi Sunum dl"" pek Yolu Roket Takm",https://www.instagram.com/p/CiFgEIroRIG/
2022-09-04,"[Tarih: 2022-09-04] Dnyann en byk havaclk, uzay ve teknoloji festivali 'de 'Roket Yarmas Orta rtifa Kategorisi'nde ""Trkiye 3.'l dl"" ile ""En yi Sunum dl"" alan takmmza dln Ynetim Kurulu Bakan Bayraktar verdi.",https://www.instagram.com/p/CiFP_DDof1f/
2022-09-04,"[Tarih: 2022-09-04] PEK YOLU'NA FTE DL Roket Takmmz baarlarna bir yeni hikaye daha yazd... pek Yolu ocuk ve Genlik Vakf Roket Takmmz, dnyann en byk havaclk, uzay ve teknoloji festivali 'de 'Roket Yarmas Orta rtifa Kategorisi'nde ""Trkiye 3.'l dl"" ile ""En yi Sunum dl"" takmmza verildi. 2021 ylnda da yine ayn yarmada ikinci olarak ve en iyi takm ruhu dl alarak Elaz'mz gururlandran takmmz tebrik ediyor, baarlarnn devamn diliyoruz. Sadece ehrimizin ve blgemizin deil lkemizinde gururu olmaya devam edeceiz. Bu baarda emei geen paydalarmz, bata Cumhurbakanmz Sn. Recep Tayyip Erdoan olmak zere Elaz Valilii'ne, Elaz Belediyesi'ne, Elaz l zel daresi'ne, Frat niversitesi'ne ve Frat Kalknma Ajans'na kranlarmz sunarz.",https://www.instagram.com/p/CiFIe2UobMN/
2022-09-03,[Tarih: 2022-09-03] Samsun'da gerekletirilen 'de standmz ziyaret eden destekilerimiz Frat niversitesi Rektrmz Prof. Dr. Fahrettin Gkta hocamza ve Elaz Belediye Bakan Yardmcmz Nazif Bilginolu'na teekkr ediyoruz.,https://www.instagram.com/p/CiChmPcowVG/
2022-09-02,"[Tarih: 2022-09-02] Roket takmmz, dnyann en byk havaclk, uzay ve teknoloji festivali 'de yerini ald LOADING",https://www.instagram.com/p/CiAfiI8odW0/
2022-08-29,"[Tarih: 2022-08-29] Byk zaferler, yalnzca byk milletler tarafndan kazanlabilir! 30 Austos Zaferinin 100. yl dnmnde bata Gazi Mustafa Kemal Atatrk ve silah arkadalar olmak zere tm kahramanlarmz sayg, rahmet ve minnetle anyoruz. Zafer Bayrammz Kutlu Olsun.",https://www.instagram.com/p/Ch282IcIG3s/
2022-08-29,[Tarih: 2022-08-29] Elaz Belediye Bakanmz Sn. ahin erifoullar'na kymetli destekleri iin teekkr ederiz.,https://www.instagram.com/p/Ch2fJcoIDPl/
2022-08-22,"[Tarih: 2022-08-22] Frat niversitesi'nden bir grup rencimize Eurodesk ve Genler iin Avrupa Frsatlar, Europass CV ve Motivasyon Mektubu Hazrlama, ESC Gnlllk Programlar hakknda bilgilendirmelerde bulunduk.",https://www.instagram.com/p/ChjdBC4IicO/
2022-08-19,[Tarih: 2022-08-19] Genlik ve Spor Bakanl'nn projesi kapsamnda Hatay'dan ilimize gelen gen arkadalarmz merkezimizde misafir ederek faaliyetlerimiz hakknda bilgilendirmede bulunduk.,https://www.instagram.com/p/Chcp_BTIvPD/
2022-08-16,"[Tarih: 2022-08-16] Yeni Haftaya, Yeni Eitimle Merhaba Tarmsal rnlerin Yetitirilmesi, lenmesi ve Pazarlama Eitimi pek Yolu",https://www.instagram.com/p/ChUMtXDIedD/
2022-08-09,"[Tarih: 2022-08-09] Ekibimizin bir paras olmaya hazr msn? Gnll ekip arkadalar aryoruz! Eer sen de; -Avrupa Birlii projelerinde yer almak istiyorsan, -pek Yolunda, Avrupadan gelecek tam 100 Gen ile bir arada bulunmak istiyorsan, - Elaz'da ikamet ediyorsan, - Dijital aralar kullanabiliyorsan, - Esnek gnll alma modelini benimsiyorsan, - Temel dzeyde ngilizce biliyorsan, - 18-25 ya arasndaysan, - Ekip almasna uyumluysan, - Seyahat engelin yoksa, - Uluslararas alan bir takmn paras olmak istiyorsan, - Yaratclkta snr tanmyorsan, - letiim becerilerine gveniyorsan, te buras tam da sana gre! Bavuru formuna profilde bulunan linke tklayarak ulaabilirsiniz.",https://www.instagram.com/p/ChCMitkodW0/
2022-08-08,[Tarih: 2022-08-08] kapsamnda Aksaray ilimizde yaplan roket yarmasnda pek Yolu Roket Takmmz'n retmi olduu ve zgn olarak kulland aviyonik ve ayrlma sistemli roketi grevlerini baaryla yerine getirerek paratle gvenli bir ekilde iniini gerekletirmitir.,https://www.instagram.com/p/Cg_uhmmIYxL/
2022-08-08,"[Tarih: 2022-08-08] Genlik ve Spor Bakanl'nn ""Damla Gnlllk Hareketi"" kapsamnda lkemizin eitli illerinden ehrimize gelen genlerimizi merkezimizde arlayarak faaliyetlerimiz hakknda bilgilendirmelerde bulunduk.",https://www.instagram.com/p/Cg_pEy9ok-V/
2022-08-08,"[Tarih: 2022-08-08] pek Yolu Roket Takmmz, atn icra etmek zere Aksaray'da",https://www.instagram.com/p/Cg_T1HcoJaW/
2022-08-04,"[Tarih: 2022-08-04] 'Tarmsal rnlerin Yetitirilmesi, lenmesi ve Pazarlama Eitimi'nde 1. Grup; teorik eitimlerin ardndan, merkezimizde yetien tbbi ve aromatik bitkileri uygulamal olarak destilasyon ilemine tabi tuttular.",https://www.instagram.com/p/Cg1wbrHIQjj/
2022-08-03,[Tarih: 2022-08-03] limizde misafir ettiimiz Ahska Trkleri'nden bir grup soydamz olimpik okuluk parkurumuzda arlayarak geleneksel okuluk hakknda bilgilendirmelerde bulunduk.,https://www.instagram.com/p/Cgy9eo-IvAU/
2022-08-02,"[Tarih: 2022-08-02] Austos aynda drt grupta merkezimizde gerekleecek olan 'Tarmsal rnlerin Yetitirilmesi, lenmesi ve Pazarlama Eitimi'nde 1. Grup eitimlerine balad. Ukrayna'da savatan kurtarlarak Elaz'mzda misafir ettiimiz Ahska Trk' soydalarmzn ve yine ilimizde eitim gren uluslararas rencilerinde yer ald katlmc grubu, 4 gn boyunca hem teorik ve hemde uygulamal olarak eitimlerini almaya devam edecek. Baarlar diliyoruz",https://www.instagram.com/p/CgwHe_-oA0u/
2022-07-26,"[Tarih: 2022-07-26] pek Yolu'nda Eitimler Devam Ediyor Merkezimizde drt ayr tarihte gerekleecek 'Tarmsal rnlerin Yetitirilmesi, lenmesi ve Pazarlama Eitimi'ne bavurmak ve detayl bilgi almak iin profilde bulunan linke tkla",https://www.instagram.com/p/CgeeG0aIN4E/
2022-07-22,"[Tarih: 2022-07-22] Frat Kalknma Ajans tarafndan kadn ve gen istihdamnn desteklenmesi amacyla yrtlen ""TRB1 Blgesindeki Dezavantajl Kiilerin Gc Piyasasna Srdrlebilir Entegrasyonu Operasyonu"" 2. Ynlendirme Komitesi Toplants 'nda gerekletirildi.",https://www.instagram.com/p/CgUIHxWIHKp/
2022-07-21,[Tarih: 2022-07-21] Kablosuz alar ve iletiim alarnda mikroekonomik modelleme projelerindeki baarsyla uluslararas platformlarda tannan Ak Parti Bilgi ve letiimden Sorumlu Genel Bakan Yardmcs Sn. mer leri'nin katlmyla adl sylei 'nda gerekletirildi.,https://www.instagram.com/p/CgRsbUPo9wk/
2022-07-19,[Tarih: 2022-07-19] lim Yayma Cemiyeti'nden ocuklarmz merkezimizde arladk,https://www.instagram.com/p/CgMVANaIyEl/
2022-07-15,"[Tarih: 2022-07-15] O gece, gelecee ve zgrle akla koanlarn yolunda imdi milyonlarz. 'da demokrasi destan yazan aziz milletimizin her bir ferdini yrekten kutluyor, ehitlerimizi rahmet, gazilerimizi kranla anyoruz.",https://www.instagram.com/p/CgBnaP-IaAT/
2022-07-13,[Tarih: 2022-07-13] pek Yolu Roket takmmz son aama olan Ata Hazrlk Raporunu da baarl bir ekilde geerek finalist takm olmay baarmtr. At yolculuunda takmmza baarlar diliyoruz.,https://www.instagram.com/p/Cf9LMQ6opjK/
2022-07-07,"[Tarih: 2022-07-07] Geen hafta An'da gerekletirilen ""Dou'nun lk Motosiklet Festivali"" 'in deerlendirme toplants 'nda yapld.",https://www.instagram.com/p/Cfubuo0oVDc/
2022-07-07,"[Tarih: 2022-07-07] Elaz Dernekler Federasyonu (ELFED) Bakan Kazm Gkhan Elgin, ynetim kurulu yeleri ve Elaz zel daresi Genel Sekreteri Ali i merkezimizi ziyaret ederek yaplan faaliyetler hakknda bilgi aldlar.",https://www.instagram.com/p/CfuVIllo66j/
2022-07-06,[Tarih: 2022-07-06] Bi' maallahnz alrz pek Yolu'nda yetitirdiimiz cinsi ileklerimiz..,https://www.instagram.com/p/CfqzwlGou45/
2022-07-06,[Tarih: 2022-07-06] Elaz l zel daresi Spor Kulb'nn kapsamnda balatt kursu 'nda devam ediyor...,https://www.instagram.com/p/Cfqr8FyomLs/
2022-07-06,[Tarih: 2022-07-06] pek Yolu Rocket Team,https://www.instagram.com/p/CfqOx7Ropxp/
2022-07-04,"[Tarih: 2022-07-04] ""Elazn Hafzlar Gelecein Yldzlar"" projesi kapsamnda Elaz Hafz mam Hatip Ortaokulu rencilerini 5 gnlk eitim programnda merkezimizde arladk",https://www.instagram.com/p/CflqVY3oBvg/
2022-07-01,[Tarih: 2022-07-01] 6. GRUP TRB1 Blgesi Tarmsal ve Krsal Kalknmada Kadn ve Genlik Katlm Projesi kapsamnda 'Gen ifti Destek Program'nda tesisimizde arladmz katlmclarla yaptmz Tbbi Aromatik Bitki Eitimimiz sona erdi,https://www.instagram.com/p/CfeOLlCI9kz/
2022-06-29,[Tarih: 2022-06-29] Repost : Katklar iin pek Yolu Uluslararas ocuk ve Genlik almalar Merkezi'ne kranlarmz sunuyoruz.,https://www.instagram.com/p/CfZvDXSotsl/
2022-06-28,[Tarih: 2022-06-28] pek Yolu'nu ziyarete gelen Malatya Alperen Ocaklar'ndan genlerimizi tesisimizde misafir ettik.,https://www.instagram.com/p/CfWUXvgIDKI/
2022-06-27,"[Tarih: 2022-06-27] 1-2-3 Temmuz tarihlerinde irin ilemiz 'da yaplacak olan ""Dou'nun lk Motosiklet Festivali"" 'nin son organizasyon kurulu toplants merkezimizde yapld. olarak bizlerde 'te yerimizi alacamz bildiriyor, tm hemehrilerimizi Dou'nun lk Motosiklet Festivali'ne An'a bekliyoruz",https://www.instagram.com/p/CfUYn6coe92/
2022-06-27,"[Tarih: 2022-06-27] Motosikleti ile dnya turuna kan Avusturyal Drazen Vrzan, (TMF) Trkiye Motosiklet Federasyonu'nun ynlendirmesi ile 'nu ziyaret etti. Elazllarn ok cana yakn ve misafirperver olduunu, kendisinin biliim alannda altn ve Avrupa'da byle bir merkez grmediini, pek Yolu'nu ok beendii ifade eden Drazen, ziyaretin ardndan ran'a doru yola kt.",https://www.instagram.com/p/CfUOYj7IwQ4/
2022-06-25,[Tarih: 2022-06-25] l zel daresi Spor Kulb ile ortaklaa gereketireceimiz Uygulamal nsansz Hava Aralar Eitimi 3D Yazc Eitimi Robotik Kodlama eitimleri balad. Kayt ve iletiim iin 0 (537) 575 49 36,https://www.instagram.com/p/CfOo5u2Iqcn/
2022-06-24,"[Tarih: 2022-06-24] Genlik ve Spor Bakanl'nn ""Biz Anadoluyuz"" projesi kapsamnda Hatay'dan ilimize gelen genlerimizi 'nda arlayarak faaliyetlerimizden bahsettik.",https://www.instagram.com/p/CfMIdvoohGY/
2022-06-24,[Tarih: 2022-06-24] Diyarbakrda dzenlenen Eurodesk Blgesel Bilgilendirme Toplantsna katldk.,https://www.instagram.com/p/CfMDFoFo6zH/
2022-06-23,[Tarih: 2022-06-23] Frat Auv nsansz Su Alt takmmza bir sonra ki aamada baarlar dileriz,https://www.instagram.com/p/CfKIoPnICr3/
2022-06-23,[Tarih: 2022-06-23] pek Yolu Genlik ve Spor Bakanl - UNICEF i birlii ile Sosyal Uyum ve Genlik Katlm Projesi ''Mahalle Destek ve Gnlllk altay'' 25 katlmc il,https://www.instagram.com/p/CfJT1b2Iwd8/
2022-06-22,"[Tarih: 2022-06-22] Bavurular devam ediyor! Ekibimizin bir paras olmaya hazr msn? Gnll ekip arkadalar aryoruz! Eer sen de; - Elaz'da ikamet ediyorsan, - Dijital aralar kullanabiliyorsan, - Esnek gnll alma modelini benimsemisen, - yi derecede ngilizce biliyorsan, - 18-25 ya arasndaysan, - Ekip almasna uyumluysan, - Seyahat engelin yoksa, - Uluslararas alan bir takmn paras olmak istiyorsan, - Yaratclkta snr tanmyorsan, - letiim becerilerine gveniyorsan, - Gnlllk benim kanmda var diyorsan, te buras tam da sana gre! Bavuru formuna profilde bulunan linke tklayarak ulaabilirsiniz..",https://www.instagram.com/p/CfHMCjgo3F2/
2022-06-22,[Tarih: 2022-06-22] Diyarbakrda dzenlenen Eurodesk Blgesel Bilgilendirme Toplantsnn 2. gn Genlik alan Yetkinlikleri oturumu ile devam ediyor.,https://www.instagram.com/p/CfGy8eqo-DL/
2022-06-22,[Tarih: 2022-06-22] pek Yolu Fark Yaratmaya Devam Ediyor Tesisimiz tarm alannda yetitirdiimiz ve 'dan oluan yaklak 12bin adet tbbi aromatik bitki fidesini Bingl Belediyesi aracl ile Bingll hemehrilerimizle buluturduk,https://www.instagram.com/p/CfGxtj0oh1O/
2022-06-21,[Tarih: 2022-06-21] Frat Auv nsansz Su Alt aracnn prototip bask retimini tamamladk,https://www.instagram.com/p/CfDnfluoU8I/
2022-06-20,[Tarih: 2022-06-20] l zel daresi Spor Kulb ile ortaklaa gerekletirdiimiz Satran Kursu 'nda start ald,https://www.instagram.com/p/CfBrF2_o74x/
2022-06-18,[Tarih: 2022-06-18] Avrupa Frsatlar Seminerimizin ikinci gnn tamamladk.,https://www.instagram.com/p/Ce9KqMFoHoT/
2022-06-18,[Tarih: 2022-06-18] Uluslararas Ticareti Eletirme Platformu (UTEP)'in toplants merkezimizde gerekletirildi.,https://www.instagram.com/p/Ce8cf-tIZ0R/
2022-06-17,[Tarih: 2022-06-17] Eurodesk Trkiye Temas Noktas olarak ortakl ile Avrupa Frsatlar Seminerinin birinci gnn tamamladk.,https://www.instagram.com/p/Ce6yCKGoPK6/
2022-06-15,[Tarih: 2022-06-15] pek Yolu Roket Takm olarak katlacamz Roket Yarmasnda yaracak roketimizin uu kontrol bilgisayarn zgn ve yerli olarak Frat Kalknma Ajansmzn desteiyle rettik. Hayrl Olsun,https://www.instagram.com/p/Ce1EaiJIpMg/
2022-06-15,[Tarih: 2022-06-15] pek Yolu Viyana ofisimiz faaliyetlerine devam ediyor.. 11 Temmuz'da tarihi ve kltrel aktivitelerimizle Viyanadayz..,https://www.instagram.com/p/Ce03lIsoIQv/
2022-06-15,[Tarih: 2022-06-15] Periler Drone Takmmz almalar kapsamnda zgn olarak tasarlad pek Bcei nsansz Hava Aracnn retimine balad.,https://www.instagram.com/p/Ce0UauPIeUF/
2022-06-14,"[Tarih: 2022-06-14] pek Yolu Roket Takmmz, yolunda aamalar bir bir gemeye devam ediyor...",https://www.instagram.com/p/CeyRD0joRl9/
2022-06-11,"[Tarih: 2022-06-11] pek Yolu, anl Mehmetik ile Ele Ele Karakoan le Jandarma Komutanl bahesine merkezimizde yetitirdiimiz tbbi ve aromatik bitki fidelerimizi dikerek retim ve bakm konusunda tecrbelerimizi paylatk",https://www.instagram.com/p/Ceq-NiOIsCA/
2022-06-10,"[Tarih: 2022-06-10] pek Yolu'nun Ziyaretileri Sryor Bugnk misafirlerimiz Yedi nar Okullar'ndan kk kardelerimiz oldu. pek Yolu'nu tanmak, gezmek ve grmek isteyen miniklerimizin bamzn stnde yeri var",https://www.instagram.com/p/CenrAyPom8d/
2022-06-09,[Tarih: 2022-06-09] Minik Kalpler Anaokulu'ndan miniklerimizi merkezimizde arladk,https://www.instagram.com/p/CelmPqxoYQ5/
2022-06-08,[Tarih: 2022-06-08] Elaz Ortaokulu'ndan rencilerimizi misafir ettik,https://www.instagram.com/p/CejJ3nAIL8_/
2022-06-07,"[Tarih: 2022-06-07] Tbbi ve Aromatik Bitki Eitimi'ne katlmak iin PROFLDE BULUNAN BALANTIYA TIKLA, bavurunu yap! Eitim Tarihi: 21-24 Haziran",https://www.instagram.com/p/CegCfpbIuoj/
2022-06-04,"[Tarih: 2022-06-04] pek Yolu'nun misafirleri Frat niversitesi Yabanc Dil Topluluu Danman hocalar ile birlikte bizleri ziyarete gelen topluluk yelerine yapmakta olduumuz faaliyetlerimizin sunumunun ardndan merkezimizde yrtmekte olduumuz ""Hi Para Harcamadan Avrupa'da 1 Yl"" konulu programmzn tantmn yapp gnlllk hareketleri ile ilgili bilgilendirmeler yaptk. Ardndan baarl bir etkinlii gerekletirmeyi ihmal etmedik",https://www.instagram.com/p/CeZk-d2odhh/
2022-06-02,"[Tarih: 2022-06-02] Ekibimizin bir paras olmaya hazr msn? Gnll ekip arkadalar aryoruz! Eer sen de; - Elaz'da ikamet ediyorsan, - Dijital aralar kullanabiliyorsan, - Esnek gnll alma modelini benimsemisen, - yi derecede ngilizce biliyorsan, - 18-25 ya arasndaysan, - Ekip almasna uyumluysan, - Seyahat engelin yoksa, - Uluslararas alan bir takmn paras olmak istiyorsan, - Yaratclkta snr tanmyorsan, - letiim becerilerine gveniyorsan, - Gnlllk benim kanmda var diyorsan, te buras tam da sana gre! Son bavuru tarihi: 10/06/2022 Bavuru formuna profilde bulunan linke tklayarak ulaabilirsiniz..",https://www.instagram.com/p/CeTfrtJoC2i/
2022-06-02,[Tarih: 2022-06-02] Bugnk misafirlerimiz Yunus Emre lkokulu'ndan miniklerimiz,https://www.instagram.com/p/CeTK24ZIt-b/
2022-05-31,"[Tarih: 2022-05-31] Elaz Ortaokulu'ndan rencilerimizi merkezimizde arlayarak verimli bir almay geride braktk. Program sonrasnda Robotik kodlamadan, sabun retimine kadar bir ok konuda fikir sahibi olan miniklerimizi yeniden bir araya gelme szyle snflarna uurladk",https://www.instagram.com/p/CeOcPRNo27O/
2022-05-31,"[Tarih: 2022-05-31] ""TRB1 Blgesi Dezavantajl Kiilerin Gc Piyasasna Srdrlebilir Entegrasyonu Operasyonu"" program Valimiz Sn. Dr. mer Toraman, FKA Genel Sekreteri Dr. Abdulvahap Younlu, l zel daresi Genel Sekreter Yardmcs Dr. Murat Okubay, Takm Lideri Willem Kolthof ve davetlilerin katlmlaryla 'nda yapld.",https://www.instagram.com/p/CeOPGCHoBy5/
2022-05-29,[Tarih: 2022-05-29] 'nin 569. yl etkinlikleri kapsamnda Trk Eitim-Sen Elaz ubesi tarafndan gerekletirilen 'na olimpik okuluk tesisimizi aarak ev sahiplii yapmaktan mutluluk duyduk.,https://www.instagram.com/p/CeJRXQLo5yN/
2022-05-28,[Tarih: 2022-05-28] Eitimlerimiz kapsamnda 3D Yazc Eitimi lise gruplarmz ile devam ediyor.. #,https://www.instagram.com/p/CeGOsB2ISfP/
2022-05-27,[Tarih: 2022-05-27] Yunus Emre lkokulu'ndan gelen miniklerimizle beraber merkezimizi gezdikten sonra tarm ve temel trafik eitimimizi gerekletirerek mutlu ve verimli bir gn geride braktk,https://www.instagram.com/p/CeD4_0Bo4lY/
2022-05-27,[Tarih: 2022-05-27] Yunus Emre lkokulu'ndan miniklerimiz misafirimiz,https://www.instagram.com/p/CeDcsGbImi7/
2022-05-25,[Tarih: 2022-05-25] Tbbi ve Aromatikler Bitkiler Eitimi'nde 3. grubumuz bugn eitim almaya balad. Baarlar diliyoruz,https://www.instagram.com/p/Cd-ZYRfMCNV/
2022-05-25,"[Tarih: 2022-05-25] Ekibimizin bir paras olmaya hazr msn? Gnll ekip arkadalar aryoruz! Eer sen de; - Elaz'da ikamet ediyorsan, - Dijital aralar kullanabiliyorsan, - Esnek gnll alma modelini benimsemisen, - yi derecede ngilizce biliyorsan, - 18-25 ya arasndaysan, - Ekip almasna uyumluysan, - Seyahat engelin yoksa, - Uluslararas alan bir takmn paras olmak istiyorsan, - Yaratclkta snr tanmyorsan, - letiim becerilerine gveniyorsan, - Gnlllk benim kanmda var diyorsan, te buras tam da sana gre! Bavuru formu iin profildeki balantya tkla. Son bavuru tarihi: 01/06/2022",https://www.instagram.com/p/Cd-TIx4sr7T/
2022-05-24,"[Tarih: 2022-05-24] Teknoloji Eitimlerimiz Devam Ediyor... pek Yolu'nda uygulamal ""3D Yazc Kullanm Eitimi"" Bavuru iin profilde bulunan linke tklayabilirsin Son bavuru tarihi 27 Mays",https://www.instagram.com/p/Cd8KwNXIxUu/
2022-05-24,"[Tarih: 2022-05-24] ocuk ve genlerimiz iin yaz spor okulu kaytlarmz balad. pek Yolu Uluslararas ocuk ve Genlik almalar Merkezi'nde Elaz l zel daresi Spor Kulb tarafndan gerekletirilecek, Satran Binicilik ve Okuluk eitimleri iin irtibat numaras 0 537 575 49 36",https://www.instagram.com/p/Cd7tfUKoTHU/
2022-05-23,[Tarih: 2022-05-23] Avrupa'nn en by pek Yolu Uluslararas ocuk ve Genlik almalar Merkezi'ni ziyarete gelen mam Efendi Kz Anadolu mam Hatip Lisesi rencileri Elaz Milletvekilimiz Sn. ile bir araya gelerek merkezimiz ve faaliyetleri hakknda sohbet ettiler.,https://www.instagram.com/p/Cd5uK0JIF70/
2022-05-23,"[Tarih: 2022-05-23] Elaz Milletvekilimiz Sn. , merkezimizde incelemelerde bulunarak l zel daresi Genel Sekreter Yardmcs Dr. Murat Okubay'dan merkezin faaliyetleri hakknda bilgi ald.",https://www.instagram.com/p/Cd5q3FeI8jr/
2022-05-23,"[Tarih: 2022-05-23] Elaz Milletvekilimiz Sn. , merkezimizde gerekleen Tbbi ve Aromatik Bitki Eitimini baaryla tamamlayan katlmclara sertifikalarn takdim ederek baar dileklerini iletti.",https://www.instagram.com/p/Cd5og7UoISF/
2022-05-22,[Tarih: 2022-05-22] 3. GN | 2. grup katlmclarmz uygumal tarm eitiminin ardndan sabun yapmay reniyorlar,https://www.instagram.com/p/Cd2zuRfI9kz/
2022-05-20,"[Tarih: 2022-05-20] Tarmsal ve Krsal Kalknmada Kadn ve Genlik Katlm Projesi kapsamnda, Tbbi ve Aromatik Bitki Yetitiricilii Eitimi 2. Grup eitimlerimiz balad.",https://www.instagram.com/p/Cdx4b9FoZUU/
2022-05-19,[Tarih: 2022-05-19] Elaz Genlik Merkezi'nden gelen ocuklarmz ile teorik ilek ekimi eitiminden sonra uygulamal olarak kampsmz ierisine ilek ektik. Srpriz olarakta dier ilek fidelerini ailelerine gtrmek zere miniklerimize teslim ettik,https://www.instagram.com/p/CdvezjIoLhF/
2022-05-17,"[Tarih: 2022-05-17] pek Yolu'nda Eitimler Sryor 15-18 ya lise kategorisinde ""Robotik Kodlama Eitimi"" merkezimizde gerekletirildi.",https://www.instagram.com/p/CdqJRffo5Kw/
2022-05-16,"[Tarih: 2022-05-16] Frat Kalknma Ajans'nn destekleriyle almalarna devam eden 'pek Yolu Roket Takm'mz, zgn uu kontrol kartlarnn tasarm almalarn tamamladlar. Ayrca roketler iin zel AR-GE almalar yapan takmmza baarlar dileriz.",https://www.instagram.com/p/CdnquKJIuGH/
2022-05-13,"[Tarih: 2022-05-13] limiz Hseynik Mahallesi'nde yaplacak olan 'ocuk Trafik Eitim Park' protokol Valimiz Sn. Dr. mer Toraman, Belediye Bakan Yardmcmz Sn. Nazif Bilginolu, l zel daresi Genel Sekreterimiz Sn. Ali i ve ilgili kurum amirlerinin katlm ile 'nda yapld.",https://www.instagram.com/p/CdgQsDxIn4d/
2022-05-13,[Tarih: 2022-05-13] Bugn Naide Karakaya lkokulu'ndan ziyaretilerimiz vard. 'nda ve ekipleri tarafndan teorik ve uygulamal olarak 'Temel Trafik Eitimi' alan kk kardelerimiz eitim sonunda olmann sevincini doyasya yaadlar,https://www.instagram.com/p/CdgOHqUIXzm/
2022-05-13,[Tarih: 2022-05-13] Valimiz Sn. Dr. mer Toraman bakanlnda kurul yelerinin katlm ile l Tantm ve Gelitirme Kurulu Toplants 'nda yapld.,https://www.instagram.com/p/CdgIjLSoPTF/
2022-05-13,"[Tarih: 2022-05-13] TRB1 Blgesi Tarmsal ve Krsal Kalknmada Kadn ve Genlik Katlm Projesi'nde baarl olan 1. grup katlmclarmz ""Tbbi Aromatik Bitki Yetitiricilii Eitimi"" sertifikalarn Valimiz Sn. mer Toraman ve Belediye Bakanmz Sn. ahin erifoullar'ndan aldlar.",https://www.instagram.com/p/CdgGbR7oK1i/
2022-05-13,"[Tarih: 2022-05-13] Naide Karakaya lkokulu'ndan miniklerimiz, temel trafik eitimi iin 'nda misafirimiz",https://www.instagram.com/p/CdfTf8EIEmV/
2022-05-12,"[Tarih: 2022-05-12] ""Tarmsal ve Krsal Kalknmada Kadn ve Genlik Katlm Projesi"" kapsamnda Elaz, Malatya, Bingl ve Tunceli'den gelen 1. grup katlmclarmzn 'Tbbi Aromatik Bitki Yetitiricilii Eitimi' uygulamalar 3. gnnde devam ediyor..",https://www.instagram.com/p/CddPqCUose7/
2022-05-11,[Tarih: 2022-05-11] Teknoloji Eitimlerimiz Balyor! 1. Grup pek Yolu bnyesinde gelitirdiimiz elektronik gelitirme kartlarmzla Robotik Kodlama eitimleri balyor! Eitim iin profilde bulunan linke tklayarak kayt yaptrabilirsin. Son bavuru tarihi 15 Mays,https://www.instagram.com/p/CdbAnUqI8fm/
2022-05-11,"[Tarih: 2022-05-11] TRB1 Blgesi Tarmsal ve Krsal Kalknmada Kadn ve Genlik Katlm Projesi kapsamnda Elaz, Malatya, Bingl ve Tunceli'den gelen 1. grup katlmclarmz ile eitimin ikinci gnnde uygulamal olarak ""Tbbi Aromatik Bitki Yetitiricilii Eitimi"" Tarmsal Kuluka Koordinatrlmz tarafndan verilmeye devam ediyor..",https://www.instagram.com/p/Cda2pWYIRAI/
2022-05-10,"[Tarih: 2022-05-10] Elaz, Malatya, Bingl ve Tunceli'den gelen katlmclarmz ile birinci grubumuzun ilk gnk teorik eitimlerini tamamladk. 4 gn boyunca 'nda misafirimiz olacak katlmclarmza uygulamal eitimlerde imdiden baarlar diliyoruz",https://www.instagram.com/p/CdYYu6jImdh/
2022-05-09,"[Tarih: 2022-05-09] 'ye hazrlanyoruz! roket yarmasnda harikalar yaratarak ikincilik kazanan ve en iyi takm ruhu dl ile 'a dnen pek Yolu Roket Takmmz, 'de de yarabilmek iin kritik tasarm raporunu baarl bir ekilde gndermitir. Takmmza Teknofest yolculuunda baarlar diliyoruz.",https://www.instagram.com/p/CdVkr0TIViB/
2022-05-06,"[Tarih: 2022-05-06] l zel daresi Genel Sekreter Yardmcs Dr. Murat Okubay, 7 Mays cumartesi gn saat 21:00'de Kanal 23 ekranlarnda Esra Ser'in sunduu programnn canl yayn konuu olacak. pek Yolu Uluslararas ocuk ve Genlik almalar Merkezi'nin konuulaca program izlemeniz dileiyle...",https://www.instagram.com/p/CdOer6BohX7/
2022-05-06,"[Tarih: 2022-05-06] pek Yolu Uluslararas ocuk ve Genlik almalar Merkezi'nden iftilerimize bir destek daha! TRB1 Blgesi Tarmsal ve Krsal Kalknmada Kadn ve Genlik Katlm Projesi kapsamnda ""Gen ifti Destek Program"" hayata geiyor. pek Yolu'nda yetitirilen 3 milyon tbbi ve aromatik bitki fidesi iftilerimize cretsiz bir ekilde verilecek. Merkezimizde deneyimli eitimcilerimiz tarafndan alnan uygulamal eitimin ardndan nane, sar kantaron, lavanta, adaay, papatya ve kekik olmak zere 3 milyon fide iftilerimize datlacak. farkl tarihte cretsiz bir ekilde verilecek eitimlere katlmak iin PROFLDE BULUNAN BALANTIYA TIKLA, bavurunu yap, eitimlere katlma ans yakala!",https://www.instagram.com/p/CdN1DDHI8uN/
2022-05-05,"[Tarih: 2022-05-05] Sahip olduu bitki rtsyle birok ku trne ev sahiplii yapan pek Yolu'nda eitim alan genlerimiz, kampsmz ierisinde yer alan aalara kendi yaptklar ku evlerini asarak birlikte doay paylatmz dostlarmz unutmadlar. Emeinize salk, teekkr ediyoruz",https://www.instagram.com/p/CdK17Z0oI0_/
2022-04-28,"[Tarih: 2022-04-28] 'pek Yolu Tarm rnleri Alan'nda yetitirdiimiz 'lar iek at Aronya'da ne dediinizi duyar gibiyiz. Bakalm aronya neymi? Aronya meyvesi grn itibariyle orman meyvelerine benzemektedir. Kansere kar etkisi ile tannan Aronya meyvesi lkemizde de yetitirilmektedir. Aronya meyvesi bakl artrr, enfeksiyonlarn tedavisinde kullanlr. En yksek C Vitamini ve antioksidan kayna olan aronyann ana vatan Kuzey Amerika'dr ve bu bitki, eskiden Kzlderililer tarafndan souk algnl tedavisinde kullanlmtr. Sper meyve olarak adlandrlan aronya, kandaki kolesterol seviyesini dengede tutarak damar tkanklnn ve pht oluumunun nne geer. Kan damarlarn glendirmeye yardmc olur. Ayn zamanda aronya meyvesi, saman nezlesi, sinzit ve astm semptomlarn hafifletmektedir. ARONYA MEYVES NASIL TKETLR? Kk ve siyaha yakn mor aronya meyvelerini taze tketmenin yannda meyve suyunu, tozunu, reelini de damak tadnza gre ekillendirerek tketebilirsiniz. KANSER RSKN AZALTIYOR Metabolik sendrom ve benzeri etkilerle damar tkanklna kar etkisinin 2 ay gnde 3er bardak kullanmla ortaya kt ve ciddi risk azaltt; insan vcudunda damar tkankl tehdidini arttran faktrleri azaltt gsterilmitir. Laboratuvarda hcre kltrleri almalarnda ve hayvan deneylerinde kanser hcresi artn durmasn salayan meme, kaln barsak, kemik ilii kanseri ve akcier kanseri dokusunda antosiyanin miktarnn ok zengin olmas sebebiyle; kanser hcresi sinyalizasyonunu bozar.",https://www.instagram.com/p/Cc5A7ikoP7X/
2022-04-26,[Tarih: 2022-04-26] Yukar kmak iin nmzde ok basamak olabilir! Basamaklarn saysn ciddiye almadan koar admlarla hedeflerimize yryoruz.,https://www.instagram.com/p/Ccz3ICRo0XZ/
2022-04-23,"[Tarih: 2022-04-23] Frat Kalknma Ajansmzn desteiyle pek Yolu ocuk ve Genlik Merkezi, Elazda iftilerimizin tarm arazilerini drone ile cretsiz ilalad. Trkiyeye rnek bu proje iin tebrikler",https://www.instagram.com/p/CctP8auI2Rg/
2022-04-21,"[Tarih: 2022-04-21] 2022 yln olarak kutluyoruz. Bu kapsamda genleri desteklemek, onlar karar alma srelerine dhil etmek, genlerle birlikte olmak gibi pek ok farkl giriimde bulunacaktr. Avrupa genlii bir arada ve daha gl.",https://www.instagram.com/p/Ccn2hKTIvqA/
2022-04-21,"[Tarih: 2022-04-21] ''TRB1 Blgesi Tarmsal ve Krsal Kalknmada Kadn ve Genlik Katlm'' projesi kapsamnda tesisimize kazandrlan topraksz tarm ekipmanlarmz ile ilek retimine baladk. Oturduumuz yerden deil, altmz yerden retmeye devam ediyoruz",https://www.instagram.com/p/Ccm8vcIIeOi/
2022-04-16,[Tarih: 2022-04-16] Pincirik'ten gnaydn bizimki yine i banda,https://www.instagram.com/p/CcZ2EPhoWt4/
2022-04-15,[Tarih: 2022-04-15] Detaylar ok yaknda Bizi takip etmeye devam edin,https://www.instagram.com/p/CcYQO60qNmz/
2022-04-15,[Tarih: 2022-04-15] Detaylar ok yaknda Bizi takip etmeye devam edin,https://www.instagram.com/p/CcYQOlwqG4I/
2022-04-15,[Tarih: 2022-04-15] Detaylar ok yaknda Bizi takip etmeye devam edin,https://www.instagram.com/p/CcYQL5Aq4w4/
2022-04-15,"[Tarih: 2022-04-15] ZHA alr, biz eker Maden ve Sivrice'de bugn 50 dnmlk alanda ilalama yapan zirai drone'umuz (ZHA)'dan bir kare",https://www.instagram.com/p/CcX5R1OICH-/
2022-04-15,[Tarih: 2022-04-15] ZHA'nn bugnk dura Maden'in Yldzhan Ky,https://www.instagram.com/p/CcXdyNVofxK/
2022-04-14,"[Tarih: 2022-04-14] 'y gren iftimiz Seydili Ky, Palu, Elaz",https://www.instagram.com/p/CcVqHcqo4nC/
2022-04-14,"[Tarih: 2022-04-14] ZHA'nn imdi ki rotas Kovanclar Yazba, Kovanclar",https://www.instagram.com/p/CcU2vVyIw6P/
2022-04-13,"[Tarih: 2022-04-13] ZHA Grev Banda pek Yolu Uluslararas Genlik ve ocuk almalar Merkezi tarafndan Trkiyede ilk defa, bnyesinde bulundurduu drone ile tarm arazileri ilaland. iftilerin hizmetine cretsiz bir ekilde sunulan proje, ilk etapta kent merkezi ve ilelerinde uygulanmaya balad. Elaz Valilii, Elaz Belediyesi, Frat niversitesi, l zel daresi, ve Frat Kalknma Ajans'nn destekleriyle balatlan proje, iftilerin hizmetine cretsiz bir ekilde sunuldu. 20 litre ila tama kapasitesi bulunan ZHA, saatte 120 dnm ilalama yaparak verimin arttrlmasnda byk rol oynuyor. Sarubuk Ky",https://www.instagram.com/p/CcTK2HCo6b1/
2022-04-10,[Tarih: 2022-04-10] pek Yolu Uluslararas ocuk ve Genlik almalar Merkezimiz iftilerimizin ilalama faliyetlerini drone ile cretsiz destekleyecek. Tm hazrlklarmz tamamladk. Yaknda balyoruz.,https://www.instagram.com/p/CcLl1_bI8Ik/
2022-04-08,[Tarih: 2022-04-08] Eurodesk Trkiye Temas Noktas olarak hizmet vermeye balyoruz. Balang eitimimizi tamamladk. ok yaknda etkinliklerimiz genlerle!,https://www.instagram.com/p/CcGD_4SoHoR/
2022-04-07,"[Tarih: 2022-04-07] Tarmsal faaliyetler konusunda her ay farkl bir eitim kolunda kaplarn katlmclara aan pek Yolu Uluslararas Genlik ve ocuk almalar Merkezinde bu ayki eitim faaliyetimiz Toprak Bakm ve Seraclk olacak. Nisan aynda farkl tarihte yaplacak olan eitimlere profildeki linke tklayarak bavuru yapabilirsiniz. Bekliyoruz Eer genliin ruhunu tarm yaplmayan bir tarla gibi kendi haline brakrsanz, orada srgan ve dikenler yetiir. Grigory Petrov",https://www.instagram.com/p/CcDJTIRII7t/
2022-04-07,[Tarih: 2022-04-07] Eurodesk Akreditasyon Eitimindeyiz.,https://www.instagram.com/p/CcCl0aLoEFI/
2022-04-01,[Tarih: 2022-04-01] pekyolu Uluslararas ocuk ve Genlik almalar Merkezimizde sezon ald... Tarm Alan koordinatrl bnyesinde tarm alanlarmz yabanc otla n mcadele almalarna balad...,https://www.instagram.com/p/CbzyrjXIroC/
2022-03-31,"[Tarih: 2022-03-31] Frat Kalknma Ajansnn koordinasyonunda ""klim Deiiklii Odanda Krsal Kalknma stiare"" Toplants dzenlendi. Toplantda: Krsal kalknma alannda yaplanlar faaliyetler Blgemizde meydana gelen iklim deiimleri deerlendirildi.",https://www.instagram.com/p/CbxbDUMoetm/
2022-03-31,[Tarih: 2022-03-31] Proje Dngs ve Ynetimi Eitiminde genler Takm almas uygulamas ile ikinci gnne balad.,https://www.instagram.com/p/CbwtVQioEE3/
2022-03-30,[Tarih: 2022-03-30] Proje Dngs ve Ynetimi Eitimimiz balad,https://www.instagram.com/p/CbufSYGoeIR/
2022-03-29,[Tarih: 2022-03-29] pekyolu Uluslararas ocuk ve Genlik almalar Merkezi bnyesindeki tarm alannda 3 milyon tbbi aromatik fide datm iin tohum ekimini tamamladk.,https://www.instagram.com/p/CbsPEp5o9Jb/
2022-03-28,[Tarih: 2022-03-28] lk aamay baarl bir ekilde geen ipek yolu roket takmmz tebrik ederiz.,https://www.instagram.com/p/Cbo6kLZojnk/
2022-03-27,"[Tarih: 2022-03-27] Tesisimiz ev sahipliinde tarafndan dzenlenen hackathona katlan tm adaylara teekkr ederiz. Hackathon boyunca kodlayarak zm reten,mobil uygulama gelitiren ve dereceye giren developer adaylarn tebrik ederiz.",https://www.instagram.com/p/Cbnq_3PoHva/
2022-03-26,[Tarih: 2022-03-26] Kavramsal tasarm raporunu baarl bir ekilde geen periler drone takmmza baarlar dileriz.,https://www.instagram.com/p/CblFr_NIwY_/
2022-03-26,[Tarih: 2022-03-26] Hackathon etkinliinin ilk gn balad. Takmlara baarlar dileriz,https://www.instagram.com/p/CbkCVQ3IS-9/
2022-03-26,"[Tarih: 2022-03-26] Merkezimizde tohum ekim almalar, arazi bakm, budama almalarmz dzenli olarak devam etmektedir. Takipte Kaln...",https://www.instagram.com/p/CbjudZnolfa/
2022-03-25,"[Tarih: 2022-03-25] Eurodesk, genler iin eitim ve genlik alanlarndaki Avrupa frsatlar ve genlerin Avrupa faaliyetlerine katlm hakknda bilgi salayan Avrupa Bilgi Adr. 35 Avrupa lkesinde faaliyette bulunan Eurodesk Bilgi A, lkemizde de Trk Ulusal Ajans bnyesinde 2008 ylndan bu yana faaliyetlerini srdrmektedir. Eurodesk hizmetleri unlar ierebilir: cretsiz soru yantlama hizmeti (e-posta ile, faks ile, telefonla, ziyaretle), Soru sahiplerine neri ve yardm hizmetleri, Fonlarla ilgili Avrupa bilgisine internet eriimi salanmas, Eitimler dzenlenmesi ve destek hizmetleri, Konferanslar, seminerler ve dier etkinliklerin dzenlenmesi, Kaynak materyallerin baslmas ve datlmas, Genlik Program ile ilgili bilgilerin yaygnlatrlmas. lkemizde Eurodesk Temas Noktas olarak hizmet veren 106 kurum ve kurulu bulunmaktadr. pek Yolu Uluslararas ocuk ve Genlik almalar Merkezimiz artk Eurodesk Trkiye Temas Noktas olarak hizmet vermeye balayacaktr.",https://www.instagram.com/p/CbiSalio-iu/
2022-03-25,[Tarih: 2022-03-25] Etkinliimiz atlye almalar ile devam ediyor.,https://www.instagram.com/p/CbhmlWdo07Q/
2022-03-25,[Tarih: 2022-03-25] Frat Kalknma Ajansnn nsan Kaynaklarnn Gelitirilmesi Program kapsamnda yrtt projenin Elazdaki ilk toplants balad.,https://www.instagram.com/p/CbhbuszIU4T/
2022-03-25,[Tarih: 2022-03-25] Grafik Tasarm Eitimi balad.,https://www.instagram.com/p/CbhWrDPIOIU/
2022-03-23,[Tarih: 2022-03-23] Hackathon boyunca tanyabilecein ve destek alabilecein mentrler bizlerle olacak. Detaylar iin kaydr,https://www.instagram.com/p/CbdWbCDoFEQ/
2022-03-23,[Tarih: 2022-03-23] 26-27 Mart tarihlerinde 24 saat boyunca kodlayacamz Vodafone Hackathon'un ak iin kaydr!,https://www.instagram.com/p/CbdV9qVolX-/
2022-03-23,[Tarih: 2022-03-23] Elazda dzenlenecek olan Vodafone Hackathon ile teknoloji kariyerinde krmz bir sayfa a!,https://www.instagram.com/p/CbdV3h4o1uq/
2022-03-21,"[Tarih: 2022-03-21] pekyolu Uluslararas ocuk ve Genlik almalar Merkezi TRB1 Blgesi Tarmsal ve Krsal Kalknmada Kadn ve Genlik Katlm Projemizin ilk eitiminde Toprak bakm, tohum ekimi alama eitimleri ile ilk gnmz tamamladk...",https://www.instagram.com/p/CbXtI4uoNDn/
2022-03-18,"[Tarih: 2022-03-18] 3D yazc eitimimizin ikinci gnnde katlmclarmza dilimleme ayarlarnn nasl yapldn, kalibrasyon yaplrken nelere dikkat edilmesi gerektiini ve son olarak 3D yazclardan nasl bask alnabileceini anlatarak eitimi tamamladk.",https://www.instagram.com/p/CbQV9wVoHSA/
2022-03-18,[Tarih: 2022-03-18] Eitimimiz retici ve elenceli metotlarla devam ediyor,https://www.instagram.com/p/CbPZaO_Ib6I/
2022-03-17,[Tarih: 2022-03-17] 4 gn srecek olan Proje Dngs ve Ynetimi Eitimimizin ilk gn tamamland.,https://www.instagram.com/p/CbOBeYEoi37/
2022-03-16,[Tarih: 2022-03-16] Uygulamal 3D Yazc eitimimizin ilk gnn tamamladk.,https://www.instagram.com/p/CbKsFIRIcOd/
2022-03-15,"[Tarih: 2022-03-15] Herkese selam! pek Yolu ev sahipliinde GDG Elaz ve GSC Elaz tarafndan dzenlenen, Vodafone ibirlii ile 26-27 Mart tarihlerinde gerekletirilecek hackathonun son bavuru tarihini sakn karmayn! Vodafone tarafndan belirlenen sorunlara zmler retirken , takldn yerlerde alannda uzman Vodafone alanlarndan mentrlk destei alacan ve profesyonel bir proje gelitirme sreci yaayabilecein bir ortam sunuyoruz. Belirlenen sorunlara en iyi zm bulan takmlara Vodafonedan birbirinden deerli dller verilecek! Yapman gereken tek ey bavuru formunu doldurman ve 4 kiiden oluan ekibin ile 26-27 Mart tarihlerinde Uluslararas pek Yolu ocuk ve Genlik almalar merkez'inde hackathona katlman . Son bavuru tarihi 23 Mart !",https://www.instagram.com/p/CbIou_7riAR/
2022-03-15,[Tarih: 2022-03-15] Sevgili Genler pek Yolu Eitimlerine devam ediyor! Daha fazla detay ve bavuru iin profilde ki linke tklaman yeterli,https://www.instagram.com/p/CbHigGJo8rZ/
2022-03-15,[Tarih: 2022-03-15] Sevgili Genler pek Yolu Eitimlerine devam ediyor! Daha fazla detay ve bavuru iin profilde ki linke tklaman yeterli,https://www.instagram.com/p/CbHidtJoojj/
2022-03-15,[Tarih: 2022-03-15] Gne Bilim Merakllar ile Baladk...!!! Mezire ortaokulu rencileri tesisimize ziyarette bulunarak faaliyetler hakknda bilgi aldlar.,https://www.instagram.com/p/CbHcGqGIOwo/
2022-03-14,[Tarih: 2022-03-14] Uygulamal nsansz Hava Aralar eitimimize baladk.,https://www.instagram.com/p/CbFhpU4Ij7f/
2022-03-14,[Tarih: 2022-03-14] Proje Dngs Ynetimi Eitimi balad.,https://www.instagram.com/p/CbFXlXRIX9S/
2022-03-12,[Tarih: 2022-03-12] Malatyadan katlm salayan rencilerimizle birlikte uygulamal 3D yazc eitimimizin ilk gnn tamamladk.,https://www.instagram.com/p/CbAf855I5S4/
2022-03-12,[Tarih: 2022-03-12] Karlar iinde ipek yolu,https://www.instagram.com/p/CbAdAbMo2jG/
2022-03-12,[Tarih: 2022-03-12] Periler drone takmmzla almalarmza hz kesmeden devam devam ediyoruz.,https://www.instagram.com/p/Ca_0vG7O1OS/
2022-03-11,[Tarih: 2022-03-11] 8-14 Mart Bilim ve Teknoloji haftas kapsamnda Frat niversitesi topluluu ile ortaklaa dzenlediimiz uygulamal 3D yazc eitimimizi tamamladk.,https://www.instagram.com/p/Ca-TX-nMCL6/
2022-03-11,[Tarih: 2022-03-11] Merkezimizde tarm eitimi kapsamnda bugnk teorik eitimimizi tamamladk,https://www.instagram.com/p/Ca983V2MsAg/
2022-03-11,[Tarih: 2022-03-11] Sevgili Genler pek Yolu Eitimlerine devam ediyor! Daha fazla detay ve bavuru iin profilde ki linke tklaman yeterli,https://www.instagram.com/p/Ca9K-_iuBcH/
2022-03-11,[Tarih: 2022-03-11] Sevgili Genler pek Yolu Eitimlerine devam ediyor! Daha fazla detay ve bavuru iin profilde ki linke tklaman yeterli,https://www.instagram.com/p/Ca9K92yO0EW/
2022-03-10,[Tarih: 2022-03-10] Cumhurbakanl nsan Kaynaklar Ofisinin Frat niversitesi ev sahipliinde dzenledii Gneydou Kariyer Fuarnda 2 gn boyunca standmza ilgi duyan gen arkadalarmza teekkr ederiz.,https://www.instagram.com/p/Ca7YfcxIdVg/
2022-03-10,[Tarih: 2022-03-10] Gneydou Kariyer Fuar kapsamnda 3D yazc kullanm eitimimizi tamamladk.,https://www.instagram.com/p/Ca7YDj-IcSb/
2022-03-10,[Tarih: 2022-03-10] Tbitak 1501 projemiz ile lkemiz iin yerli ve milli retim de biz de yerimizi alyoruz. Genlerimize hayrl olsun,https://www.instagram.com/p/Ca7VX62IcYA/
2022-03-10,[Tarih: 2022-03-10] T.C Cumhurbakanl nsan Kaynaklar Ofisinin Frat niversitesi ev sahipliinde dzenledii Gneydou Kariyer Fuarnda standmz atk. Gen arkadalarmza ilgilerinden dolay teekkr ederiz.,https://www.instagram.com/p/Ca6kAHtufKM/
2022-03-09,[Tarih: 2022-03-09] Sevgili Genler pek Yolu Eitimlerine devam ediyor! Daha fazla detay ve bavuru iin profilde ki linke tklaman yeterli,https://www.instagram.com/p/Ca39lZMuuu6/
2022-02-28,[Tarih: 2022-02-28] pekyolu Uluslararas ocuk ve Genlik almalar Merkezi Tarm Koordinatrl Tarm alanlarnn toprak bakm ve gbreleme almalarna devam ediyor.,https://www.instagram.com/p/CahRmH3IYSO/
2022-02-28,[Tarih: 2022-02-28] Sevgili Genler pek Yolu Eitimlerine devam ediyor! Daha fazla detay ve bavuru iin profilde ki linke tklaman yeterli,https://www.instagram.com/p/Cag_xXNIBSC/
2022-02-28,[Tarih: 2022-02-28] Sevgili Genler pek Yolu Eitimlerine devam ediyor! Daha fazla detay ve bavuru iin profilde ki linke tklaman yeterli,https://www.instagram.com/p/Cag_iz-IKz9/
2022-02-28,[Tarih: 2022-02-28] Sevgili Genler pek Yolu Eitimlerine devam ediyor! Daha fazla detay ve bavuru iin profilde ki linke tklaman yeterli,https://www.instagram.com/p/Cag_iElIO2h/
2022-02-27,[Tarih: 2022-02-27] Milli Teknoloji Hamlesinin ne kadar nemli olduunu anladmz bu gnlerde roket takmmz almalarna hz kesmeden devam ediyor. Geleceimiz iin genlerimize her trl destei vermeye devam edeceiz.,https://www.instagram.com/p/Cae7F6TIVoD/
2022-02-26,[Tarih: 2022-02-26] Sevgili Genler pek Yolu Eitimlerine devam ediyor! Daha fazla detay ve bavuru iin profilde ki linke tklaman yeterli,https://www.instagram.com/p/CaccE_eor4I/
2022-02-26,[Tarih: 2022-02-26] Sevgili Genler pek Yolu Eitimlerine devam ediyor! Daha fazla detay ve bavuru iin profilde ki linke tklaman yeterli,https://www.instagram.com/p/CaccEDvofKt/
2022-02-24,"[Tarih: 2022-02-24] Tarmsal rnler yetitirilmesi ilenmesi ve pazarlanmas eitmenlik eitimi kapsamnda eitimimiz doal sabun retimi, uucu ya retimi, sabit ya retimi gibi uygulamalarla devam ediyor.",https://www.instagram.com/p/CaXPFeJIQ4E/
2022-02-19,[Tarih: 2022-02-19] Robotik kodlama eitimlerimize devam ediyoruz,https://www.instagram.com/p/CaKrs3uIfh9/
2022-02-18,"[Tarih: 2022-02-18] Avrupa'nn en byk ocuk ve genlik almalar merkezi olan pek Yolu Uluslararas ocuk ve Genlik almalar Merkezi olarak T.C. Dileri Bakanl Avrupa Birlii Bakanl Trkiye Ulusal Ajans tarafndan yrtlen Avrupa Dayanma Program kapsamnda uzun zamandr almalarn yaptmz ""Kalite Belgesi"" srecimiz tamamland. Kurumumuz lider, destekleyen ve ev sahibi statsnde kalite belgesi alarak projelerine devam edecektir.",https://www.instagram.com/p/CaISF-6oJk7/
2022-02-13,[Tarih: 2022-02-13] TEKNOFEST 2021 ylnda Orta rtifa kategorisinde yaran ve 297 takm arasndan Trkiye kincilii ve En yi Takm Ruhu dln alan pek Yolu Roket Takmmz Teknofest2022 iin yeni yzyle hazrlklara devam ediyor.,https://www.instagram.com/p/CZ6ugOoIykS/
2022-02-13,[Tarih: 2022-02-13] 23-24-25 UBAT 2022- TARIMSAL KULUKA ETMENLK ETM SZLERLE! DETAYLAR VE BAVURU N LNK BODA,https://www.instagram.com/p/CZ6Wy0KokYd/
2022-02-12,[Tarih: 2022-02-12] Uluslararas Bilimde Kadn ve Kz ocuklar gnne zel kz rencilerinden oluan takmmzla Teknofeste hazrlanyoruz,https://www.instagram.com/p/CZ4hn3iotuW/
2022-02-07,[Tarih: 2022-02-07] Teknofest 2022 iin hazrlklara baladk,https://www.instagram.com/p/CZsJ-BzIhf1/
2022-02-06,[Tarih: 2022-02-06] Lise Teknoloji K kampmza katlan 6.grup rencilerimizin eitimlerini tamamlayarak k kampmz bitirdik. Lise Teknoloji K Kampna ilgi duyan rencilerimize teekkr ederiz.,https://www.instagram.com/p/CZpEisxoEN5/
2022-02-05,[Tarih: 2022-02-05] Lise Teknoloji K kampmza katlan 6.grup rencilerimizin ilk gn eitimlerini tamamladk.,https://www.instagram.com/p/CZm-rdZo2Ye/
2022-02-05,[Tarih: 2022-02-05] Elaz l zel daresi l Genel Meclis yeleri tesisimizi ziyaret ederek yaplan almalar hakknda bilgi aldlar.,https://www.instagram.com/p/CZm94EoouTy/
2022-02-04,[Tarih: 2022-02-04] Lise Teknoloji K kampmz kapsamnda Robotik Kodlama Eitimimize katlan 5. grubumuzun eitimlerini tamamladk.,https://www.instagram.com/p/CZjhVPIIfRq/
2022-02-03,"[Tarih: 2022-02-03] retmek iin nce ""takm"" olunmas gerekir.",https://www.instagram.com/p/CZh1VgFBTr-/
2022-02-03,"[Tarih: 2022-02-03] ""Ynetmenlik ve Yapm Eitimimiz"" yeni grubumuza balad",https://www.instagram.com/p/CZhMENhorof/
2022-02-03,[Tarih: 2022-02-03] 9 gn 3 tema ve 32 katlmc ile Avrupa Frsatlar kampmz balad,https://www.instagram.com/p/CZg4BJZIuyh/
2022-02-03,[Tarih: 2022-02-03] Teknoloji K Kampmza katlan 5.grup rencilerimizle Robotik Kodlama Eitimine baladk.,https://www.instagram.com/p/CZg1uFPo8F8/
2022-02-02,[Tarih: 2022-02-02] Lise Teknoloji K Kampmza Binglden katlan 4.grup rencilerimizin teknoloji eitimlerini tamamladk.,https://www.instagram.com/p/CZe7Uh_oPds/
2022-02-01,[Tarih: 2022-02-01] Bingl Gen Kaymakam Sayn Yusuf Kaptanolu tesisimizi ziyaret ederek Bingl ilinden 3D yazc eitimine gelen genler ile bir araya geldi. Tesisimizde yaplan almalar hakknda bilgi ald.,https://www.instagram.com/p/CZcoRsTo0UP/
2022-01-31,[Tarih: 2022-01-31] Eitimlerimizde kullanlmak zere Yerli ve zgn pek Yolu Elektronik Gelitirme Kartlarmzn retimine devam ediyoruz.,https://www.instagram.com/p/CZZ4sUioDon/
2022-01-31,[Tarih: 2022-01-31] Drone ve 3D Yazc kullanm teknikleri eitimlerimiz balad.,https://www.instagram.com/p/CZZMeSiIOkZ/
2022-01-31,[Tarih: 2022-01-31] Drone ve 3D Yazc kullanm teknikleri eitimlerimiz tanma ve grup dinamii etkinlikleri ile balad.,https://www.instagram.com/p/CZZMH0NIexG/
2022-01-31,[Tarih: 2022-01-31] 3D yazclarmzla niversite rencilerimize destek olmaya devam ediyoruz,https://www.instagram.com/p/CZY4CKLIlW2/
2022-01-30,[Tarih: 2022-01-30] Lise Teknoloji K kampza katlan 3.grup rencilerimizin 3D yazc eitimlerini tamamladk..,https://www.instagram.com/p/CZXie_Aokil/
2022-01-30,[Tarih: 2022-01-30] pekyolu Uluslararas ocuk ve Genlik almalar Merkezinde hem yry yolu hem de drone pisti olarak kullanlan 3 kilometrelik alan kar yanca kayak pistine dnd.,https://www.instagram.com/p/CZXVrxphzSQ/
2022-01-30,"[Tarih: 2022-01-30] Diyanet leri Bakanl Din leri Yksek Kurulu yesi Prof.Dr Enbiya YILDIRIM, Mardin Artuklu niversitesi rt. yesi Do. Dr. Fikret ZELK, Ankara niversitesi rt. Grevlisi Hayrullah Engin hocalarmzn katlm ile Elazdaki din grevlilerimize ynelik eitim gerekletirildi.",https://www.instagram.com/p/CZWeTL-IUjM/
2022-01-29,[Tarih: 2022-01-29] Lise Teknoloji K Kampmza 3.grubumuzun katlmyla devam ediyoruz.,https://www.instagram.com/p/CZT9Qx4oN7n/
2022-01-28,[Tarih: 2022-01-28] Frat niversitesi mhendislik rencilerinin prototip retimlerine destek olmaya devam ediyoruz.,https://www.instagram.com/p/CZSQFQOIEXE/
2022-01-28,[Tarih: 2022-01-28] Lise Teknoloji K Kampmza katlan 2.grubumuzun eitimini tamamladk.,https://www.instagram.com/p/CZSLuZFIhdC/
2022-01-28,[Tarih: 2022-01-28] Lise Teknoloji K Kampmz 2.grubumuzun katlmyla devam ediyor.,https://www.instagram.com/p/CZQ0AeJoViE/
2022-01-26,[Tarih: 2022-01-26] Teknoloji k kampmza katlan ilk grubumuzun eitimlerini tamamladk.,https://www.instagram.com/p/CZNIH5pIRl9/
2022-01-26,[Tarih: 2022-01-26] 09-10-11 UBAT 2022- TARIMSAL KULUKA ETMENLK ETM SZLERLE! DETAYLAR VE BAVURU N LNK BODA,https://www.instagram.com/p/CZMboIvAt35/
2022-01-26,[Tarih: 2022-01-26] Etkinliklerimiz hz kesmeden devam ediyor! Detaylar ve bavuru formu profildeki linkte!,https://www.instagram.com/p/CZMbHnlAZwu/
2022-01-26,[Tarih: 2022-01-26] Hi para harcamadan Avrupa'da 1 yl yaamak... Gnll alma ve gnlllk sistemlerini renmek... zgemi ve motivasyon mektubu hazrlamay renmek... Projeler hazrlayp kendi projelerinizi ynetmek... Drone kullanmay renmek... Yaygn renme tekniklerini kefetmek... stiyorsanz bu kamp tam size gre! Detaylar ve bavuru formu profildeki linkte!,https://www.instagram.com/p/CZMMSLHgn9S/
2022-01-26,[Tarih: 2022-01-26] Bu k ipek yolunda var. Teknoloji k kampmzn ikinci gnnde Malatyadan katlm salayan liseli rencilerimizle devam ediyor.,https://www.instagram.com/p/CZL7p_yIVPQ/
2022-01-25,[Tarih: 2022-01-25] Tam bir yl nce bugn!,https://www.instagram.com/p/CZJ3jDwA2u7/
2022-01-25,[Tarih: 2022-01-25] pek Yolu Uluslararas ocuk Ve Genlik almalar Merkezimiz tam bir yl nce bugn Cumhurbakanmz Sayn Recep Tayyip ERDOANIN katlmyla ald.,https://www.instagram.com/p/CZJvOvwAiBr/
2022-01-25,[Tarih: 2022-01-25] Avrupann En Byk ocuk ve Genlik almalar Merkezi Bir Yanda! Tam bir yl nce baladmz yolculuumuzda binlerce gencimizi tesisimizde arladk. Sadece lkemizin deil Avrupann en by olan pek Yolu Uluslararas ocuk ve Genlik almalar Merkezi etkinliklerine ikinci ylnda da tam gaz devam ediyor!,https://www.instagram.com/p/CZJeXJBh6Wm/
2022-01-25,[Tarih: 2022-01-25] Lise Teknoloji Kampmz 3D Yazc Kullanm Eitimi ile balad!,https://www.instagram.com/p/CZJSAfGBX1A/
2022-01-20,[Tarih: 2022-01-20] iftilerimiz tarafndan yetitirilen pek Yolu iin zel ata tohumlarmz elimize ulat. Gayretleri iin tm iftilerimize teekkrler...,https://www.instagram.com/p/CY8e0MJIbx0/
2022-01-18,[Tarih: 2022-01-18] FMD Eitim Kurumlar rencileri bugn tesisimizi ziyarete geldiler.,https://www.instagram.com/p/CY4gy8Ko4GV/
2022-01-17,[Tarih: 2022-01-17] Sar kantaron ve lavanta z ile sabun retimi,https://www.instagram.com/p/CY1YbXUhGdt/
2022-01-17,"[Tarih: 2022-01-17] Elaz Valilii ,Frat niversitesi ve kurumumuz i birliinde kamu personellerine PCM Proje Dngs ve Ynetimi Eitimimiz ilk gnne balad.",https://www.instagram.com/p/CY0_WviIH2X/
2022-01-15,[Tarih: 2022-01-15] Eitimlerimiz son gaz devam ediyor!,https://www.instagram.com/p/CYwVu0MhOlb/
2022-01-15,[Tarih: 2022-01-15] Robotik kodlama eitiminiz devam ediyor.,https://www.instagram.com/p/CYwJAmnh_gn/
2022-01-15,[Tarih: 2022-01-15] Gelecein kodlayclarn yetitiriyoruz.,https://www.instagram.com/p/CYv87vUIr07/
2022-01-15,[Tarih: 2022-01-15] Teorik eitimle birlikte Robotik Kodlama eitimimize baladk.,https://www.instagram.com/p/CYvqHLKor5A/
2022-01-14,[Tarih: 2022-01-14] ASRAD Elaz ubesi ynetim kurulu tesisimizi ziyarete geldiler.,https://www.instagram.com/p/CYtF6PyIef6/
2022-01-07,[Tarih: 2022-01-07] Giriimci Kuluka Merkezimiz robotik kodlama setleri iin rn gelitirmeye devam ediyor.,https://www.instagram.com/p/CYbGMIBoyeS/
2022-01-06,[Tarih: 2022-01-06] retmeye ve gelitirmeye devam ediyoruz.,https://www.instagram.com/p/CYYqSFeojYd/
2022-01-05,[Tarih: 2022-01-05] Giriimci Kuluka Merkezimizde alan mhendisler tarafndan 8 aylk arge sonucunda gelitirilen pek Yolu Elektronik Gelitirme kartnn ilk prototip retimi tamamland. ocuk ve Genlik almalarnn yan sra ilimize ve blgemize yksek teknolojili rnler gelitirmeye devam ediyoruz.,https://www.instagram.com/p/CYWkxGCIqq3/
2022-01-05,"[Tarih: 2022-01-05] Sanayi ve Teknoloji Bakanlnn 2019 Yl Sosyal Gelimeyi Destekleme Program (SOGEP) kapsamnda Desteklenen pek Yolu llerindeki Kadn Ve Genlerin Aktif Yaama Dahil Edilmesi Ve stihdama Katk Projesi Kapsamnda ""Robotik Kodlama Eitimi 15-16 Ocak 2022 tarihlerinde Elz'da gerekleecektir. Proje, Frat Kalknma Ajans destei ile Elaz Valilii, Elaz zel daresi, Frat niversitesi ve Elaz Belediyesi Ortaklnda Yrtlmektedir. Eitim Yeri: pek Yolu Uluslararas ocuk ve Genlik almalar Merkezi/Elaz Eitim Tarihleri: 15-16 Ocak 2022 (Eitimimiz 15 Ocak Cumartesi gn sabah kahvalts ile balayp 16 Ocak Pazar gn leden sonra 16.00 da sona erecektir.) Yolculuk: Katlmclarn yolculuk masraflar karlanmamaktadr. Yemekler: Eitim kapsamnda le yemekleri ile kahve aralar kurumumuz tarafndan karlanacaktr. Not: Eitime sadece Lise 1-2-3. snf rencileri bavurabilir. Bavuru iin profilde ki linke tklaman yeterli",https://www.instagram.com/p/CYWBo9EopSU/
2022-01-03,[Tarih: 2022-01-03] Frat niversitesi rencilerimizin bitirme projelerine 3D yazclarmzla prototipleme destei vermeye devam ediyoruz.,https://www.instagram.com/p/CYRQbKyIDPV/
2022-01-03,"[Tarih: 2022-01-03] Eitim erii ; Film Ynetmenliine Giri Film Yapmnn Temelleri Senaryo Yazm Tekniklerine Giri (Logline, Sinopsis, Tretman) Tema ve Karakter, Dramatize Etme Olgularnn Ksa ve Uzun Metraj Filmler zerinden rneklendirilmesi yk, Hikaye, Olay rgs ve Karakter Yaratma, Boyutlu Karakter Analizi Senaryonun Temel Talar: Geciktirme, Karakter Analizi, Karakterin Tutarl ve Devamll, Metaforlar ve atma Senaryo Uygulama Pratii Ses Kayt Cihazlar, Film Sesi ve Film Mzii Grme Eylemi, Ik ve Grnt Kavramlar, Kamera Trleri ve Blmleri, Netlik, Odak Uzakl Alan Derinlii, Diyafram, Enstantane, ISO, Grnt Kompozisyonu, Altn Oran, ekim lekleri Objektif eitleri, ekim Alar, A-Kar A, Aks, Amors, evrinmeler, Grnt Formatlar Sinemada Prodksiyon ve Yapmclk Sinemada Renk Kavram, Ik eitleri, 3 Nokta Aydnlatma Sinemada Sanat Ynetimi Uygulamal Sahne ekimi ekim Senaryosu, Dekupaj, Moodboard Uygulama Filmin Atmosferi, Ruhu, Duygusu, Ritmi ve Kamera Mesafesi Snf Projesi ekim 1 Snf Projesi ekim 2 Post Prodksiyon Srecinde Ynetmenlik: Filmin Kurgu, Renk ve Ses Tasarm Film Destek Fonlar ve Festival Sreleri an Eitimi Oyunculuk Eitimi Detaylar ve bavuru profilde!",https://www.instagram.com/p/CYRDCI_o7Lp/
2021-12-29,[Tarih: 2021-12-29] Hi para harcamadan Avrupa'da 1 yl yaamak... Gnll alma ve gnlllk sistemlerini renmek... zgemi ve motivasyon mektubu hazrlamay renmek... Projeler hazrlayp kendi projelerinizi ynetmek... Drone kullanmay renmek... Yaygn renme tekniklerini kefetmek... stiyorsanz bu kamp tam size gre! Detaylar ve bavuru formu profildeki linkte!,https://www.instagram.com/p/CYEBA6MIKI9/
2021-12-27,"[Tarih: 2021-12-27] # # G N C E L L E M E # # niversitelerin final tarihleri nedeniyle bu ilan gncellenmitir. ______ Sevgili genler pek Yolu yetitirmek zere raklar aryor! Sosyal Kuluka Merkezi raklk Program pek Yolu Uluslararas ocuk ve Genlik almalar Merkezi Sosyal Kuluka Merkezi alannda yetitirmek zere rak aryor. Sanayi ve Teknoloji Bakanlnn 2019 Yl Sosyal Gelimeyi Destekleme Program (SOGEP) kapsamnda Desteklenen pek Yolu llerindeki Kadn Ve Genlerin Aktif Yaama Dahil Edilmesi Ve stihdama Katk Projesi Kapsamnda ""raklk Program"" 24-25-26-27-28-29 Ocak 2022 tarihlerinde Elz'da gerekleecektir. raklk programmz kapsamnda 15 kii eitime alnacaktr. Eitim 6 gn (tam gn) srecek olup, 18-30 ya aras genlerin bavurusuna aktr. Yetitirilecek olan raklar pek Yolu Uluslararas ocuk ve Genlik almalar Merkezinin Sosyal Kuluka Merkezi alannda yaplan eitim, seminer, konferans vb. etkinliklerde gnll olarak grev alacaklardr. Etkinlik faaliyet aknda yer alan konu balklar: - Avrupa Frsatlar - Gnlllk Nedir? - Takm almas - Grup Dinamii - Yaygn Eitim Teknikleri Kullanm - Organizasyon Planlama ve Ynetimi - letiim ve koordinasyon - Proje Ynetimi - Yenliki Biliim Aralar Kullanm raklarda aranan zellikler: * 18-30 ya arasnda olmak * Temel biliim teknolojilerini iyi seviyede kullanabilen * Proje uygulama ve ynetimi alannda kariyer hedefleyen * Takm almasna yatkn, sorumluluk sahibi ve etkili iletiim kurabilen * Aratrmac ve yeni teknolojilere kolay adapte olabilen * Srekli geliime ve renmeye ak * Analitik dnme yeteneine sahip * takibi ve koordinasyon becerisi yksek * Yurtii ve yurtd seyahat engeli olmayan Bavuru iin profildeki linke tklayabilirsiniz! Not: Bavuru formunu grnlemek iin taraycnzdan GMail hesabnza giri yapmalsnz.",https://www.instagram.com/p/CX_YPZNoYZy/
2021-12-27,"[Tarih: 2021-12-27] Sevgili genler pek Yolu Lise Teknoloji K Kamp Balyor! 24 Ocak - 6 ubat Yaryl Tatilinde Teknolojiyle i ie bir kamp iin sizleri pek Yolu Uluslararas ocuk ve Genlik almalar Merkezine bekliyoruz. Sanayi ve Teknoloji Bakanlnn 2019 Yl Sosyal Gelimeyi Destekleme Program (SOGEP) kapsamnda Desteklenen pek Yolu llerindeki Kadn Ve Genlerin Aktif Yaama Dahil Edilmesi Ve stihdama Katk Projesi Kapsamnda Lise Teknoloji K Kamp 24 Ocak -6 ubat 2022 tarihlerinde Elz'da gerekleecektir. Lise Teknoloji k kamp kapsamnda toplamda 120 kiiye Robotik Kodlama, 3D Yazc Kullanm ve Drone Kullanma Eitimi verilecektir. - Her eitim 2er gn olacaktr. - Her katlmc sadece 1 eitime bavuru yapabilecektir. - Eitime katlan herkes konaklama hizmetinden faydalanabilecektir. Katlmclarda aranan zellikler: - Lise 1. 2. 3. ve 4. Snf rencileri olmak zorundadr. Bavuru iin profildeki linke tklayabilirsiniz! Not: Eitimlere bavurular sadece online olarak yaplmaktadr.",https://www.instagram.com/p/CX-tFDhI1qm/
2021-12-18,[Tarih: 2021-12-18] Adalet Bakanmz Sn. ile birlikte 2. Genlik STKlar Bulumasnda gen arkadalarmzla bulutuk.,https://www.instagram.com/p/CXn7HZ2oa9V/
2021-12-13,[Tarih: 2021-12-13] Lise seviyesinde dzenlediimiz 3D yazc kullanm eitimini tamamladk. Eitmeye ve retmeye devam ediyoruz.,https://www.instagram.com/p/CXbIfp1oEQa/
2021-12-12,[Tarih: 2021-12-12] 3D yazc kullanm eitimine devam ediyoruz.,https://www.instagram.com/p/CXYKVoYoOOU/
2021-12-09,"[Tarih: 2021-12-09] Proje Dngs Ynetimi Eitimi ile pek Yolu eitimleri son gaz devam ediyor! Proje Dngs Ynetimi (PDY) baarsz proje deneyimleri sonucunda, zellikle uluslararas kurulularn nclnde gelitirilen ve kullanlan bir proje ynetim yaklamdr. PDYnin temel amac, projenin fikir aamasndan tamamlanmasna kadar geen srede kaliteyi, verimlilii ve etkinlii en iyi ekilde uygulamaktr. Katlmclarn Avrupa Birlii, Kalknma Ajans ve dier hibe programlarna ynelik projelerin hazrlanmas ve yazlmas ve fonlanan projelerin ynetimi ve deerlendirilmesi konularnda yetkinliklerinin artmas hedeflenmektedir. Bavuru ve profildeki linke tklaman yeterli!",https://www.instagram.com/p/CXQpzpzIk_7/
2021-12-09,[Tarih: 2021-12-09] Sevgili Genler pek Yolu Eitimlerine devam ediyor! Bavuru ve profildeki linke tklaman yeterli!,https://www.instagram.com/p/CXQpkTjIaDh/
2021-12-05,"[Tarih: 2021-12-05] Gnlllk, CV ve Motivasyon Mektubu Hazrlama Eitimimizi tamamladk.",https://www.instagram.com/p/CXGZ9_BILY3/
2021-12-03,[Tarih: 2021-12-03] Elaz Bilim Merkezi nclnde Gelecein Mhendisleri Tasarmlarn Yartryor yarmas iin bavurular balad. Dereceye giren takmlardan Teknofest iin uygun grlenlere merkezimiz tarafndan retim ve lojistik destei salanacaktr.,https://www.instagram.com/p/CXBIxvsIGBl/
2021-11-29,"[Tarih: 2021-11-29] Tbitak Bakan Prof.Dr.Hasan MANDAL, Frat niversitesi Rektr Prof.Dr.Fahrettin GKTA, Munzur niversitesi Rektr Prof. Dr. Ubeyde PEK eliinde tesisimizi ziyaret ederek yaplan almalar hakknda bilgi ald.",https://www.instagram.com/p/CW3QTEKo14S/
2021-11-26,"[Tarih: 2021-11-26] Sevgili Genler pek Yolu Eitimlerine devam ediyor. Sradaki Eitim Gnlllk, CV ve Motivasyon Mektubu Hazrlama Eitimi pek Yolu ile frsatlardan faydalan ! Bavuru iin profilde ki linke tklaman yeterli",https://www.instagram.com/p/CWvx3POoUAp/
2021-11-26,[Tarih: 2021-11-26] 11-12 Aralk 3D Yazc Kullanm Eitimi iin bavurular balad Bavuru iin profilde ki linke tklaman yeterli,https://www.instagram.com/p/CWvKuTPI3ps/
2021-11-25,"[Tarih: 2021-11-25] Sevgili Genler pek Yolu Eitimlerine devam ediyor! Sanayi ve Teknoloji Bakanlnn 2019 Yl Sosyal Gelimeyi Destekleme Program (SOGEP) kapsamnda Desteklenen pek Yolu llerindeki Kadn Ve Genlerin Aktif Yaama Dahil Edilmesi Ve stihdama Katk Projesi Kapsamnda ""08-09-10 Aralk 2021 Ynetmenlik ve Yapm, Tiyatro ve Oyunculuk Eitimi"" Elz'da gerekleecektir. Proje, Frat Kalknma Ajans destei ile Elaz Valilii, Elaz zel daresi, Frat niversitesi ve Elaz Belediyesi Ortaklnda Yrtlmektedir. Daha fazla detay ve bavuru iin profilde ki linke tklaman yeterli",https://www.instagram.com/p/CWsPK9AI1kC/
2021-11-25,"[Tarih: 2021-11-25] Sevgili Genler pek Yolu Eitimlerine devam ediyor! Sanayi ve Teknoloji Bakanlnn 2019 Yl Sosyal Gelimeyi Destekleme Program (SOGEP) kapsamnda Desteklenen pek Yolu llerindeki Kadn Ve Genlerin Aktif Yaama Dahil Edilmesi Ve stihdama Katk Projesi Kapsamnda Tarmsal tnlerin Yetitirilmesi, lenmesi ve Pazarlanmas Eitimi"" 09-10-11 Aralk 2021 tarihlerinde Elz'da gerekleecektir. Daha fazla detay ve bavuru iin profilde ki linke tklaman yeterli",https://www.instagram.com/p/CWsOi4UIsPN/
2021-11-20,[Tarih: 2021-11-20] Elazdan katlm gsteren rencilerimizle birlikte 3D yazc eitimimizi tamamladk.,https://www.instagram.com/p/CWgCeG_IO3e/
2021-11-18,[Tarih: 2021-11-18] Drone Kullanma Teknikleri eitiminin ilk gnn tamamladk.,https://www.instagram.com/p/CWa6_EUo71Z/
2021-11-18,[Tarih: 2021-11-18] Elazdan katlan rencilerimizle 3D Yazc Kullanm Eitimine baladk,https://www.instagram.com/p/CWaNS22oSXB/
2021-11-17,[Tarih: 2021-11-17] Binglden gelen rencilerimizle 3D yazc eitimimizi tamamladk.,https://www.instagram.com/p/CWYn-tdosvF/
2021-11-17,[Tarih: 2021-11-17] Sevgili Genler pek Yolu Eitimlerine devam ediyor. Sradaki Eitim Drone Kullanma Eitimi pek Yolu ile frsatlardan faydalan ! Bavuru iin profilde ki linke tklaman yeterli,https://www.instagram.com/p/CWX-TxBIHTg/
2021-11-16,[Tarih: 2021-11-16] pek Lavanta Park,https://www.instagram.com/p/CWWCakBopxc/
2021-11-15,"[Tarih: 2021-11-15] pek Yolu Tarm Team Emek, Alnteri, zverili alma ve daha nicesi..",https://www.instagram.com/p/CWT3oDlIn81/
2021-11-15,[Tarih: 2021-11-15] 4 Gn srecek olan Metin Yazarl ve Senaristlik Eitimimiz Balad.,https://www.instagram.com/p/CWSxsB_I3Ee/
2021-11-15,[Tarih: 2021-11-15] Binglden gelen genlerimiz ile birlikte 3D Yazc Eitimimiz Balad.,https://www.instagram.com/p/CWSxS8bIFvZ/
2021-11-14,[Tarih: 2021-11-14] Elaz'mzn ilk ve tek Lavanta Park almalarmz devam ediyor. ehrimize deer katmaya devam edeceiz,https://www.instagram.com/p/CWQw6wwI0kI/
2021-11-10,[Tarih: 2021-11-10] 13-14 Kasm Tarihleri arasnda dzenleyeceimiz lavanta dikimi organizasyonuna tm genlerimiz davetlidir. pek Yolu Uluslararas ocuk ve Genlik almalar Merkezi Saat. 09:00 Elaz'mzn ilk ve tek Lavanta Park ehrimize ok yakacak.,https://www.instagram.com/p/CWHAEtHIRLD/
2021-11-09,"[Tarih: 2021-11-09] Sevgili Genler pek Yolu Eitimlerine devam ediyor! Sanayi ve Teknoloji Bakanlnn 2019 Yl Sosyal Gelimeyi Destekleme Program (SOGEP) kapsamnda Desteklenen pek Yolu llerindeki Kadn Ve Genlerin Aktif Yaama Dahil Edilmesi Ve stihdama Katk Projesi Kapsamnda Tarmsal tnlerin Yetitirilmesi, lenmesi ve Pazarlanmas Eitimi"" 25-26-27 Kasm tarihlerinde Elz'da gerekleecektir. Daha fazla detay ve bavuru iin profilde ki linke tklaman yeterli",https://www.instagram.com/p/CWDXr7CIxiJ/
2021-11-09,"[Tarih: 2021-11-09] Sevgili Genler pek Yolu Eitimlerine devam ediyor! Sanayi ve Teknoloji Bakanlnn 2019 Yl Sosyal Gelimeyi Destekleme Program (SOGEP) kapsamnda Desteklenen pek Yolu llerindeki Kadn Ve Genlerin Aktif Yaama Dahil Edilmesi Ve stihdama Katk Projesi Kapsamnda Ynetmenlik ve Yapm, Tiyatro ve Oyunculuk Eitimi"" 18-19-20 Kasm 2021 tarihlerinde Elz'da gerekleecektir. Daha fazla detay ve bavuru iin profilde ki linke tklaman yeterli",https://www.instagram.com/p/CWDXWkOI7iD/
2021-11-09,"[Tarih: 2021-11-09] Sevgili Genler pek Yolu Eitimlerine devam ediyor! Sanayi ve Teknoloji Bakanlnn 2019 Yl Sosyal Gelimeyi Destekleme Program (SOGEP) kapsamnda Desteklenen pek Yolu llerindeki Kadn Ve Genlerin Aktif Yaama Dahil Edilmesi Ve stihdama Katk Projesi Kapsamnda Tarmsal tnlerin Yetitirilmesi, lenmesi ve Pazarlanmas Eitimi"" 22-23-24 Kasm tarihlerinde Elz'da gerekleecektir. Daha fazla detay ve bavuru iin profilde ki linke tklaman yeterli",https://www.instagram.com/p/CWDXGgzIxwc/
2021-11-09,"[Tarih: 2021-11-09] Sevgili Genler pek Yolu Eitimlerine devam ediyor! Sanayi ve Teknoloji Bakanlnn 2019 Yl Sosyal Gelimeyi Destekleme Program (SOGEP) kapsamnda Desteklenen pek Yolu llerindeki Kadn Ve Genlerin Aktif Yaama Dahil Edilmesi Ve stihdama Katk Projesi Kapsamnda ""Metin Yazarl ve Senaristlik Eitimi"" 15-16-17 Kasm tarihlerinde Elz'da gerekleecektir. Daha fazla detay ve bavuru iin profilde ki linke tklaman yeterli",https://www.instagram.com/p/CWDWdDxIoPb/
2021-11-09,"[Tarih: 2021-11-09] Ynetmenlik ve yapm, Tiyatro ve Oyunculuk Eitimimiz Balad.",https://www.instagram.com/p/CWDKaNGogtd/
2021-11-08,"[Tarih: 2021-11-08] Sevgili Genler pek Yolu Eitimlerine devam ediyor! TARIMSAL RNLERN YETTRLMES, LENMES VE PAZARLAMA ETM Eitim Konular; 1. Toprak Nedir Ve Toprak Bakm Nasl Yaplr? (Pratik Ve Teorik) 2. Seraclk Nedir Nasl Yaplr? (Pratik Ve Teorik) 3. Bitkilerin reme ekilleri Ve zellikleri Nelerdir? 4. Tohumlama, elikleme Nasl Yaplr? (Pratik Ve Teorik) 5. Hasat Ve Toplama Nasl Yaplr? (Pratik Ve Teorik) 6. Bitkileri leme Yntemleri Nelerdir? 7. Tarmsal rnlerin Pazar Durumu Nedir Ve Pazarlama Yntemleri Nelerdir? Eitim Yeri: pek Yolu Uluslararas ocuk ve Genlik almalar Merkezi/Elaz Eitim Sresi: 4 gn Sre: 32 saat Yolculuk: Katlmclarn yolculuk masraflar karlanmamaktadr. Konaklama: Etkinlik kapsamnda konaklama pek Yolu Uluslararas ocuk ve Genlik almalar Merkezinde gerekletirilecektir. Yemekler: Etkinlik kapsamnda sabah kahvalts, le ve akam yemekleri ile kahve aralar kurumumuz tarafndan karlanacaktr. Not: Eitimimiz sadece Elaz, Malatya, Tunceli ve Bingl illerinde yaayan genlerin bavurusuna aktr. Bavuru iin profilde ki linke tklaman yeterli",https://www.instagram.com/p/CWA6znko0Rz/
2021-11-07,[Tarih: 2021-11-07] 2022 Teknofest iin ilan edilecek yarmalarda yer almak isteyen 5 takma makina ve ekipman sponsoru olacaz!,https://www.instagram.com/p/CV_B2gBIyUY/
2021-11-06,"[Tarih: 2021-11-06] Vee beklenen Eitimlerin bavurular balad Sanayi ve Teknoloji Bakanlnn 2019 Yl Sosyal Gelimeyi Destekleme Program (SOGEP) kapsamnda Desteklenen pek Yolu llerindeki Kadn Ve Genlerin Aktif Yaama Dahil Edilmesi Ve stihdama Katk Projesi Kapsamnda ""3D Yazc Kullanm Eitimi 15-16-17 Kasm 2021 tarihlerinde Elz'da gerekleecektir. Proje, Frat Kalknma Ajans destei ile Elaz Valilii, Elaz zel daresi, Frat niversitesi ve Elaz Belediyesi Ortaklnda Yrtlmektedir. Eitim Yeri: pek Yolu Uluslararas ocuk ve Genlik almalar Merkezi/Elaz Eitim Tarihleri: 15-16-17 Kasm 2021 (Eitimimiz 15 Kasm Pazartesi gn sabah kahvalts ile balayp 17 Kasm aramba gn leden sonra 16.00 da sona erecektir.) Yolculuk: Katlmclarn yolculuk masraflar karlanmamaktadr. Konaklama: Etkinlik kapsamnda konaklama pek Yolu Uluslararas ocuk ve Genlik almalar Merkezinde gerekletirilecektir. Yemekler: Etkinlik kapsamnda sabah kahvalts, le ve akam yemekleri ile kahve aralar kurumumuz tarafndan karlanacaktr. Not: Eitime sadece Lise 1-2-3. snf rencileri bavurabilir. Bavuru iin profilde ki linke tklaman yeterli",https://www.instagram.com/p/CV8k1Uuogid/
2021-11-04,"[Tarih: 2021-11-04] Sanayi ve Teknoloji Bakanlnn 2019 Yl Sosyal Gelimeyi Destekleme Program (SOGEP) kapsamnda Desteklenen pek Yolu llerindeki Kadn Ve Genlerin Aktif Yaama Dahil Edilmesi Ve stihdama Katk Projesi Kapsamnda ""Kamu Diplomasisi Eitimi"" 17-18-19-20 Kasm 2021 tarihlerinde Elz'da gerekleecektir. Proje, Frat Kalknma Ajans destei ile Elaz Valilii, Elaz zel daresi, Frat niversitesi ve Elaz Belediyesi Ortaklnda Yrtlmektedir. Eitim Yeri: pek Yolu Uluslararas ocuk ve Genlik almalar Merkezi/Elaz Eitim Tarihleri: 17-18-19-20 Kasm 2021 (Eitimimiz 17 Kasm aramba gn le yemei ile balayp 20 Kasm Cumartesi gn lende sona erecektir.) Yolculuk: Katlmclarn yolculuk masraflar karlanmamaktadr. Konaklama: Etkinlik kapsamnda konaklama pek Yolu Uluslararas ocuk ve Genlik almalar Merkezinde gerekletirilecektir. Yemekler: Etkinlik kapsamnda sabah kahvalts, le ve akam yemekleri ile kahve aralar kurumumuz tarafndan karlanacaktr. Bavuru iin profilde ki linke tklaman yeterli",https://www.instagram.com/p/CV2jnTcII5v/
2021-11-03,"[Tarih: 2021-11-03] Elaz-Bingl-Tunceli-Malatya illerinden gelen katlmclarmz ile ""Tarmsal rnlerin Yetitirilmesi lenmesi ve Pazarlanmas Eitimi""miz ikinci gn balad.",https://www.instagram.com/p/CVzn7e0INCg/
2021-11-03,"[Tarih: 2021-11-03] Sanayi ve Teknoloji Bakanlnn 2019 Yl Sosyal Gelimeyi Destekleme Program (SOGEP) kapsamnda Desteklenen pek Yolu llerindeki Kadn Ve Genlerin Aktif Yaama Dahil Edilmesi Ve stihdama Katk Projesi Kapsamnda""Metin Yazarl ve Senaristlik Eitimi Balad.",https://www.instagram.com/p/CVznYJnIyzD/
2021-11-01,"[Tarih: 2021-11-01] Sevgili Genler pek Yolu Eitimlerine devam ediyor! TARIMSAL RNLERN YETTRLMES, LENMES VE PAZARLAMA ETM Eitim Konular; 1. Toprak Nedir Ve Toprak Bakm Nasl Yaplr? (Pratik Ve Teorik) 2. Seraclk Nedir Nasl Yaplr? (Pratik Ve Teorik) 3. Bitkilerin reme ekilleri Ve zellikleri Nelerdir? 4. Tohumlama, elikleme Nasl Yaplr? (Pratik Ve Teorik) 5. Hasat Ve Toplama Nasl Yaplr? (Pratik Ve Teorik) 6. Bitkileri leme Yntemleri Nelerdir? 7. Tarmsal rnlerin Pazar Durumu Nedir Ve Pazarlama Yntemleri Nelerdir? Eitim Yeri: pek Yolu Uluslararas ocuk ve Genlik almalar Merkezi/Elaz Eitim Sresi: 4 gn Sre: 32 saat Yolculuk: Katlmclarn yolculuk masraflar karlanmamaktadr. Konaklama: Etkinlik kapsamnda konaklama pek Yolu Uluslararas ocuk ve Genlik almalar Merkezinde gerekletirilecektir. Yemekler: Etkinlik kapsamnda sabah kahvalts, le ve akam yemekleri ile kahve aralar kurumumuz tarafndan karlanacaktr. Not: Eitimimiz sadece Elaz, Malatya, Tunceli ve Bingl illerinde yaayan genlerin bavurusuna aktr. Bavuru iin profilde ki linke tklaman yeterli",https://www.instagram.com/p/CVu6GcZoRAh/
2021-10-29,[Tarih: 2021-10-29] Elaz Belediyesi Nekes Ara Takm,https://www.instagram.com/p/CVnDo2cIlI9/
2021-10-29,[Tarih: 2021-10-29] Elaz Valisi Sayn mer Toraman pek Yolu hatra defterini imzalad.,https://www.instagram.com/p/CVnDfg0IbS3/
2021-10-29,[Tarih: 2021-10-29] pek Yolu Roket Takmnn lansman..,https://www.instagram.com/p/CVnDUr5Ixqa/
2021-10-29,[Tarih: 2021-10-29] Giriimci Kuluka Merkezi Ziyareti,https://www.instagram.com/p/CVnDQg5oWbz/
2021-10-29,[Tarih: 2021-10-29] etkinlikleri kapsamnda pek Yolu Gen Ofis al gerekletirildi.,https://www.instagram.com/p/CVnB65SIR8r/
2021-10-28,"[Tarih: 2021-10-28] Sevgili Genler pek Yolu Eitimlerine devam ediyor! Sanayi ve Teknoloji Bakanlnn 2019 Yl Sosyal Gelimeyi Destekleme Program (SOGEP) kapsamnda Desteklenen pek Yolu llerindeki Kadn Ve Genlerin Aktif Yaama Dahil Edilmesi Ve stihdama Katk Projesi Kapsamnda ""9-10-11 Kasm Ynetmenlik ve Yapm, Tiyatro ve Oyunculuk Eitimi"" Elz'da gerekleecektir. Proje, Frat Kalknma Ajans destei ile Elaz Valilii, Elaz zel daresi, Frat niversitesi ve Elaz Belediyesi Ortaklnda Yrtlmektedir. Daha fazla detay ve bavuru iin profilde ki linke tklaman yeterli",https://www.instagram.com/p/CVkmzidoU9T/
2021-10-28,"[Tarih: 2021-10-28] Sevgili Genler pek Yolu Eitimlerine devam ediyor! Sanayi ve Teknoloji Bakanlnn 2019 Yl Sosyal Gelimeyi Destekleme Program (SOGEP) kapsamnda Desteklenen pek Yolu llerindeki Kadn Ve Genlerin Aktif Yaama Dahil Edilmesi Ve stihdama Katk Projesi Kapsamnda ""3-4-5 Kasm Metin Yazarl ve Senaristlik Eitimi"" Elz'da gerekleecektir. Daha fazla detay ve bavuru iin profilde ki linke tklaman yeterli",https://www.instagram.com/p/CVkmtoao46l/
2021-10-26,"[Tarih: 2021-10-26] Sevgili Genler pek Yolu Eitimlerine devam ediyor! TARIMSAL RNLERN YETTRLMES, LENMES VE PAZARLAMA ETM Eitim Konular; 1. Toprak Nedir Ve Toprak Bakm Nasl Yaplr? (Pratik Ve Teorik) 2. Seraclk Nedir Nasl Yaplr? (Pratik Ve Teorik) 3. Bitkilerin reme ekilleri Ve zellikleri Nelerdir? 4. Tohumlama, elikleme Nasl Yaplr? (Pratik Ve Teorik) 5. Hasat Ve Toplama Nasl Yaplr? (Pratik Ve Teorik) 6. Bitkileri leme Yntemleri Nelerdir? 7. Tarmsal rnlerin Pazar Durumu Nedir Ve Pazarlama Yntemleri Nelerdir? Eitim Yeri: pek Yolu Uluslararas ocuk ve Genlik almalar Merkezi/Elaz Eitim Sresi: 4 gn Sre: 32 saat Yolculuk: Katlmclarn yolculuk masraflar karlanmamaktadr. Konaklama: Etkinlik kapsamnda konaklama pek Yolu Uluslararas ocuk ve Genlik almalar Merkezinde gerekletirilecektir. Yemekler: Etkinlik kapsamnda sabah kahvalts, le ve akam yemekleri ile kahve aralar kurumumuz tarafndan karlanacaktr. Not: Eitimimiz sadece Elaz, Malatya, Tunceli ve Bingl illerinde yaayan genlerin bavurusuna aktr. Bavuru iin profilde ki linke tklaman yeterli",https://www.instagram.com/p/CVf9UIzoccq/
2021-10-26,[Tarih: 2021-10-26] Cumhuriyetimizin 98inci ylnda ocuk ve Genlik Festivalinde buluuyoruz. Birbirinden elenceli faaliyetlerle ocuk ve Genlik Festivaline bekliyoruz. 29 Ekim Cuma 10.30 pek Yolu Uluslararas ocuk ve Genlik almalar Merkezi,https://www.instagram.com/p/CVf0dk6oupS/
2021-10-20,[Tarih: 2021-10-20] pek Yolu Uluslararas ocuk ve Genlik almalar Merkezi Elazda faaliyetlerine tam gaz devam ediyor!,https://www.instagram.com/p/CVQNHgUoezx/
2021-10-15,[Tarih: 2021-10-15] Elaz Bilim enliindeyiz Bir ocuk gelsin teknolojiye dokunsun,https://www.instagram.com/p/CVCxC6covCc/
2021-10-14,"[Tarih: 2021-10-14] Elaz Valisi Sn. mer Toraman, Elaz Belediye Bakan Sn. ahin erifogullar , Elaz l zel daresi Genel Sekreteri Sn. Ali i ve beraberindeki heyet Elaz Bilim Merkezi'nde bulunan ekibimizi ziyaret edip almalarmz hakknda bilgi aldlar.",https://www.instagram.com/p/CVAWBCQIIW8/
2021-10-13,"[Tarih: 2021-10-13] ""CV ve Motivasyon Mektubu Hazrlama Egitimi"" ve ""Aktif Katlm ve Gnlllk Eitimi"" ilk gnne katlmclarmzn tam katlmyla balad.",https://www.instagram.com/p/CU-B013IFAP/
2021-10-12,"[Tarih: 2021-10-12] pek Yolu Uluslararas ocuk ve Genlik Merkezi Gen Ofis hizmetinizdedir. Takip et, haberdar ol!",https://www.instagram.com/p/CU7FjQ7IAuA/
2021-10-09,"[Tarih: 2021-10-09] pek Yolu llerindeki Kadn ve Genlerin Aktif Yaama Dahil Edilmesi ve stihdama Katk Projesi kapsamnda 06-09 Ekim tarihlerinde dzenlediimiz ""Sosyal Giriimcilik ve novasyon Egitimi"" ni baaryla tamamlayp katlmclarmza sertifikalarn takdim ettik. Katlmclarmza yapacaklar almalarda pek Yolu ailesi olarak baarlar dileriz.",https://www.instagram.com/p/CU0CBhloYhC/
2021-10-08,"[Tarih: 2021-10-08] Frat niversitesi Rektr Prof. Dr. Fahrettin GKTA,Rektr Yardmcs Prof. Dr. Mehmet YILMAZ Teknofest 2021 Roket yarmasnda orta irtifa kategorisinde Trkiye kincisi ve En yi Takm Ruhu dlyle Elaza dnen roket takmmz ziyaret etti. Frat niversitesine akademik desteinden dolay teekkr ederiz.",https://www.instagram.com/p/CUxnFhfoKwJ/
2021-10-07,[Tarih: 2021-10-07] 14-15-16 Ekim Elaz Bilim enliindeyiz. Elaz Bilim Merkezi,https://www.instagram.com/p/CUupi2RoZp0/
2021-10-06,"[Tarih: 2021-10-06] 06-07-08-09 Ekim tarihleri arasnda dzenleyeceimiz "" Sosyal Giriimcilik ve novasyon Eitimi "" ilk gnne katlmclarmzn tam katlmyla balad.",https://www.instagram.com/p/CUr6B5LowNQ/
2021-10-05,"[Tarih: 2021-10-05] Sevgili Genler pek Yolu Eitimlerine devam ediyor! TARIMSAL RNLERN YETTRLMES, LENMES VE PAZARLAMA ETM Eitim Konular; 1. Toprak Nedir Ve Toprak Bakm Nasl Yaplr? (Pratik Ve Teorik) 2. Seraclk Nedir Nasl Yaplr? (Pratik Ve Teorik) 3. Bitkilerin reme ekilleri Ve zellikleri Nelerdir? 4. Tohumlama, elikleme Nasl Yaplr? (Pratik Ve Teorik) 5. Hasat Ve Toplama Nasl Yaplr? (Pratik Ve Teorik) 6. Bitkileri leme Yntemleri Nelerdir? 7. Tarmsal rnlerin Pazar Durumu Nedir Ve Pazarlama Yntemleri Nelerdir? Eitim Yeri: pek Yolu Uluslararas ocuk ve Genlik almalar Merkezi/Elaz Eitim Tarihleri: Katlmak istediiniz tarihleri formdan seebilirsiniz. Eitim Sresi: 3 gn Sre: 32 saat Yolculuk: Katlmclarn yolculuk masraflar karlanmamaktadr. Konaklama: Etkinlik kapsamnda konaklama pek Yolu Uluslararas ocuk ve Genlik almalar Merkezinde gerekletirilecektir. Yemekler: Etkinlik kapsamnda sabah kahvalts, le ve akam yemekleri ile kahve aralar kurumumuz tarafndan karlanacaktr. Not: Eitimimiz sadece Elaz, Malatya, Tunceli ve Bingl illerinde yaayan genlerin bavurusuna aktr. Bavuru iin profilde ki linke tklaman yeterli",https://www.instagram.com/p/CUp5eBsoDCk/
2021-10-03,[Tarih: 2021-10-03] Milletvekilimiz Sn. Metin Bulut Teknofest 2021de Trkiye kincilii ve En yi Takm Ruhu dl ile bizleri gururlandran Roket Takmmz ziyaret ederek merkezimizdeki faaliyetleri inceledi.,https://www.instagram.com/p/CUkXbtsI8it/
2021-10-01,[Tarih: 2021-10-01] P E K Y O L U R O C K E T TEAM WAS HERE !,https://www.instagram.com/p/CUewBNUoNKq/
2021-09-30,"[Tarih: 2021-09-30] pek Yolu llerindeki Kadn ve Genlerin Aktif Yaama Dahil Edilmesi ve stihdama Katk Projesi kapsamnda dzenlediimiz 4 gnlk ""Tarmsal rnlerin Yetitirilmesi, lenmesi Ve Pazarlama Eitimi"" ni baaryla tamamlayp katlmclarmza sertifikalarn takdim ettik. Katlmclarmza yapacaklar almalarda pek Yolu ailesi olarak baarlar dileriz.",https://www.instagram.com/p/CUcMV_aIREB/
2021-09-29,[Tarih: 2021-09-29] Tarm Egitimimiz uygulama blm ile devam etmektedir.,https://www.instagram.com/p/CUZ5Et_oc5v/
2021-09-28,"[Tarih: 2021-09-28] Sevgili Genler pek Yolu Eitimlerine devam ediyor! TARIMSAL RNLERN YETTRLMES, LENMES VE PAZARLAMA ETM Eitim Konular; 1. Toprak Nedir Ve Toprak Bakm Nasl Yaplr? (Pratik Ve Teorik) 2. Seraclk Nedir Nasl Yaplr? (Pratik Ve Teorik) 3. Bitkilerin reme ekilleri Ve zellikleri Nelerdir? 4. Tohumlama, elikleme Nasl Yaplr? (Pratik Ve Teorik) 5. Hasat Ve Toplama Nasl Yaplr? (Pratik Ve Teorik) 6. Bitkileri leme Yntemleri Nelerdir? 7. Tarmsal rnlerin Pazar Durumu Nedir Ve Pazarlama Yntemleri Nelerdir? Eitim Yeri: pek Yolu Uluslararas ocuk ve Genlik almalar Merkezi/Elaz Eitim Tarihleri: Katlmak istediiniz tarihleri formdan seebilirsiniz. Eitim Sresi: 4 gn Sre: 32 saat Yolculuk: Katlmclarn yolculuk masraflar karlanmamaktadr. Konaklama: Etkinlik kapsamnda konaklama pek Yolu Uluslararas ocuk ve Genlik almalar Merkezinde gerekletirilecektir. Yemekler: Etkinlik kapsamnda sabah kahvalts, le ve akam yemekleri ile kahve aralar kurumumuz tarafndan karlanacaktr. Not: Eitimimiz sadece Elaz, Malatya, Tunceli ve Bingl illerinde yaayan genlerin bavurusuna aktr. Bavuru iin profilde ki linke tklaman yeterli",https://www.instagram.com/p/CUXEuNLJ398/
2021-09-27,"[Tarih: 2021-09-27] Yine Gzmz Ykseklerde Roket Takmmzn ald bu stn baarda, takmmz destekleyen Elaz Valilii, Elaz Valilii l zel daresi, Frat niversitesi, Elaz Belediyesi ve Frat Kalknma Ajans'na teekkr ederiz.",https://www.instagram.com/p/CUVR07HoIum/
2021-09-26,"[Tarih: 2021-09-26] yi geceler pek Yolu Genlik ailesi pek Yolu Uluslararas ocuk ve Genlik almalar Merkezi olarak vizyon ve misyonlarmz dorultusunda Elaz'mz ve lkemizi her koulda, her artta, her alanda ve her mecrada gururla ve en baarl ekilde temsil etmeye devam edeceiz.",https://www.instagram.com/p/CUTC2y1IUak/
2021-09-26,"[Tarih: 2021-09-26] ""Bin atl aknlarda ocuklar gibi endik Bin atl o gn dev gibi bir orduyu yendik."" Teknofest 2021 kapsamnda dzenlenen Roket Yarmasnda pek Yolu Uluslararas ocuk ve Genlik almalar Merkezi Roket Takm olarak yarmaya katlp yarmay 2. olarak tamamlayan Roket Takmmz tebrik ederiz.",https://www.instagram.com/p/CUSg82nIgWo/
2021-09-26,"[Tarih: 2021-09-26] lk dl ""Teknofest 2021 En yi Takm Ruhu dl""",https://www.instagram.com/p/CUR-NTyo-Gy/
2021-09-25,"[Tarih: 2021-09-25] ok olanlar degil nananlar Kazanr. ok altk, ok nandk ve Baardk. Teknofest Roket Yarmasnda Trkiye 2. ligi ve ""En yi Takm Ruhu dl"" alan Roket Takmmz tebrik ederiz.",https://www.instagram.com/p/CUP_qveonLH/
2021-09-25,"[Tarih: 2021-09-25] Ak Parti Genel Bakan Yardmcs ve Konya Milletvekili Sn. Leyla ahin Usta hanmefendi ve Elaz l zel daresi Genel Sekreter Yardmcs Sn. Dr. Murat Okubay merkezimizi Teknofest festivali kapsamnda dzenlenen yarmalarda 1 Roket Takm ve 2 HA takmyla temsil eden, takmlarmz ziyaret ettiler.",https://www.instagram.com/p/CUPc6PzI-Ku/
2021-09-20,"[Tarih: 2021-09-20] Sevgili Genler pek Yolu Eitimlerine devam ediyor! Sanayi ve Teknoloji Bakanlnn 2019 Yl Sosyal Gelimeyi Destekleme Program (SOGEP) kapsamnda Desteklenen pek Yolu llerindeki Kadn Ve Genlerin Aktif Yaama Dahil Edilmesi Ve stihdama Katk Projesi Kapsamnda ""Sosyal Giriimcilik ve novasyon Eitimi"" 06-07-08-09 Ekim 2021 tarihlerinde Elz'da gerekleecektir. Eitim Yeri: pek Yolu Uluslararas ocuk ve Genlik almalar Merkezi/Elaz Eitim Tarihleri: 06-07-08-09 Ekim 2021 (Eitimimiz 06 Ekim aramba gn le yemei ile balayp 09 Ekim Cumartesi gn lende sona erecektir.) Eitim Sresi: 4 gn Sre: 32 saat Yolculuk: Katlmclarn yolculuk masraflar karlanmamaktadr. Konaklama: Etkinlik kapsamnda konaklama pek Yolu Uluslararas ocuk ve Genlik almalar Merkezinde gerekletirilecektir. Yemekler: Etkinlik kapsamnda sabah kahvalts, le ve akam yemekleri ile kahve aralar kurumumuz tarafndan karlanacaktr. Not: Eitimimiz sadece Elaz, Malatya, Tunceli ve Bingl illerinde yaayan genlerin bavurusuna aktr. Bavuru iin profildeki linke tklaman yeterli",https://www.instagram.com/p/CUCj0mVoWZo/
2021-09-20,"[Tarih: 2021-09-20] Sevgili Genler pek Yolu Eitimlerine devam ediyor! Sanayi ve Teknoloji Bakanlnn 2019 Yl Sosyal Gelimeyi Destekleme Program (SOGEP) kapsamnda Desteklenen pek Yolu llerindeki Kadn Ve Genlerin Aktif Yaama Dahil Edilmesi Ve stihdama Katk Projesi Kapsamnda ""Sosyal Dahil Etme ve erme Eitimi"" 12-13-14-15 Ekim 2021 tarihlerinde Elz'da gerekleecektir. Eitim Yeri: pek Yolu Uluslararas ocuk ve Genlik almalar Merkezi/Elaz Eitim Tarihleri: 12-13-14-15 Ekim 2021 (Eitimimiz 12 Ekim Sal gn le yemei ile balayp 15 Ekim Cuma gn lende sona erecektir.) Eitim Sresi: 4 gn Sre: 32 saat Yolculuk: Katlmclarn yolculuk masraflar karlanmamaktadr. Konaklama: Etkinlik kapsamnda konaklama pek Yolu Uluslararas ocuk ve Genlik almalar Merkezinde gerekletirilecektir. Yemekler: Etkinlik kapsamnda sabah kahvalts, le ve akam yemekleri ile kahve aralar kurumumuz tarafndan karlanacaktr. Not: Eitimimiz sadece Elaz, Malatya, Tunceli ve Bingl illerinde yaayan genlerin bavurusuna aktr. Bavuru iin profildeki linke tklaman yeterli",https://www.instagram.com/p/CUCgiMjoMOW/
2021-09-20,"[Tarih: 2021-09-20] Sevgili Genler pek Yolu Eitimlerine devam ediyor! TARIMSAL RNLERN YETTRLMES, LENMES VE PAZARLAMA ETM Eitim Konular; 1. Toprak Nedir Ve Toprak Bakm Nasl Yaplr? (Pratik Ve Teorik) 2. Seraclk Nedir Nasl Yaplr? (Pratik Ve Teorik) 3. Bitkilerin reme ekilleri Ve zellikleri Nelerdir? 4. Tohumlama, elikleme Nasl Yaplr? (Pratik Ve Teorik) 5. Hasat Ve Toplama Nasl Yaplr? (Pratik Ve Teorik) 6. Bitkileri leme Yntemleri Nelerdir? 7. Tarmsal rnlerin Pazar Durumu Nedir Ve Pazarlama Yntemleri Nelerdir? Eitim Yeri: pek Yolu Uluslararas ocuk ve Genlik almalar Merkezi/Elaz Eitim Tarihleri: Katlmak istediiniz tarihleri formdan seebilirsiniz. Eitim Sresi: 4 gn Sre: 32 saat Yolculuk: Katlmclarn yolculuk masraflar karlanmamaktadr. Konaklama: Etkinlik kapsamnda konaklama pek Yolu Uluslararas ocuk ve Genlik almalar Merkezinde gerekletirilecektir. Yemekler: Etkinlik kapsamnda sabah kahvalts, le ve akam yemekleri ile kahve aralar kurumumuz tarafndan karlanacaktr. Not: Eitimimiz sadece Elaz, Malatya, Tunceli ve Bingl illerinde yaayan genlerin bavurusuna aktr. Bavuru iin profilde ki linke tklaman yeterli",https://www.instagram.com/p/CUCbIJ9IOkc/
2021-09-17,[Tarih: 2021-09-17] Katlmclarmzn gznden..,https://www.instagram.com/p/CT7V_8Vo3BE/
2021-09-17,[Tarih: 2021-09-17] HAmz elebi Sn. bakanmznda katlmyla pistin tozunu ald.,https://www.instagram.com/p/CT6zyRHI6y7/
2021-09-16,[Tarih: 2021-09-16] Sayn Bakanmz gveniniz ve merkezimize vermi olduunuz desteklerden dolay ok teekkr ederiz. Sizlerin gveni ve destekleriyle nice ocuklarmz ve genlerimizi nda lkemize hizmet etmek iin yetitireceiz inallah,https://www.instagram.com/p/CT5RKjvo0ZS/
2021-09-16,"[Tarih: 2021-09-16] pek Yolu llerindeki Kadn ve Genlerin Aktif Yaama Dahil Edilmesi ve stihdama Katk Projesi kapsamnda dzenlediimiz 4 gnlk ""Aktif Katlm ve Gnlllk Eitimi"" ni baaryla tamamlayp katlmclarmza sertifikalarn takdim ettik. Katlmclarmza yapacaklar almalarda pek Yolu ailesi olarak baarlar dileriz.",https://www.instagram.com/p/CT4PgXoopb_/
2021-09-15,[Tarih: 2021-09-15] nsansz Hava Aralar Takmmz Otonom uularn yapyor.,https://www.instagram.com/p/CT1slpMIPKW/
2021-09-14,[Tarih: 2021-09-14] Aktif Katlm ve Gnlllk Eitimi devam ediyor.,https://www.instagram.com/p/CTzfbpjoeEY/
2021-09-14,"[Tarih: 2021-09-14] pek Yolu Liseli Drone Takmlarmz Teknofest HA Yarmas iin Bursa'da.. nanyoruz, Gveniyoruz Baaracaksnz ocuklar !",https://www.instagram.com/p/CTzabXBI6Rr/
2021-09-14,"[Tarih: 2021-09-14] Sevgili Genler pek Yolu Eitimlerine devam ediyor! TARIMSAL RNLERN YETTRLMES, LENMES VE PAZARLAMA ETM Eitim Konular; 1. Toprak Nedir Ve Toprak Bakm Nasl Yaplr? (Pratik Ve Teorik) 2. Seraclk Nedir Nasl Yaplr? (Pratik Ve Teorik) 3. Bitkilerin reme ekilleri Ve zellikleri Nelerdir? 4. Tohumlama, elikleme Nasl Yaplr? (Pratik Ve Teorik) 5. Hasat Ve Toplama Nasl Yaplr? (Pratik Ve Teorik) 6. Bitkileri leme Yntemleri Nelerdir? 7. Tarmsal rnlerin Pazar Durumu Nedir Ve Pazarlama Yntemleri Nelerdir? Eitim Yeri: pek Yolu Uluslararas ocuk ve Genlik almalar Merkezi/Elaz Eitim Tarihleri: Katlmak istediiniz tarihleri formdan seebilirsiniz. Eitim Sresi: 4 gn Sre: 32 saat Yolculuk: Katlmclarn yolculuk masraflar karlanmamaktadr. Konaklama: Etkinlik kapsamnda konaklama pek Yolu Uluslararas ocuk ve Genlik almalar Merkezinde gerekletirilecektir. Yemekler: Etkinlik kapsamnda sabah kahvalts, le ve akam yemekleri ile kahve aralar kurumumuz tarafndan karlanacaktr. Not: Eitimimiz sadece Elaz, Malatya, Tunceli ve Bingl illerinde yaayan genlerin bavurusuna aktr. Bavuru iin profilde ki linke tklaman yeterli",https://www.instagram.com/p/CTy-t3jIFBt/
2021-09-13,"[Tarih: 2021-09-13] 13-16 Eyll tarihleri arasnda dzenleyeceimiz ""Aktif Katlm ve Gnlllk Eitimi""miz katlmclarmzn tam katlmyla ilk gnne balad.",https://www.instagram.com/p/CTw2dg2oDRj/
2021-09-13,[Tarih: 2021-09-13] pek Yolu llerindeki Kadn ve ocuklarn Aktif Yaama Dahil Edilmesi ve stihdama Katk Projesi kapsamnda Aktif Katlm ve Gnlllk Eitimi balad!,https://www.instagram.com/p/CTwx7FjILfy/
2021-09-11,[Tarih: 2021-09-11] Teknofest Drone Yarmas iin Bursaya doru yola kyorlar . Liseli takmlarmz 2 proje ile Merkezimizi ve Elaz temsil edecekler. Haydi ocuklar inanyoruz ve gveniyoruz sizlere. ok emek verdiniz imdi sra sizde,https://www.instagram.com/p/CTsUu_AIMCb/
2021-09-11,"[Tarih: 2021-09-11] 13-16 Eyll tarihleri arasnda dzenleyeceimiz ""Aktif Katlm ve Gnlllk Eitimi"" katlmc listesi aklanmtr. Eitim tarihinde pek Yolu'nda grmek zere",https://www.instagram.com/p/CTrRp5MoPbl/
2021-09-10,[Tarih: 2021-09-10] Roketimiz baarl bir ekilde iniini gerekletirdi. Roket takmmz tebrik ederiz.,https://www.instagram.com/p/CToshuPIQ5H/
2021-09-10,"[Tarih: 2021-09-10] 8 ay nce sfrdan baladnz, ok altnz, inandnz emek verdiniz ve bugn stikbal Gklerde, roketimiz gklerde. Saolun genler var olun genler! Baarl bir ekilde atn gerekletiren roket takmmz tebrik ederiz. Baarl bir ekilde atn gerekletiren roket takmmz tebrik ederiz.",https://www.instagram.com/p/CTogLKdIJqC/
2021-09-09,[Tarih: 2021-09-09] nanyoruz gveniyoruz ve hayrl sonular bekliyoruz genler!,https://www.instagram.com/p/CTmG_EIoWbu/
2021-09-08,"[Tarih: 2021-09-08] ""Tarmsal rnlerin Yetitirilmesi lenmesi ve Pazarlanmas Eitimi"" mizin 3. gnnde uygulama blmne gei yaptk.",https://www.instagram.com/p/CTjeZDAoCti/
2021-09-08,[Tarih: 2021-09-08] 8 aylk zorlu mcadele sonunda tm yeil etiketleri alan ve bugn at yapacak olan pek Yolu Roket Takmmza baarlar diliyoruz.,https://www.instagram.com/p/CTjVqido5UD/
2021-09-07,[Tarih: 2021-09-07] Avrupann En Byk ocuk ve Genlik almalar Merkezinde Aktif Katlm ve Gnlllk Eitimi devam ediyor!,https://www.instagram.com/p/CTg8jZmgYEG/
2021-09-07,[Tarih: 2021-09-07] Aktif Katlm ve Gnlllk ve CV ve Motivasyon Mektubu Hazrlama eitimlerimiz devam ediyor!,https://www.instagram.com/p/CTg6qtQgu-h/
2021-09-06,"[Tarih: 2021-09-06] 6-9 Eyll tarihleri arasnda dzenleyeceimiz ""Tarmsal rnlerin Yetitirilmesi lenmesi ve Pazarlanmas Eitimi"" miz katlmclarmzn tam katlmyla ilk gnne balad.",https://www.instagram.com/p/CTem37io17U/
2021-09-06,"[Tarih: 2021-09-06] 6-10 Eyll tarihleri arasnda dzenleyeceimiz ""CV ve Motivasyon Mektubu Hazrlama Egitimi"" ve ""Aktif Katlm ve Gnlllk Eitimi"" ilk gnne katlmclarmzn tam katlmyla balad.",https://www.instagram.com/p/CTemphKIus-/
2021-09-05,"[Tarih: 2021-09-05] Sevgili Genler pek Yolu Eitimlerine devam ediyor! ""Aktif Katlm ve Gnlllk, zgemi ve Motivasyon Mektubu Hazrlama Eitimi"" 2. grup bavurularmz balad. Eitim Yeri: pek Yolu Uluslararas ocuk ve Genlik almalar Merkezi/Elaz Eitim Tarihleri: 13-14-15-16 Eyll 2021 Eitim Sresi: 4 gn Sre: 32 saat Yolculuk: Katlmclarn yolculuk masraflar karlanmamaktadr. Konaklama: Etkinlik kapsamnda konaklama pek Yolu Uluslararas ocuk ve Genlik almalar Merkezinde gerekletirilecektir. Yemekler: Etkinlik kapsamnda sabah kahvalts, le ve akam yemekleri ile kahve aralar kurumumuz tarafndan karlanacaktr. Not: Eitimimiz sadece Elaz, Malatya, Tunceli ve Bingl illerinde yaayan genlerin bavurusuna aktr. Bavuru iin profildeki linke tklaman yeterli",https://www.instagram.com/p/CTbyxj6gxPb/
2021-08-30,[Tarih: 2021-08-30] 30 Austos Zafer Bayrammz kutlu olsun.,https://www.instagram.com/p/CTL7ioxoSjR/
2021-08-28,"[Tarih: 2021-08-28] Sevgili Genler pek Yolu Eitimlerine devam ediyor! TARIMSAL RNLERN YETTRLMES, LENMES VE PAZARLAMA ETM Eitim Konular; 1. Toprak Nedir Ve Toprak Bakm Nasl Yaplr? (Pratik Ve Teorik) 2. Seraclk Nedir Nasl Yaplr? (Pratik Ve Teorik) 3. Bitkilerin reme ekilleri Ve zellikleri Nelerdir? 4. Tohumlama, elikleme Nasl Yaplr? (Pratik Ve Teorik) 5. Hasat Ve Toplama Nasl Yaplr? (Pratik Ve Teorik) 6. Bitkileri leme Yntemleri Nelerdir? 7. Tarmsal rnlerin Pazar Durumu Nedir Ve Pazarlama Yntemleri Nelerdir? Eitim Yeri: pek Yolu Uluslararas ocuk ve Genlik almalar Merkezi/Elaz Eitim Tarihleri: Katlmak istediiniz tarihleri formdan seebilirsiniz. Eitim Sresi: 4 gn Sre: 32 saat Yolculuk: Katlmclarn yolculuk masraflar karlanmamaktadr. Konaklama: Etkinlik kapsamnda konaklama pek Yolu Uluslararas ocuk ve Genlik almalar Merkezinde gerekletirilecektir. Yemekler: Etkinlik kapsamnda sabah kahvalts, le ve akam yemekleri ile kahve aralar kurumumuz tarafndan karlanacaktr. Not: Eitimimiz sadece Elaz, Malatya, Tunceli ve Bingl illerinde yaayan genlerin bavurusuna aktr. Bavuru iin profilde ki linke tklaman yeterli",https://www.instagram.com/p/CTH5iCBoESW/
2021-08-28,"[Tarih: 2021-08-28] Sevgili Genler pek Yolu Eitimlerine devam ediyor! ""Aktif Katlm ve Gnlllk, zgemi ve Motivasyon Mektubu Hazrlama Eitimi"" bavurularmz balad. Eitim Yeri: pek Yolu Uluslararas ocuk ve Genlik almalar Merkezi/Elaz Eitim Tarihleri: 06-07-08-09-10 Eyll 2021 Eitim Sresi: 5 gn Sre: 32 saat Yolculuk: Katlmclarn yolculuk masraflar karlanmamaktadr. Konaklama: Etkinlik kapsamnda konaklama pek Yolu Uluslararas ocuk ve Genlik almalar Merkezinde gerekletirilecektir. Yemekler: Etkinlik kapsamnda sabah kahvalts, le ve akam yemekleri ile kahve aralar kurumumuz tarafndan karlanacaktr. Not: Eitimimiz sadece Elaz, Malatya, Tunceli ve Bingl illerinde yaayan genlerin bavurusuna aktr. Bavuru iin profildeki linke tklaman yeterli",https://www.instagram.com/p/CTHqyIhIJ6m/
2021-08-28,"[Tarih: 2021-08-28] Sevgili Genler pek Yolu Eitimlerine devam ediyor! ""Aktif Katlm ve Gnlllk, zgemi ve Motivasyon Mektubu Hazrlama Eitimi"" bavurularmz balad. Eitim Yeri: pek Yolu Uluslararas ocuk ve Genlik almalar Merkezi/Elaz Eitim Tarihleri:06-07-08-09-10 Eyll 2021 Eitim Sresi: 5 gn Sre: 32 saat Yolculuk: Katlmclarn yolculuk masraflar karlanmamaktadr. Konaklama: Etkinlik kapsamnda konaklama pek Yolu Uluslararas ocuk ve Genlik almalar Merkezinde gerekletirilecektir. Yemekler: Etkinlik kapsamnda sabah kahvalts, le ve akam yemekleri ile kahve aralar kurumumuz tarafndan karlanacaktr. Not: Eitimimiz sadece Elaz, Malatya, Tunceli ve Bingl illerinde yaayan genlerin bavurusuna aktr. Bavuru iin profildeki linke tklaman yeterli",https://www.instagram.com/p/CTHcmnyoYva/
2021-08-26,[Tarih: 2021-08-26] 23-26 Austos tarihleri arasnda dzenlediimiz PCM (Proje Dngs ve Ynetimi Eitimi) ve Tarmsal rnlerin Yetitirilmesi lenmesi ve Pazarlanmas Eitimlerimizi baaryla tamamlayp katlmclarmza sertifikalarn takdim ettik. Tm katlmclarmza yapacaklar almalarda pek Yolu ailesi olarak baarlar dileriz. Agustos ayn 8 eitim ile kapatyoruz. Eyll aynda egitimlerimiz tekrar devam edecektir. Eitimlerimizin bavuru formlar sayfamzdan duyuru olarak sizlerle paylalacaktr. Duyurusu yaplan ve bavuru formu alan egitimlerimize bavuru yaparak cretsiz olarak yararlanabilirsiniz.,https://www.instagram.com/p/CTCX4cvI1yW/
2021-08-25,[Tarih: 2021-08-25] Roket Yarmasnda son aama olan Ata Hazrlk Raporundan(AHR) tam puan alarak finale kalan pek Yolu Roket Takmmz tebrik ediyoruz. Teekkrler,https://www.instagram.com/p/CS_8LNyITww/
2021-08-25,[Tarih: 2021-08-25] Before/After Yaklak 45 gn nce yaptmz ilk organik tarm egitimimizde hasatn katlmclarmzn yapt kantaron bitkisini maserasyon yntemi ile ileyip gne nda beklemeye almtk. 45 gnn sonunda kantaron yan elde ettik.,https://www.instagram.com/p/CS_5d71IHUp/
2021-08-25,[Tarih: 2021-08-25] Tarmsal rnlerin Yetitirilmesi lenmesi ve Pazarlanmas Eitimimizin 3. Gnnde katlmclarmz ile uygulama blmne gei yaptk.,https://www.instagram.com/p/CS_R63zIInB/
2021-08-23,[Tarih: 2021-08-23] pek Yolu Uluslararas ocuk ve Genlik almalar Merkezi,https://www.instagram.com/p/CS61XWpI2m1/
2021-08-23,"[Tarih: 2021-08-23] Austos ay ierisinde, 4 grup olarak planladmz ""Tarmsal rnlerin Yetitirilmesi lenmesi ve Pazarlanmas Eitimi""miz 4. ve son grubumuzun katlmyla ilk gnne balad.",https://www.instagram.com/p/CS6onwvoUpj/
2021-08-23,"[Tarih: 2021-08-23] Austos ay ierisinde, 4 grup olarak planladmz PCM (Proje Dngs ve Ynetimi Eitimi)miz 4. ve son grubumuzun katlmyla ilk gnne balad.",https://www.instagram.com/p/CS6oYVGosAW/
2021-08-21,[Tarih: 2021-08-21] TRT GAP DYARBAKIR Radyosu yremizden programna konuk oluyoruz.,https://www.instagram.com/p/CS2YBWJoVEj/
2021-08-20,[Tarih: 2021-08-20] 23-26 Austos tarihleri arasnda dzenleyeceimiz PCM (Proje Dngs ve Ynetimi) katlmc listesi aklanmtr.,https://www.instagram.com/p/CSzHSf3IL01/
2021-08-20,"[Tarih: 2021-08-20] 23-26 Austos tarihleri arasnda dzenleyeceimiz ""Tarmsal rnlerin Yetitirilmesi lenmesi ve Pazarlanmas Eitimi"" mizin katlmc listesi aklanmtr.",https://www.instagram.com/p/CSyzajvIU7C/
2021-08-19,[Tarih: 2021-08-19] pek Yolu llerindeki Kadn ve Genlerin Aktif Yaama Dahil Edilmesi ve stihdama Katk Projesi kapsamnda dzenlediimiz 4 gnlk PCM (Proje Dngs ve Ynetimi Eitimi) ve Tarmsal rnlerin Yetitirilmesi lenmesi ve Pazarlanmas Eitimlerimizi baaryla tamamlayp katlmclarmza sertifikalarn takdim ettik. Tm katlmclarmza yapacaklar almalarda pek Yolu ailesi olarak baarlar dileriz.,https://www.instagram.com/p/CSw8HqGIcon/
2021-08-19,"[Tarih: 2021-08-19] pek Yolu llerindeki Kadn ve Genlerin Aktif Yaama Dahil Edilmesi ve stihdama Katk Projesi kapsamnda dzenlediimiz ""Tarmsal rnlerin Yetitirilmesi lenmesi ve Pazarlanmas Eitimi""miz 4. ve son gnnde katlmclarmzn hasatn yapt adaay bitkisinden uucu ya alma ilemini baaryla gerekletirdi.",https://www.instagram.com/p/CSv_oOAIg7l/
2021-08-18,[Tarih: 2021-08-18] nsansz Hava Aralar takmlarmz son aamay da baaryla geerek finalist takm olmay baard. Takmlarmza finalde baarlar diliyoruz.,https://www.instagram.com/p/CSulnGDIB8I/
2021-08-18,"[Tarih: 2021-08-18] ""Tarmsal rnlerin Yetitirilmesi lenmesi ve Pazarlanmas Eitimi""mizin 3. Grubunun katlmclar ile organik tarm alanmzda uygulama blmne gei yaptk. Egitimimizin bu blmnde hasatn katlmclarmz ile birlikte yapacamz adaay bitkisinin, egitimin son gnnde uucu yan karma ilemini gerekletireceiz.",https://www.instagram.com/p/CStRsXjI6vV/
2021-08-17,[Tarih: 2021-08-17] PROJE DNGS YNETM ETM 2. GN,https://www.instagram.com/p/CSqsJmioRxE/
2021-08-16,[Tarih: 2021-08-16] pek Yolu Uluslararas ocuk ve Genlik almalar Merkezi Proje Dngs Ynetimi Eitimi sorun analizi ile devam ediyor,https://www.instagram.com/p/CSo7u8wo-yA/
2021-08-16,[Tarih: 2021-08-16] Proje Dngs Ynetimi Atlye almas,https://www.instagram.com/p/CSo2dNeIQpM/
2021-08-16,"[Tarih: 2021-08-16] Elaz-Bingl-Tunceli-Malatya illerinden gelen katlmclarmz ile ""Tarmsal rnlerin Yetitirilmesi lenmesi ve Pazarlanmas Eitimi""miz ilk gnne balad.",https://www.instagram.com/p/CSonZGOI3ez/
2021-08-16,"[Tarih: 2021-08-16] Elaz-Bingl-Tunceli-Malatya illerinden gelen katlmclarmz ile PCM ""Proje Dngs ve Ynetimi Eitimi"" balad.",https://www.instagram.com/p/CSonJqooJNJ/
2021-08-13,[Tarih: 2021-08-13] 16-19 tarihleri arasnda dzenleyeceimiz Tarmsal rnlerin Yetitirilmesi lenmesi ve Pazarlanmas Eitimi katlmc listesi aklanmtr. Eitim tarihinde pek Yolu'nda grmek zere,https://www.instagram.com/p/CSg4bs2or2Y/
2021-08-13,"[Tarih: 2021-08-13] 16-19 Austos tarihleri arasnda dzenleyeceimiz PCM ""Proje Dngs ve Ynetimi Eitimi""mizin katlmc listesi aklanmtr. Eitim tarihinde pek Yolu'nda grmek zere",https://www.instagram.com/p/CSgmKSeI_R8/
2021-08-12,"[Tarih: 2021-08-12] pek Yolu llerindeki Kadn ve Genlerin Aktif Yaama Dahil Edilmesi ve stihdama Katk Projesi kapsamnda dzenlediimiz 4 gn sren ""Tarmsal rnlerin Yetitirilmesi lenmesi ve Pazarlanmas Eitimi"" mizde organik tarm alannda hasatn katlmclarmzn yapt rnlerin uucu yan karma ilemini uygulamal olarak baaryla gerekletirdik.",https://www.instagram.com/p/CSe2MofoT_D/
2021-08-12,"[Tarih: 2021-08-12] Bu hafta iinde iki egitim olarak planladmz PCM (Proje Dngs ve Ynetimi Eitimi) ve ""Tarmsal rnlerin Yetitirilmesi lenmesi ve Pazarlanmas Eitimi""nlerini baaryla tamamlayp katlmclarmza sertifikalarn takdim ettik. Tm katlmclarmza yapacaklar almalarda pek Yolu ailesi olarak baarlar dileriz.",https://www.instagram.com/p/CSer7tuIg1m/
2021-08-12,"[Tarih: 2021-08-12] Frat Kalknma Ajans Genel Sekreteri Sn. Abdulvahap Younlu ve Bilim Sanayi ve Teknoloji Bakanl uzmanlar egitimimizi ve tesisimizi ziyaret ederek, katlmclarmza sertifikalarn verip almalarmz hakknda bilgi aldlar.",https://www.instagram.com/p/CSedys7ogJR/
2021-08-12,[Tarih: 2021-08-12] PCM Eitimi'miz 4. Gnnde gruplarmzn proje sunumu ile devam ediyor.,https://www.instagram.com/p/CSeDF-cITcW/
2021-08-11,[Tarih: 2021-08-11] pekyolu Uluslararas ocuk ve Genlik almalar Merkezinde Tarm eitimleri kapsamnda katlmclarmza budama elikleme alama yntemlerini anlattk.,https://www.instagram.com/p/CSbVOuTo77b/
2021-08-10,[Tarih: 2021-08-10] Organik tarm eitimimiz devam ediyor,https://www.instagram.com/p/CSY7HV0IjLU/
2021-08-10,"[Tarih: 2021-08-10] PCM Eitimimiz 2. Gnnde ""Sorun Analizi"" oturumu ile devam ediyor.",https://www.instagram.com/p/CSYrfEvoYRW/
2021-08-10,"[Tarih: 2021-08-10] ""Tarmsal rnlerin Yetitirilmesi lenmesi ve Pazarlanmas Eitimi""miz 2. Gnnde teorik egitim ile devam ediyor. Egitimin 3. ve 4. Gnnde uygulama blmne gei yapacaz.",https://www.instagram.com/p/CSYqf_ZoNX6/
2021-08-09,[Tarih: 2021-08-09] Proje Dngs Ynetimi Eitimi devam ediyor!,https://www.instagram.com/p/CSWvKUwoJjh/
2021-08-09,"[Tarih: 2021-08-09] Austos ay ierisinde 4 egitim olarak planladmz ""Tarmsal rnlerin Yetitirilmesi lenmesi ve Pazarlanmas Eitimi""miz 2. Grubumuzun katlmyla ilk gnne balad.",https://www.instagram.com/p/CSWfZ8oIzU0/
2021-08-09,"[Tarih: 2021-08-09] Austos ay ierisinde 4 egitim olarak planladmz PCM ""Proje Dngs ve Ynetimi Eitimi""miz 2. Grubumuzun katlmyla ilk gnne balad.",https://www.instagram.com/p/CSWe7v-IM89/
2021-08-07,[Tarih: 2021-08-07] pek Yolu Roket Takmmzn Akademik Danman Frat niversitesi Srekli Eitim Merkezi Mdr Do.Dr lyas SOMUNKIRAN takmmz ziyaret edip almalar hakknda bilgi ald. Akademik destek salayan Frat niversitesine ve akademik danmanmza teekkr ederiz,https://www.instagram.com/p/CSRyLz-obi8/
2021-08-07,[Tarih: 2021-08-07] 9-12 Austos tarihleri arasnda dzenleyeceimiz PCM (Proje Dngs ve Ynetimi Eitimi) mizin katlmc listesi aklanmtr. Egitim tarihinde pek Yolu'nda grmek zere,https://www.instagram.com/p/CSRBFguIied/
2021-08-06,"[Tarih: 2021-08-06] Blgenin en byk ve en kapsaml niversitelerinden biri olan; bilim, sanat, kltr, spor faaliyetlerinin kavak noktas yemyeil kamps ve renci dostu ehrin parlayan yldz Frat niversitesi seni bekliyor.!",https://www.instagram.com/p/CSPfiZ8ourJ/
2021-08-06,"[Tarih: 2021-08-06] ""Tarmsal rnlerin Yetitirilmesi lenmesi ve Pazarlanmas Eitimi"" kapsamnda 9-12 Austos tarihleri arasnda dzenleyeceimiz egitimimizin katlmc listesi aklanmtr. Eitim tarihinde pek Yolu'nda grmek zere",https://www.instagram.com/p/CSOZLsDoIsb/
2021-08-05,"[Tarih: 2021-08-05] ""pek Yolu llerindeki Kadn ve Genlerin Aktif Yaama Dahil Edilmesi ve stihdama Katk Projesi"" kapsamnda dzenlediimiz 4 gnlk PCM ""Proje Dngs ve Ynetimi Eitimi"" mizi baaryla tamamladk. Katlmclarmza yapacaklar almalarda baarlar dileriz.",https://www.instagram.com/p/CSMOXg-ITeN/
2021-08-05,"[Tarih: 2021-08-05] ""Tarmsal rnlerin Yetitirilmesi lenmesi ve Pazarlanmas Eitimi"" kapsamnda dzenlediimiz 4 gnlk uygulamal tarm egitimimizi baaryla tamamlayp, katlmclarmza sertifikalarn takdim ettik. Katlmclarmza tarm alannda yapacaklar almalarda baarlar dileriz.",https://www.instagram.com/p/CSMCDW_oppT/
2021-08-05,[Tarih: 2021-08-05] Organik Tarm Egitimimizin son gnnde katlmclarmz ile birlikte hasatn yaptmz biberiye bitkisinin uucu yan karmay baardk.,https://www.instagram.com/p/CSL7mKPIefA/
2021-08-04,"[Tarih: 2021-08-04] ""pek Yolu llerindeki Kadn ve Genlerin Aktif Yaama Dahil Edilmesi ve stihdama Katk Projesi"" kapsamnda dzenlediimiz PCM ""Proje Dngs ve Ynetimi Eitimi""miz devam etmektedir.",https://www.instagram.com/p/CSKO5SyIfEJ/
2021-08-04,"[Tarih: 2021-08-04] ""pek Yolu llerindeki Kadn ve Genlerin Aktif Yaama Dahil Edilmesi ve stihdama Katk Projesi"" kapsamnda egitimlerimiz devam etmektedir.",https://www.instagram.com/p/CSJ6hoFoAeL/
2021-08-04,"[Tarih: 2021-08-04] Tarm Egitimimizin 3. Gnnde organik tarm alanmzda hasatn katlmclarmz ile birlikte yaptmz biberiye bitkisinin, egitimin son gnnde uucu ya karma ilemine geeceiz.",https://www.instagram.com/p/CSJZvG-oBQN/
2021-08-04,[Tarih: 2021-08-04] Tarm Egitimimizin 3. Gnnde katlmclarmz ile organik tarm alanmzda uygulama blmne gei yaptk.,https://www.instagram.com/p/CSJOFPdI7kn/
2021-08-03,[Tarih: 2021-08-03] Proje Dngs Ynetimi Eitimimiz devam ediyor! letiim ve ortaklk kurma uygulamamz,https://www.instagram.com/p/CSHSvdoobb5/
2021-08-03,[Tarih: 2021-08-03] Proje Dngs Ynetimi eitimimiz atlye almalar ile devam ediyor.,https://www.instagram.com/p/CSGxaIWIa0a/
2021-08-03,"[Tarih: 2021-08-03] PCM Eitimi'miz atlye almasnda katlmclarmzn ""Sorun Analizi"" oturumu ile devam ediyor.",https://www.instagram.com/p/CSGngYyoZ6t/
2021-08-03,[Tarih: 2021-08-03] Tarmsal rnlerin Yetitirilmesi lenmesi ve Pazarlanmas Eitimimiz 2. Gnne teorik eitim ile balad. Egitimimizin 3. ve 4. gnnde uygulama blm ile devam edeceiz.,https://www.instagram.com/p/CSGk3IWosVJ/
2021-08-03,[Tarih: 2021-08-03] PCM Eitimi'mizin 2. Gnne baladk.,https://www.instagram.com/p/CSGkmgbIdhG/
2021-08-02,[Tarih: 2021-08-02] Elaz l zel daresi Genel Sekreter Yardmcmz Sn Murat OKUBAY Teknofeste katlacak olan roket takmmz ziyaret edip almalar hakknda bilgi ald.,https://www.instagram.com/p/CSE-A8PI3RD/
2021-08-02,[Tarih: 2021-08-02] Eitimlerimiz ilk gnnde teorik eitim ile devam ediyor.,https://www.instagram.com/p/CSEygSwobaZ/
2021-08-02,"[Tarih: 2021-08-02] Elaz-Bingl-Tunceli-Malatya illerinden gelen katlmclarmz ile ""Tarmsal rnlerin Yetitirilmesi lenmesi ve Pazarlanmas Eitimi"" mizin ilk gnne baladk.",https://www.instagram.com/p/CSEeHZtI9GW/
2021-08-02,"[Tarih: 2021-08-02] Elaz-Bingl-Tunceli-Malatya illerinden gelen katlmclarmz ile PCM ""Proje Dngs ve Ynetimi Eitimi"" mizin ilk gnne baladk.",https://www.instagram.com/p/CSEd4-wods5/
2021-08-02,[Tarih: 2021-08-02] Elaz Vali Yardmcmz Sn Abdulkerem ABBASOLU Teknofeste katlacak olan roket takmmzn almalarn yerinde inceledi,https://www.instagram.com/p/CSEQrEto0De/
2021-08-01,[Tarih: 2021-08-01] Roketimizin kanatklar montajland,https://www.instagram.com/p/CSCApbToez_/
2021-07-29,[Tarih: 2021-07-29] Teknofeste hazrlanan nsansz Hava Aralar takmmz test uularna devam ediyor,https://www.instagram.com/p/CR6wCuuBWq_/
2021-07-29,"[Tarih: 2021-07-29] 2-5 Agustos tarihleri arasnda dzenleyeceimiz ""Tarmsal rnlerin Yetitirilmesi lenmesi ve Pazarlanmas Eitimi"" mizin katlmclar belirlenmitir. Egitim tarihinde pek Yolu'nda grmek zere",https://www.instagram.com/p/CR5wbD2Bljc/
2021-07-28,"[Tarih: 2021-07-28] 2-5 Austos tarihleri arasnda yapacamz PCM ""Proje Dngs ve Ynetimi Eitimi"" mizin katlmclar belirlenmitir. Eitim tarihinde pek Yolu'nda grmek zere.",https://www.instagram.com/p/CR3FPSVB1ht/
2021-07-27,[Tarih: 2021-07-27] ocuklarmz bugn tarmsal retim srecini rendiler. Tarm alanmzda verimli bir gn geiren ocuklar deneyimsel renme srecini tamamladlar.,https://www.instagram.com/p/CR1U7ZAB8OK/
2021-07-14,"[Tarih: 2021-07-14] Demokrasimizi, vatanmzn birlik ve beraberliini korumak iin ehit ve gazi olan vatandalarmz 15 Temmuz Demokrasi ve Milli Beraberlik Gn'nde rahmetle anyor, gazilerimize kranlarmz sunuyoruz.",https://www.instagram.com/p/CRUpIgRhQ_k/
2021-07-14,[Tarih: 2021-07-14] hazrlklarmz tam gaz devam ediyor,https://www.instagram.com/p/CRUcANEAkGm/
2021-07-14,"[Tarih: 2021-07-14] Sevgili Genler pek Yolu Eitimlerine devam ediyor! TARIMSAL RNLERN YETTRLMES, LENMES VE PAZARLAMA ETM Eitim Konular; 1. Toprak Nedir Ve Toprak Bakm Nasl Yaplr? (Pratik Ve Teorik) 2. Seraclk Nedir Nasl Yaplr? (Pratik Ve Teorik) 3. Bitkilerin reme ekilleri Ve zellikleri Nelerdir? 4. Tohumlama, elikleme Nasl Yaplr? (Pratik Ve Teorik) 5. Hasat Ve Toplama Nasl Yaplr? (Pratik Ve Teorik) 6. Bitkileri leme Yntemleri Nelerdir? 7. Tarmsal rnlerin Pazar Durumu Nedir Ve Pazarlama Yntemleri Nelerdir? Eitim Yeri: pek Yolu Uluslararas ocuk ve Genlik almalar Merkezi/Elaz Eitim Tarihleri: Katlmak istediiniz tarihleri formdan seebilirsiniz. Eitim Sresi: 4 gn Sre: 32 saat Yolculuk: Katlmclarn yolculuk masraflar karlanmamaktadr. Konaklama: Etkinlik kapsamnda konaklama pek Yolu Uluslararas ocuk ve Genlik almalar Merkezinde gerekletirilecektir. Yemekler: Etkinlik kapsamnda sabah kahvalts, le ve akam yemekleri ile kahve aralar kurumumuz tarafndan karlanacaktr. Not: Eitimimiz sadece Elaz, Malatya, Tunceli ve Bingl illerinde yaayan genlerin bavurusuna aktr. Bavuru iin profilde ki linke tklaman yeterli",https://www.instagram.com/p/CRUXiaSA7d8/
2021-07-13,"[Tarih: 2021-07-13] Sevgili Genler pek Yolu Eitimlerine devam ediyor! Proje Dngs ve Ynetimi Eitimi bavurularmz balad. Eitim Yeri: pek Yolu Uluslararas ocuk ve Genlik almalar Merkezi/Elaz Eitim Tarihleri: Katlmak istediiniz tarihleri formdan seebilirsiniz. Eitim Sresi: 4 gn (3 gn teori ve 1 gn uygulama) Sre: 30 saat Yolculuk: Katlmclarn yolculuk masraflar karlanmamaktadr. Konaklama: Etkinlik kapsamnda konaklama pek Yolu Uluslararas ocuk ve Genlik almalar Merkezinde gerekletirilecektir. Yemekler: Etkinlik kapsamnda sabah kahvalts, le ve akam yemekleri ile kahve aralar kurumumuz tarafndan karlanacaktr. Not: Eitimimiz sadece Elaz, Malatya, Tunceli ve Bingl illerinde yaayan genlerin bavurusuna aktr. Eitimi al ekibini kur projeni yaz frsatlardan faydalan ! Bavuru iin profilde ki linke tklaman yeterli",https://www.instagram.com/p/CRR2EBHAATF/
2021-07-13,[Tarih: 2021-07-13] ocuklarmzn geliimine ynelik farkl temalarda eitimlerimiz devam ediyor! Okuluk Futbol Tarm Drone,https://www.instagram.com/p/CRRQT9DAkLo/
2021-07-10,[Tarih: 2021-07-10] kapsamnda dzenlenen Tbitak Liseleraras HA yarmasna hazrlanan pek Yolu Uav Team takmmz HA pistimiz de deneme uularna devam ediyor,https://www.instagram.com/p/CRKDAKNpFrE/
2021-07-09,[Tarih: 2021-07-09] lk stajyerimiz Frat niversitesi rencisi Arif Viyanada! Kendisine baarl ve keyifli bir staj dnemi dileriz.,https://www.instagram.com/p/CRHQ2XqB6Rk/
2021-07-08,"[Tarih: 2021-07-08] Tam Kapanma Tedbirleri gerei ertelemek durumunda kaldmz ""Drone Kullanma Eitimi"" mizin ilk etabn son grubumuzun katlmyla baaryla tamamlayp, katlmclarmza sertifikalarn takdim ettik. Artk onlarda drone uurabiliyorlar.",https://www.instagram.com/p/CREdCP_Bb4W/
2021-07-08,[Tarih: 2021-07-08] Uygulama blmmzden bir kare # flight,https://www.instagram.com/p/CREEprtB_l1/
2021-07-08,[Tarih: 2021-07-08] Drone Kullanma Eitimi 2. gnnde uygulama blm ile devam ediyor.,https://www.instagram.com/p/CRD7tHUBpmd/
2021-07-07,"[Tarih: 2021-07-07] Tam kapanma tedbirleri gerei ertelemek zorunda kaldmz ""Drone Kullanma Eitimi""mize baladk.",https://www.instagram.com/p/CRBUFy6h28X/
2021-07-05,[Tarih: 2021-07-05] pek Yolu Uluslararas ocuk ve Genlik almalar Merkezi,https://www.instagram.com/p/CQ9WDEQhe4w/
2021-07-04,[Tarih: 2021-07-04] Teknofest Hatras,https://www.instagram.com/p/CQ59OkthIil/
2021-07-04,[Tarih: 2021-07-04] dl treni balyor.,https://www.instagram.com/p/CQ57q0KBJ8s/
2021-07-04,[Tarih: 2021-07-04] ooooook hzllar! Saate 150 km yi aan hzlarda gerekleen yarlar ikinci gn daha zorlu ve daha heyecanl!,https://www.instagram.com/p/CQ5qb_GhB6z/
2021-07-04,[Tarih: 2021-07-04] pek Yolunun z ocuklarmz.,https://www.instagram.com/p/CQ5lXyrBfNy/
2021-07-04,[Tarih: 2021-07-04] Takmlar ve yar Heyecan dorukta!,https://www.instagram.com/p/CQ5dAoEBbFi/
2021-07-04,[Tarih: 2021-07-04] ocuklarmz en nde her zaman,https://www.instagram.com/p/CQ5cqhah0Qu/
2021-07-04,[Tarih: 2021-07-04] in en nemli noktalarndan birisi deneyimlemektir. Ekip arkadalarmz pilotlarn gznden yarlara ahit oldular.,https://www.instagram.com/p/CQ5Z9uvhhU3/
2021-07-04,[Tarih: 2021-07-04] Drone ampiyonas son srat devam ediyor!,https://www.instagram.com/p/CQ5W4nABYwU/
2021-07-04,[Tarih: 2021-07-04] Takmlar ikinci gn hazrlklarna balad. Byk final heyecan pek Yolu Uluslararas ocuk ve Genlik almalar Merkezinde,https://www.instagram.com/p/CQ5STPTBVUt/
2021-07-03,[Tarih: 2021-07-03] Teknofest Trkiye Drone ampiyonas,https://www.instagram.com/p/CQ3mAAGBc_7/
2021-07-03,[Tarih: 2021-07-03] tm hzyla devam ediyor,https://www.instagram.com/p/CQ3daMvBNkD/
2021-07-03,[Tarih: 2021-07-03] pek Yolu ve ocuklarmz,https://www.instagram.com/p/CQ3dMbShuvy/
2021-07-03,[Tarih: 2021-07-03] Trkiye Drone ampiyonas,https://www.instagram.com/p/CQ3WRyehWWC/
2021-07-03,[Tarih: 2021-07-03] pek Yolunun z ocuklar,https://www.instagram.com/p/CQ3VTnxBLcg/
2021-07-03,[Tarih: 2021-07-03] Yarlar devam ediyor,https://www.instagram.com/p/CQ3Rhk3hJdt/
2021-07-03,[Tarih: 2021-07-03] Genler alyor Trkiye iin retiyor!,https://www.instagram.com/p/CQ3P_ELhkt6/
2021-07-03,[Tarih: 2021-07-03] pek Yolu Uluslararas ocuk ve Genlik almalar Merkezi minik misafirleri ile Teknofest Drone ampiyonasna ev sahiplii yapyor.,https://www.instagram.com/p/CQ3PvuSh6Qu/
2021-07-03,[Tarih: 2021-07-03] Drone ampiyonas son srat devam ediyor. Saatte 150 km hza kabilen dronlar tm gleri ile yaryorlar.,https://www.instagram.com/p/CQ3MxtIB8Gk/
2021-07-03,[Tarih: 2021-07-03] merkezinde Teknofest balyor!,https://www.instagram.com/p/CQ24ky7hd5B/
2021-07-03,[Tarih: 2021-07-03] Takmlar parkur gezisi ile hazrlklarn srdryorlar.,https://www.instagram.com/p/CQ226IZhleg/
2021-07-03,[Tarih: 2021-07-03] Teknofest Trkiye Drone ampiyonas Elazda balyor!,https://www.instagram.com/p/CQ2z0twBMCt/
2021-07-03,[Tarih: 2021-07-03] Yarmac takmlar alana giri yaptlar.,https://www.instagram.com/p/CQ2uOoJB8HN/
2021-07-03,[Tarih: 2021-07-03] Teknofest Drone Yarlar iin parkurumuz hazr. Yarmac ekipler bekleniyor. Heyecan dorukta!,https://www.instagram.com/p/CQ2rlKAhQEe/
2021-07-02,"[Tarih: 2021-07-02] Okuluk, kkeni insanolunun avclk gnlerine dayanan, oku bir yay araclyla hedefe gndermeyi amalayan spor dal. Eski zamanlarda avlanmak, saldrmak vb. amalarla kullanlyordu. Geleneksel ve modern okuluun bulutuu yer: pek Yolu",https://www.instagram.com/p/CQ1VMTWBKN-/
2021-07-02,[Tarih: 2021-07-02] Parkur hazrlanyor!,https://www.instagram.com/p/CQ1SSkThKK8/
2021-07-02,[Tarih: 2021-07-02] pek Yolu gnllleri ile Teknofest hazrlklarna devam ediyor! 40 kiilik gnll ekibimizle bayraklar kurduk.,https://www.instagram.com/p/CQ1LXtSB8-I/
2021-07-02,[Tarih: 2021-07-02] Gnll ekiplerimiz hazrlklara son gaz devam ediyor. nmzdeki gn pek Yolunda tamamen gnlllerden oluan ekipler ile Teknofest Drone yarlar organize edilecektir.,https://www.instagram.com/p/CQ01FXQBL-A/
2021-07-02,[Tarih: 2021-07-02] Teknofest Drone yarlar bu hafta sonu pek Yolu Uluslararas ocuk ve Genlik almalar Merkezinde. 30 takmn yaraca organizasyonda heyecan dorukta Herkesi bekliyoruz.,https://www.instagram.com/p/CQ0yWKzhpeY/
2021-07-02,[Tarih: 2021-07-02] pek Yolu Uluslararas ocuk ve Genlik almalar Merkezi Teknofest Drone yarlarna hazrlanyor. Hafta sonu herkesi bekliyoruz.,https://www.instagram.com/p/CQ0tkRyhxS_/
2021-07-02,[Tarih: 2021-07-02] Teknofest Drone Yar hazrlklar son gaz devam ediyor! Bu hafta sonu pek Yolu Uluslararas ocuk ve Genlik almalar Merkezi nefesinizi kesecek yarlara ev sahiplii yapacak! Bekliyoruz,https://www.instagram.com/p/CQ0YwJBBP_E/
2021-07-01,"[Tarih: 2021-07-01] ""Tarmsal rnlerin Yetitirilmesi lenmesi ve Pazarlanmas Eitimi"" projemizin ilk etabn 3. grubumuzun tam katlmyla tamamlayarak, katlmclarmza sertifikalarn takdim ettik. Katlmclarmza tarm alannda yapacaklar almalarda baarlar dileriz.",https://www.instagram.com/p/CQyOyf4hmbo/
2021-07-01,"[Tarih: 2021-07-01] Eitimimizin ileme blmnde 12 kg limonotu (melisa) bitkisinden, 200 ml saf melisa ya ve 19 lt. melisa hidrosoln katlmclarmz ile birlikte rettik.",https://www.instagram.com/p/CQyNmWzBXzj/
2021-07-01,"[Tarih: 2021-07-01] Egitimimizin son gnnde hasatn yaptmz, limonotu (melisa) bitkisinin uucu yan karma aamasna gei yaptk.",https://www.instagram.com/p/CQxwN2ThK5T/
2021-06-30,"[Tarih: 2021-06-30] Organik tarm alanmzda hasatn yaptmz sar kantaron bitkisini, maserasyon yntemiyle iledik. 45 gn gne nda bekletip sar kantaron yan elde ettiimiz sreci sizlerle paylayor olacaz.",https://www.instagram.com/p/CQviXjwBDEg/
2021-06-30,"[Tarih: 2021-06-30] Hasatn katlmclarmz ile birlikte yaptmz limonotu (melisa) bitkisini, egitimimizin 3. ve son gnnde uucu yan karacamz ileme blmnde ileyeceiz.",https://www.instagram.com/p/CQvUC8vBMHG/
2021-06-30,"[Tarih: 2021-06-30] Tarm Egitimimizin 3. Grubunun katlmclar ile egitimin 2. gnnde organik tarm alanmzda tbb aromatik bitkileri tanma, tohum alma, doru budama teknikleri vb. uygulamalar yerinde uygulayarak baladk.",https://www.instagram.com/p/CQvQ9UxBuuu/
2021-06-29,"[Tarih: 2021-06-29] ""Tarmsal rnlerin Yetitirilmesi lenmesi ve Pazarlanmas Eitimi"" projemizin ilk etab 3. ve son grubu katlmclarmzn katlm ile ilk gnnde teorik egitim ile balad.",https://www.instagram.com/p/CQskF1lBwcE/
2021-06-28,[Tarih: 2021-06-28] Trkiye Drone ampiyonas 1. Etap Yarmas 3-4 Temmuzda pek Yolunda,https://www.instagram.com/p/CQrEqSwnWF3/
2021-06-25,[Tarih: 2021-06-25] Egitimlerimiz sosyal medya hesaplarmz vastasyla duyuru olarak sizlerle paylalacaktr. Duyurusu yaplan ve bavuru formu alan projelere bavuru yaparak eitimlerimizden yararlanabilirsiniz. Proje bavuru formlar nstagram adresimizin ana sayfasndan link olarak paylalacaktr.,https://www.instagram.com/p/CQimJz1B-07/
2021-06-24,"[Tarih: 2021-06-24] ""Tarmsal rnlerin Yetitirilmesi lenmesi ve Pazarlanmas Eitimi"" projemizin 2. Grubumuzun egitimini ilk gn teorik eitim, ikinci gn organik tarm alanmzda hasat yapma, dogru budama teknikleri, tohum alma vb. uygulamalar, nc ve son gnnde hasatn katlmclarmzn yapt tbbi nane bitkisinin uucu yan karma ilemi yaplarak 3 gnlk egitimimizi baaryla tamamlayp, egitim sonunda katlmclarmza sertifikalarn takdim ettik. Katlmclarmza tarm alannda yapacaklar almalarda baarlar dileriz.",https://www.instagram.com/p/CQgRuomhvwq/
2021-06-24,"[Tarih: 2021-06-24] Katlmclarmz eitimin, 2. Gnnde hasatn yaptklar tbbi nane bitkisini, eitimin 3. ve son gnnde uucu yan karma ilemini baaryla tamamlad. leme blmnde 8 kg tbb nane bitkisinden 240 ml saf nane ya ve 25 lt nane hidrosol elde edildi.",https://www.instagram.com/p/CQgEV9RBvAH/
2021-06-24,[Tarih: 2021-06-24] Uygulama blmzden kareler,https://www.instagram.com/p/CQf_aX2BbW3/
2021-06-24,"[Tarih: 2021-06-24] Tarm Egitimimizin son gnnde katlmclarmz ile distilasyon makinemizde uucu ya karma, ileme blmne gei yaptk.",https://www.instagram.com/p/CQf9P5xBwVP/
2021-06-23,[Tarih: 2021-06-23] Katlmclarmz tbbi nane bitkisinin hasadn yapmaya balad. Yarn ki eitimimizde hasad yaplan rnn uucu ya retimine geeceiz.,https://www.instagram.com/p/CQdWaABBL_G/
2021-06-23,"[Tarih: 2021-06-23] Tarm Egitimimizin, 2. Grubunun katlmclar ile organik tarm alanmzda uygulama blmne gei yaptk. Uygulama blmmzde tohum alma, doru budama teknikleri, hasat yapma teknikleri, tbb aromatik bitkileri tanma vb. uygulamalar katlmclarmza yerinde retiyor ve uygulatyoruz.",https://www.instagram.com/p/CQdKYFOhX1J/
2021-06-23,"[Tarih: 2021-06-23] Egitimlerimiz sosyal medya hesaplarmz vastasyla duyuru olarak sizlerle paylalacaktr. Duyurusu yaplan ve bavuru formu alan projelere bavuru yaparak eitimlerimizden yararlanabilir, Instagram adresimizi takipte kalarak duyurulardan haberdar olabilirsiniz. Eitimlerimizin bavuru formlar nstagram adresimizden link olarak sizlerle paylalacaktr.",https://www.instagram.com/p/CQc3y3bBSQf/
2021-06-22,"[Tarih: 2021-06-22] Egitimlerimiz sosyal medya hesaplarmz vastasyla duyuru olarak sizlerle paylalacaktr. Duyurusu yaplan ve bavuru formu alan projelere bavuru yaparak eitimlerimizden yararlanabilir, Instagram adresimizi takipte kalarak duyurulardan haberdar olabilirsiniz.",https://www.instagram.com/p/CQbQLUuhEOT/
2021-06-22,[Tarih: 2021-06-22] Projelerimiz iin retmeye ve gelitirmeye devam ediyoruz.,https://www.instagram.com/p/CQbOWh1Bex5/
2021-06-22,"[Tarih: 2021-06-22] ""Tarmsal rnlerin Yetitirilmesi lenmesi ve Pazarlanmas Eitimi"" projemiz 2. Grubumuzun katlmyla ilk gnnde teorik eitim ile balad.",https://www.instagram.com/p/CQayrhYhYcL/
2021-06-19,"[Tarih: 2021-06-19] ""Tarmsal rnlerin Yetitirilmesi lenmesi ve Pazarlanmas Eitimi"" kapsamnda 3 grup halinde planladmz eitimlerimizi 1. Grubumuzun katlmyla ilk gn teorik eitim, ikinci gn organik tarm alanmzda budama, tohum alma, hasat yapma faaliyetleri ve nc ve son gnnde hasat yaplan rnlerin ilenmesi ve yan karma ilemlerini baaryla tamamlayp, katlmclarmza sertifikalarn vererek ilk grubumuzun eitimini tamamladk. Katlmclarmza tarm alannda yapacaklar almalarda baarlar dileriz.",https://www.instagram.com/p/CQUDa81BQXv/
2021-06-19,[Tarih: 2021-06-19] Egitimimizin son gnndeki retim uygulamasnda 10 kg lavanta bitkisinden 300 ml saf lavanta ya ve 20 lt lavanta hidrosol elde ettik. Elde edilen bu rnler ile tesisimiz ierisinde ki konaklama alanlarmzn sabun ve ampuan ihtiyac karlanacaktr.,https://www.instagram.com/p/CQTNXgiB3jr/
2021-06-19,[Tarih: 2021-06-19] lk grubumuz ilk tarm egitimimizde distilasyon makinemizle ilk rn aldlar.,https://www.instagram.com/p/CQTB3uGBMBb/
2021-06-19,"[Tarih: 2021-06-19] Egitimimizin son gnnde distilasyon makinemizde, hasatn katlmclarmz ile yaptmz lavanta bitkisinden uucu ya karma ilemine gei yaptk.",https://www.instagram.com/p/CQS5F58hofc/
2021-06-19,[Tarih: 2021-06-19] Elaz Genlik ve Spor l Mdrlmz ile pek Yolu ibirliinde genlerimiz Okuluk dalnda Trkiye ampiyonasna Merkezimizde hazrlanyor.,https://www.instagram.com/p/CQS1CxfBkNE/
2021-06-17,[Tarih: 2021-06-17] Roket yarmasnda ikinci aama olan Kritik Tasarm raporunuda baarl bir ekilde geen roket takmmza baarlar diliyoruz,https://www.instagram.com/p/CQOKEd9hWpO/
2021-06-17,[Tarih: 2021-06-17] Katlmclarmz ile hasatn yaptmz tbb aromatik bitkilerin ileme aamasna gei yaptk.,https://www.instagram.com/p/CQOEJc2hM1m/
2021-06-17,[Tarih: 2021-06-17] Eitimimiz son hzyla devam ediyor.,https://www.instagram.com/p/CQNwGURhqF-/
2021-06-17,"[Tarih: 2021-06-17] Eitimimizin 2. Gnnde organik tarm alanmzda uygulama blmne gei yaptk. Katlmclarmz tbbi aromatik bitkilerimizi tanyarak hasat yapma, doru budama teknikleri, tohum alma vb. uygulamalar yerinde reniyor ve uyguluyor.",https://www.instagram.com/p/CQNsRbVhDqZ/
2021-06-16,"[Tarih: 2021-06-16] ""Tarmsal rnlerin Yetitirilmesi lenmesi ve Pazarlanmas Eitimi"" miz 1. grubumuzun katlmyla balad.",https://www.instagram.com/p/CQLPy3QhdCj/
2021-06-15,[Tarih: 2021-06-15] Faaliyetler kapsamnda 2.5 kmlik bisiklet sr parkurumuz hazr. Eitimlere ya da faaliyetlerimize katlacak olan renciler bisikletle sr yapabileceklerdir.,https://www.instagram.com/p/CQIjU-VBEpI/
2021-06-10,"[Tarih: 2021-06-10] Pandemi dolaysyla ertelenen ""Tarmsal rnlerin Yetitirilmesi, lenmesi ve Pazarlanmas"" Eitimlerimiz Balyor... 3. Grup katlmc listemiz ve eitim tarihlerimizi paylayoruz. Eitimde te grmek zere",https://www.instagram.com/p/CP8LDcuhiNo/
2021-06-10,"[Tarih: 2021-06-10] Pandemi dolaysyla ertelenen ""Tarmsal rnlerin Yetitirilmesi, lenmesi ve Pazarlanmas"" Eitimlerimiz Balyor... 2. Grup katlmc listemiz ve eitim tarihlerimizi paylayoruz. Eitimde tarihinde te grmek zere...",https://www.instagram.com/p/CP8K8HTBhJa/
2021-06-10,"[Tarih: 2021-06-10] Pandemi dolaysyla ertelenen ""Tarmsal rnlerin Yetitirilmesi, lenmesi ve Pazarlanmas"" Eitimlerimiz Balyor... 1. Grup katlmc listemiz ve eitim tarihlerimizi paylayoruz. Eitimde te grmek zere...",https://www.instagram.com/p/CP8KDoehMba/
2021-06-07,[Tarih: 2021-06-07] lk ylmzda 3 takmmzla 3 kategori de Teknofest 2021 e gidiyoruz,https://www.instagram.com/p/CP0weM3B_-0/
2021-06-05,"[Tarih: 2021-06-05] 5 Haziran Dnya evre Gnnde pek Yolunda 45 eit 9000 aa, 40 bin bitki eitliliiyle yemyeil ve temiz doa iin alyoruz.",https://www.instagram.com/p/CPvCP7DhtE-/
2021-05-26,[Tarih: 2021-05-26] Egitimimizin 3. Gn proje sunumlar ile tamamland.,https://www.instagram.com/p/CPWHGTEhY5j/
2021-05-25,[Tarih: 2021-05-25] Egitimimizin 2. Gn atlye almas ile devam ediyor.,https://www.instagram.com/p/CPSh8aehTOS/
2021-05-25,"[Tarih: 2021-05-25] ""Frat niversitesi Teknoloji AR-GE ve Giriimcilik Topluluu"" rencilerimizin katlmyla 2. Gne baladk.",https://www.instagram.com/p/CPSb5BOhFcd/
2021-05-24,"[Tarih: 2021-05-24] Frat niversitesi, Elaz l zel daresi ve Frat Kalknma Ajans i birliinde Frat niversitemizdeki grenci kulplerine ynelik tematik eitimler balad. lk kulbmz "" Frat niversitesi Teknoloji AR-GE ve Giriimcilik grenci Topluluu "" PCM ( Proje Dngs ve Ynetimi Eitimi ) ile balad.",https://www.instagram.com/p/CPQE0pchBkm/
2021-04-21,[Tarih: 2021-04-21] Roket Takmmz ok ksa bir srede kurulmasna ramen baarl bir ekilde n Tasarm Raporunu gemitir. Takmda yer alan tm ekip arkadalarmz tebrik ediyor ve baarlar diliyoruz.,https://www.instagram.com/p/CN8OcfjhX6D/
2021-04-13,"[Tarih: 2021-04-13] Ramazan aynn tm insanla salk, mutluluk, huzur getirmesini dileriz.",https://www.instagram.com/p/CNmN4jjhoXQ/
2021-04-12,"[Tarih: 2021-04-12] FAALYET SRES: Ksa Dnem: 36 Gn YERLER: Braga/Portekiz Portimao/Portekiz TARHLER: Haziran 2021 - Austos 2021 Yukardaki tarihler arasnda proje faaliyetler 32 gn srecektir. Net tarihler covid nedeniyle paylalamamaktadr. FAALYET DETAYLARI: 1. Bu kuruluun sosyal engelleri, eitim glkleri, kltrel farkllklar veya benzerleri olan genlere uygun ek mentorluk veya baka destekleri vardr. 2. Daha az frsata sahip genlerin entegrasyonunu kolaylatrmak iin, bu durumda olan her gnllye elik edecek uzman bir eitmenimiz olacak. Yine de psikolojik seviyeyi gzlemleyebilecekleri, sohbet edebilecekleri ve yardm alabilecekleri, tm sreci kolaylatracak zel ve kiiselletirilmi bir izleme var. NOT: Projemizde COVID19 nedeniyle AB lkelerinde oturma izni olan ve ifte vatadalk sahibi kiilere ncelik tannacaktr. Eer byle bir durumunuz var ise ltfen bavuru mailinizde bundan bahsedeniz. BAVURU USUL: silkroadyouth741.com adresine Europass zgemi ve motivasyon mektubunuzu gndermeniz yeterlidir. Ltfen sadece Europass formatnda zgemi gnderiniz. Eer ifte vatandalk ya da oturma izniniz var ise bu durumu bavuru mailinizde mutlaka belirtiniz. pek Yolu genler iin her yerde! Portekizde bile!!!",https://www.instagram.com/p/CNlC9X6BArf/
2021-04-12,[Tarih: 2021-04-12] Kavramsal Tasarm Rapor sonularnn aklanmasyla birlikte ilk aamay baarl bir ekilde geen nsansz Hava Aralar takmlarmz tebrik ederiz.,https://www.instagram.com/p/CNkx47YhUcr/
2021-04-09,[Tarih: 2021-04-09] renci topluluunun projesi olan iftlik hayvanlarnn kzgnlk takibinin yaplabilmesi iin gelitirilen rnn prototip retimi gerekletirildi.,https://www.instagram.com/p/CNdPn7WhEer/
2021-04-09,[Tarih: 2021-04-09] Drone Kullanma Eitiminin 2. Grubu ilk gn teorik ikinci gn uygulama ile geen iki gnlk eitimi baaryla tamamlayp sertifikalarn aldlar. Artk onlarda drone uurabiliyorlar.,https://www.instagram.com/p/CNdKKpsha3j/
2021-04-09,[Tarih: 2021-04-09] Drone Kullanma Eitimi 2. Grubumuz ile uygulama blmnden kareler,https://www.instagram.com/p/CNdJQNABnyh/
2021-04-08,[Tarih: 2021-04-08] Drone Kullanma Eitimimizden bir kare,https://www.instagram.com/p/CNanQ1Jh8AW/
2021-04-08,[Tarih: 2021-04-08] Drone Kullanma Eitimi 2. Grubumuz ile uygulama blmnden kesitler.,https://www.instagram.com/p/CNaggl7ht4_/
2021-04-08,[Tarih: 2021-04-08] Bugn pek Yolu minikleriyle ok renklendi,https://www.instagram.com/p/CNafVRchUfQ/
2021-04-07,[Tarih: 2021-04-07] Drone Kullanma Eitimi 2. Grubumuz ile egitimimizin ilk gnn tamamladk.,https://www.instagram.com/p/CNXeKKQBlYS/
2021-04-07,[Tarih: 2021-04-07] Egitimimizde farkl renme metotlarnada yer veriyoruz.,https://www.instagram.com/p/CNXPqGdhypV/
2021-04-07,[Tarih: 2021-04-07] Trkiye ve Avrupa'nn En Byk ocuk ve Genlik almalar Merkezinden kareler,https://www.instagram.com/p/CNXChwShzKh/
2021-04-07,[Tarih: 2021-04-07] Drone Kullanma Eitimi 2. Grubumuz eitiminin ilk gnne teorik egitim ile devam ediyor. Teorik eitim sonras 2. Gn uygulamal egitime geeceiz.,https://www.instagram.com/p/CNW_tYBBFP_/
2021-04-03,[Tarih: 2021-04-03] Teknofeste katlacak olan roket takmmzn retecei roketin burun konisinin prototip retim almalarna baland,https://www.instagram.com/p/CNM59R5hyCz/
2021-03-31,"[Tarih: 2021-03-31] Frat niversitesinde almalarn srdren ve uluslararas elektrikli formula yarmasna hazrlanan ekibinin Planet dili, direksiyon, fren, sspansiyon sisteminde kullanlacak olan paralarn prototiplerini 3D yazclarmzn 220 saatlik almasyla tamamladk.",https://www.instagram.com/p/CNFnpkmhWuB/
2021-03-30,[Tarih: 2021-03-30] Tasarmn var ama prototipleme imkann m yok ? Elazn ve blgemizin en byk 3D prototipleme merkezinin pek Yolunda olduunu sylesek ? O zaman tm prototiplerin iin seni Giriimci Kuluka Merkezimize bekliyoruz,https://www.instagram.com/p/CNDCc46BavZ/
2021-03-26,[Tarih: 2021-03-26] Roket takmmz n Tasarm Raporunu Teknofeste teslim etti.,https://www.instagram.com/p/CM372h_hoKp/
2021-03-24,[Tarih: 2021-03-24] Organik Tarm ve Seraclk Eitimi Hakknda,https://www.instagram.com/p/CM0F50chKV7/
2021-03-18,[Tarih: 2021-03-18] 18 Mart anakkale Zaferinin yl dnmnde kahraman ehitlerimizi ve gazilerimizi saygyla anyoruz,https://www.instagram.com/p/CMjNFZThpVp/
2021-03-15,[Tarih: 2021-03-15] pek Yolu Roket Takmmza TEKNOFESTte baarlar diliyoruz.,https://www.instagram.com/p/CMb18aXBK5N/
2021-03-15,[Tarih: 2021-03-15] pek Yolu nsansz Hava Aralar takmlarmza TEKNOFESTte baarlar diliyoruz,https://www.instagram.com/p/CMbsRbVhprA/
2021-03-10,[Tarih: 2021-03-10] Drone Kullanma Egitimi 1. Grubumuz egitimi tamamlayp sertifikalarn aldlar. Artk drone uurabiliyorlar. pek Yolu ile hayallere bir adm daha yaknsnz,https://www.instagram.com/p/CMPdUpoHfUL/
2021-03-10,[Tarih: 2021-03-10] Drone Kullanma Egitimi 1. Grubumuz uygulama blm ile devam ediyor..,https://www.instagram.com/p/CMPEo0MBIrb/
2021-03-10,[Tarih: 2021-03-10] Drone Kullanma Eitimi 1. Grubumuz ile uygulama blmne getik.,https://www.instagram.com/p/CMO4_FtBdrX/
2021-03-09,[Tarih: 2021-03-09] Eitimimiz Son Hzyla Devam Ediyor..,https://www.instagram.com/p/CMMvUWDhcSu/
2021-03-09,[Tarih: 2021-03-09] Drone Kullanma Eitimi 1. Grubumuz katlmclarmz ile balad.,https://www.instagram.com/p/CMMf7qIh4Ah/
2021-03-06,"[Tarih: 2021-03-06] Sevgili Genler pek Yolu Eitimlerine kademeli olarak (pandemi kstlamalar gerei) devam ediyor. Sradaki Eitim Tarmsal rnlerin Yetitirilmesi, lenmesi ve Pazarlanmas Eitimi pek Yolu ile frsatlardan faydalan ! Son Bavuru Tarihi: 17.03.2021 Bavuru iin profilde ki linke tklaman yeterli",https://www.instagram.com/p/CMFhZ5sB67b/
2021-03-06,[Tarih: 2021-03-06] Sevgili Genler HA'lar retmek sizden pistiniz pek Yolundan :),https://www.instagram.com/p/CMFfJ22hiYe/
2021-03-04,"[Tarih: 2021-03-04] Bitliste meydana gelen askeri helikopter kazasnda hayatn kaybeden 9 ehidimize Allahtan rahmet, ailelerine basal, yarallarmza acil ifalar diliyoruz.",https://www.instagram.com/p/CMAjCBahQLS/
2021-03-04,[Tarih: 2021-03-04] Elaz l zel daresi Genel Sekreteri Sn. Ali i ve Genel Sekreter Yardmcs Sn. Murat Okubay Proje Dngs ve Ynetimi eitimimizi ziyaret ederek katlmclarmzn hazrladklar projeler hakknda bilgi aldlar.,https://www.instagram.com/p/CL_zWxMByCx/
2021-03-04,[Tarih: 2021-03-04] Elaz Vali Yardmcmz Sayn Kerem Abbasolu egitimimizi ziyaret edip katlmclarmzn hazrladklar projeleri inceleyip bilgi aldlar.,https://www.instagram.com/p/CL_ypH4BdIh/
2021-03-04,[Tarih: 2021-03-04] Katlmclarmz gruplar halinde projelerini yazmaya devam ediyorlar.,https://www.instagram.com/p/CL_cMRQBBKg/
2021-03-03,[Tarih: 2021-03-03] 20-21 Mart tarihlerinde dzenlenecek olan Drone Kullanma Eitimi katlmclar belirlendi. Seilen kiiler ile en ksa srede iletiime geilecektir.,https://www.instagram.com/p/CL90iuchtFz/
2021-03-03,[Tarih: 2021-03-03] 18-19 Mart tarihlerinde dzenlenecek olan Drone Kullanma Eitimi katlmclar belirlendi. Seilen kiiler ile en ksa srede iletiime geilecektir.,https://www.instagram.com/p/CL90gAiBqqa/
2021-03-03,[Tarih: 2021-03-03] 16-17 Mart tarihlerinde dzenlenecek olan Drone Kullanma Eitimi katlmclar belirlendi. Seilen kiiler ile en ksa srede iletiime geilecektir.,https://www.instagram.com/p/CL90b5VhI4_/
2021-03-03,[Tarih: 2021-03-03] 9-10 Mart tarihlerinde dzenlenecek olan Drone Kullanma Eitimi katlmclar belirlendi. Seilen kiiler ile en ksa srede iletiime geilecektir.,https://www.instagram.com/p/CL90O-8BJmd/
2021-03-03,[Tarih: 2021-03-03] Katlmclarmz gerekli eitimleri aldktan sonra kendi fikirlerini oluturarak projelerini yazmaya balad..,https://www.instagram.com/p/CL9W4z3hyto/
2021-03-03,"[Tarih: 2021-03-03] AB Fonlar, Erasmus+ ve Genlik Frsatlar Bilgilendirmesi Oturumu Yapyoruz..",https://www.instagram.com/p/CL82nRNh14S/
2021-03-02,[Tarih: 2021-03-02] Katlmclarmz kendi fikirleri ile adm adm projelerini oluturmaya devam ediyorlar.,https://www.instagram.com/p/CL7HKDChMKZ/
2021-03-02,[Tarih: 2021-03-02] Proje Dngs ve Ynetimi Eitimi (PCM) 2. Gn ile Devam Ediyor..,https://www.instagram.com/p/CL6lQpYhmt1/
2021-03-01,[Tarih: 2021-03-01] Proje Dngs Ynetimi eitiminin ilk gnnden geriye kalanlar..,https://www.instagram.com/p/CL4QE6Bhfdd/
2021-02-22,[Tarih: 2021-02-22] Sevgili Genler pek Yolu Eitimlerine kademeli olarak (pandemi kstlamalar gerei) devam ediyor. Sradaki Eitim Drone Pilotluu Eitimi pek Yolu ile frsatlardan faydalan ! Bavuru iin profilde ki linke tklaman yeterli h,https://www.instagram.com/p/CLmZh_rhs5N/
2021-02-22,[Tarih: 2021-02-22] 1-2-3-4 Mart tarihlerinde dzenlenecek olan Proje Yazma Eitimi katlmclar belirlenmitir. Seilen kiiler ile en ksa srede iletiime geilecektir.,https://www.instagram.com/p/CLmCYXfhDSY/
2021-02-19,[Tarih: 2021-02-19] Tgva Elazn Talebelerini ve Ailelerini Merkezimizde misafir ettik,https://www.instagram.com/p/CLelpXuhFBg/
2021-02-14,"[Tarih: 2021-02-14] Hain terr rgt PKK tarafndan ehit edilen 13 vatandamza Allahtan rahmet, kederli ailelerine basal dileriz.",https://www.instagram.com/p/CLRmJNFBwwr/
2021-02-08,[Tarih: 2021-02-08] Sevgili Genler pek Yolu Eitimlerine kademeli olarak (pandemi kstlamalar gerei) balyor. lk Eitim Proje Dngs ve Ynetimi Eitimi Eitimi al ekibini kur projeni yaz frsatlardan faydalan ! Bavuru iin profilde ki linke tklaman yeterli,https://www.instagram.com/p/CLCJvcwhyz8/
2021-02-06,[Tarih: 2021-02-06] Merkezimizin al Cumhurbakanmz Sn. tarafndan gerekletirildi.,https://www.instagram.com/p/CK9BZVmBtIX/
2021-01-05,[Tarih: 2021-01-05] ok yaknda balyoruz. Bavurular iin takipte kaln genler,https://www.instagram.com/p/CJrJZgrB78a/
2020-05-25,"[Tarih: 2020-05-25] Frat Kalknma Ajans tarafndan desteklenen ,Elaz Valilii l zel daredi tarafndan yrtlen Tarm l Mdrl ile pek ocuk ve Genlik Vakf ortaklndaki ""Covid-19 Salgnna Kar Mobil Etkileim ve Tarmsal Altyap Desteinin Salanmas Projesi"" kapsamnda retilen yerli sebze fideleri",https://www.instagram.com/p/CAnhbm_jUc9/
2020-05-15,"[Tarih: 2020-05-15] Frat Kalknma Ajans ve Tarm l Mdrl destei, l zel dare ortaklnda tarmsal retime destek olmak iin rettiimiz fideleri vatandalarmzla buluturuyoruz. Yerli tohumun zenginlii ve nemi artyor. Gururluyuz...",https://www.instagram.com/p/CAOE7T0jYsk/
2020-05-13,"[Tarih: 2020-05-13] Cumhurbakanmz Sn. Recep Tayyip Erdoann balatt projesi kapsamnda, Elaz'da konteyner kentte yaayan ocuklarmz merkezimizde arlayarak tarmsal ve sportif etkinliklerde ocuklarmz ile bir araya geldik. Sizinle vakit geirmek ok gzeldi, yine bekliyoruz",https://www.instagram.com/p/CAJHamSg7Ca/
2020-05-09,[Tarih: 2020-05-09] 2 milyon fideyi vatandalarmza ulatrmak iin almalara devam ediyoruz,https://www.instagram.com/p/B_-zP4AjuC9/
2020-05-02,[Tarih: 2020-05-02] Elaz Valilii l zel dare ile Tarm ve Orman l Mdrl ortaklnda pek Yolu ocuk ve Genlik Vakf koordinesinde evde kalan vatandalarmza ulatrmak zere dikimine baladk,https://www.instagram.com/p/B_ru0kZj0xV/
2020-05-02,"[Tarih: 2020-05-02] Kamu alanlarmz iin 6000 adet siper retimini tamamladk Elaz Valilii l zel dare ,Genlik ve Spor l Mdrl ve Milli Eitim Mdrl ortaklnda",https://www.instagram.com/p/B_rO8rKjgMm/
2020-04-18,[Tarih: 2020-04-18] Trkiye ve Avrupa'nn en byk ocuk ve genlik almalar merkezi,https://www.instagram.com/p/B_HIpANjMzq/
2020-04-11,"[Tarih: 2020-04-11] Elaz Vali Yardmcs Sayn Abdulkerem Abbasolu, pekyolu Uluslararas ocuk ve Genlik almalar Merkezimizi ziyaret ederek organik tarm ve hayvanclk alannda incelemelerde bulundu.",https://www.instagram.com/p/B-1zzrdDeRK/
2020-04-07,[Tarih: 2020-04-07] Berat Kandiliniz Mbarek Olsun,https://www.instagram.com/p/B-sWNFDjlCP/
2020-03-11,[Tarih: 2020-03-11] Elaz Keban ilesinde bulunan Atatrk lkokulunda 2.eitimimizi tamamladk Teekkrler,https://www.instagram.com/p/B9mG9kUHEK9/
2020-03-08,[Tarih: 2020-03-08] Elazn Keban lesinde bulunan Atatrk lkokulunda 2 gnlk robotik ve kodlama eitimini tamamladk. Gittiimiz her yerde parlayan gzleri grdke midimiz daha da artyor,https://www.instagram.com/p/B9eIenJHKcj/
2020-03-06,[Tarih: 2020-03-06] Elaz Ziya Gkalp lkokulunda 2 gnlk robotik ve kodlama eitimimizi tamamladk.,https://www.instagram.com/p/B9ZMr9hHGlI/
2020-03-06,[Tarih: 2020-03-06] Elaz me lkokulunda 2 gnlk robotik ve kodlama eitimimizi tamamladk.,https://www.instagram.com/p/B9ZJn9-n9L_/
2020-03-06,[Tarih: 2020-03-06] Elaz Aksaray Mahallesinde gerekletirdiimiz robotik ve kodlama eitimini baaryla tamamladk. Onlar bizim geleceimizin tasarlayclar,https://www.instagram.com/p/B9ZELOgnx9d/
2020-03-06,[Tarih: 2020-03-06] Elaz Devlet Hastanesinde depremzede ailelerimizin ocuklarna 4 gn boyunca robotik ve kodlama eitimi verdik Ayn zamanda Yarn Tasarlayanlar Projemizin amacn yerel basna anlattk,https://www.instagram.com/p/B9ZBtTxHKLr/
2019-07-23,"[Tarih: 2019-07-23] Projemizde ok byk destei ve her aamasnda emei olan Ak Parti Genel Bakan Yardmcs ve Konya Milletvekili Leyla ahin Usta, AK Parti Elaz Milletvekili Sermin Balk, Elaz Belediye Bakan ahin erifoullar ve beraberindeki Heyet ile genlik merkezimizde incelemelerde bulunduk. Eitim alan rencilerimiz ile sohbet edip yaptklar projeler hakknda bilgiler aldk. Az kald geliyoruz",https://www.instagram.com/p/B0RwTpFHy9T/
2019-06-27,"[Tarih: 2019-06-27] Yarn Tasarlayanlar Projesi Kapsamnda, 2. grubumuzun da eitimini tamamladk. Yarn, hayalini ertelemeyenler tasarlayacak",https://www.instagram.com/p/BzOQCfaHII6/
2019-06-24,[Tarih: 2019-06-24] Yarn Tasarlayalar Projesi kapsamnda 2. grubun eitimine bugn baladk.,https://www.instagram.com/p/BzGg6AaH4gM/
2019-06-23,[Tarih: 2019-06-23] Yarn Tasarlayanlar Projesi kapsamnda dzenlediimiz 4 gnlk eitimin sonunda eitime katlanlara katlm belgelerini verdik. Eitime katlan tm katlmclara teekkr ediyoruz. Yeni projelerde ve eitimlerde grmek zere,https://www.instagram.com/p/BzEEsx_nn95/
2019-06-21,[Tarih: 2019-06-21] GPDP 2018-2 kapsamnda Yarn Tasarlayanlar Projesi Kapsamnda Kodlama ve Robotik Eitimlerimiz Elaz da balad. 2. Gnn ardndan.,https://www.instagram.com/p/By-5uIGHUw6/
2019-06-08,"[Tarih: 2019-06-08] Genlik Projeleri Destekleme Program 2018-2 kapsamnda Genlik ve Spor Bakanl tarafndan desteklenen pekyolu Uluslararas ocuk ve Genlik almalar Merkezi ""Yarn Tasarlayanlar"" Projesi kapsamnda cretsiz olarak Robotik ve Kodlama Eitimleri dzenliyoruz. ""Yarn Tasarlayanlar Projesi"" 20-23 Haziran 2019 tarihleri arasnda yaplacak olan Kodlama ve Robotik eitimine bavuru balad. Eitime bavuru tarihleri en son 17 Haziran'a kadar srecek, Projede yer almak isteyenler iin bavuru artlar linkimizde bulunmaktadr. Link Profiledir.",https://www.instagram.com/p/BydokFDHMyr/
2019-06-03,"[Tarih: 2019-06-03] Bolluk ve bereketin zirveye ulat btn bir toplum olarak kaynama ve dayanma gn olan bayrama ulamann sevincini yaamaktayz. Bu vesileyle, tm slam dnyasnn Ramazan Bayramn kutluyor, bayramn lkemize, ve tm insanla bar ve huzur getirmesini diliyoruz.",https://www.instagram.com/p/ByQIPj0nw4d/
